INFO 2025-07-07 17:35:01,895 autoreload Watching for file changes with StatReloader
INFO 2025-07-07 17:37:22,221 autoreload Watching for file changes with StatReloader
INFO 2025-07-07 17:37:33,309 basehttp "GET /library/document/1/ HTTP/1.1" 200 24120
INFO 2025-07-07 17:37:34,468 basehttp "GET /library/document/1/page/0/?zoom=1 HTTP/1.1" 200 1062047
INFO 2025-07-07 17:37:35,625 basehttp "GET /library/ HTTP/1.1" 200 14356
INFO 2025-07-07 17:37:38,205 basehttp "GET /library/document/1/ HTTP/1.1" 200 24120
INFO 2025-07-07 17:37:38,958 basehttp "GET /library/document/1/page/0/?zoom=1 HTTP/1.1" 200 1062047
INFO 2025-07-07 17:39:00,003 basehttp "GET /library/document/1/ HTTP/1.1" 200 24120
INFO 2025-07-07 17:39:00,808 basehttp "GET /library/document/1/page/0/?zoom=1 HTTP/1.1" 200 1062047
INFO 2025-07-07 17:39:01,744 views Extracting hadiths from document 1
INFO 2025-07-07 17:39:01,970 hadith_processor Extracting text from PDF file
INFO 2025-07-07 17:39:01,970 hadith_processor Starting PDF extraction with OCR: False
INFO 2025-07-07 17:39:01,970 hadith_processor File type: <class 'django.db.models.fields.files.FieldFile'>
INFO 2025-07-07 17:39:02,117 hadith_processor Attempting standard text extraction...
INFO 2025-07-07 17:39:02,171 hadith_processor Attempting PyPDF2 text extraction
INFO 2025-07-07 17:39:02,341 hadith_processor PDF has 179 pages
WARNING 2025-07-07 17:39:02,392 hadith_processor No text found on page 1
WARNING 2025-07-07 17:39:02,393 hadith_processor No text found on page 2
WARNING 2025-07-07 17:39:02,393 hadith_processor No text found on page 3
WARNING 2025-07-07 17:39:02,394 hadith_processor No text found on page 4
WARNING 2025-07-07 17:39:02,395 hadith_processor No text found on page 5
WARNING 2025-07-07 17:39:02,395 hadith_processor No text found on page 6
WARNING 2025-07-07 17:39:02,396 hadith_processor No text found on page 7
WARNING 2025-07-07 17:39:02,396 hadith_processor No text found on page 8
WARNING 2025-07-07 17:39:02,397 hadith_processor No text found on page 9
WARNING 2025-07-07 17:39:02,398 hadith_processor No text found on page 10
WARNING 2025-07-07 17:39:02,399 hadith_processor No text found on page 11
WARNING 2025-07-07 17:39:02,399 hadith_processor No text found on page 12
WARNING 2025-07-07 17:39:02,400 hadith_processor No text found on page 13
WARNING 2025-07-07 17:39:02,400 hadith_processor No text found on page 14
WARNING 2025-07-07 17:39:02,401 hadith_processor No text found on page 15
WARNING 2025-07-07 17:39:02,402 hadith_processor No text found on page 16
WARNING 2025-07-07 17:39:02,402 hadith_processor No text found on page 17
WARNING 2025-07-07 17:39:02,403 hadith_processor No text found on page 18
WARNING 2025-07-07 17:39:02,404 hadith_processor No text found on page 19
WARNING 2025-07-07 17:39:02,405 hadith_processor No text found on page 20
WARNING 2025-07-07 17:39:02,405 hadith_processor No text found on page 21
WARNING 2025-07-07 17:39:02,406 hadith_processor No text found on page 22
WARNING 2025-07-07 17:39:02,406 hadith_processor No text found on page 23
WARNING 2025-07-07 17:39:02,407 hadith_processor No text found on page 24
WARNING 2025-07-07 17:39:02,408 hadith_processor No text found on page 25
WARNING 2025-07-07 17:39:02,408 hadith_processor No text found on page 26
WARNING 2025-07-07 17:39:02,409 hadith_processor No text found on page 27
WARNING 2025-07-07 17:39:02,410 hadith_processor No text found on page 28
WARNING 2025-07-07 17:39:02,410 hadith_processor No text found on page 29
WARNING 2025-07-07 17:39:02,411 hadith_processor No text found on page 30
WARNING 2025-07-07 17:39:02,412 hadith_processor No text found on page 31
WARNING 2025-07-07 17:39:02,413 hadith_processor No text found on page 32
WARNING 2025-07-07 17:39:02,413 hadith_processor No text found on page 33
WARNING 2025-07-07 17:39:02,415 hadith_processor No text found on page 34
WARNING 2025-07-07 17:39:02,416 hadith_processor No text found on page 35
WARNING 2025-07-07 17:39:02,416 hadith_processor No text found on page 36
WARNING 2025-07-07 17:39:02,417 hadith_processor No text found on page 37
WARNING 2025-07-07 17:39:02,418 hadith_processor No text found on page 38
WARNING 2025-07-07 17:39:02,419 hadith_processor No text found on page 39
WARNING 2025-07-07 17:39:02,420 hadith_processor No text found on page 40
WARNING 2025-07-07 17:39:02,421 hadith_processor No text found on page 41
WARNING 2025-07-07 17:39:02,422 hadith_processor No text found on page 42
WARNING 2025-07-07 17:39:02,423 hadith_processor No text found on page 43
WARNING 2025-07-07 17:39:02,425 hadith_processor No text found on page 44
WARNING 2025-07-07 17:39:02,426 hadith_processor No text found on page 45
WARNING 2025-07-07 17:39:02,427 hadith_processor No text found on page 46
WARNING 2025-07-07 17:39:02,429 hadith_processor No text found on page 47
WARNING 2025-07-07 17:39:02,430 hadith_processor No text found on page 48
WARNING 2025-07-07 17:39:02,431 hadith_processor No text found on page 49
WARNING 2025-07-07 17:39:02,432 hadith_processor No text found on page 50
WARNING 2025-07-07 17:39:02,433 hadith_processor No text found on page 51
WARNING 2025-07-07 17:39:02,434 hadith_processor No text found on page 52
WARNING 2025-07-07 17:39:02,434 hadith_processor No text found on page 53
WARNING 2025-07-07 17:39:02,435 hadith_processor No text found on page 54
WARNING 2025-07-07 17:39:02,436 hadith_processor No text found on page 55
WARNING 2025-07-07 17:39:02,437 hadith_processor No text found on page 56
WARNING 2025-07-07 17:39:02,438 hadith_processor No text found on page 57
WARNING 2025-07-07 17:39:02,439 hadith_processor No text found on page 58
WARNING 2025-07-07 17:39:02,440 hadith_processor No text found on page 59
WARNING 2025-07-07 17:39:02,441 hadith_processor No text found on page 60
WARNING 2025-07-07 17:39:02,442 hadith_processor No text found on page 61
WARNING 2025-07-07 17:39:02,443 hadith_processor No text found on page 62
WARNING 2025-07-07 17:39:02,444 hadith_processor No text found on page 63
WARNING 2025-07-07 17:39:02,444 hadith_processor No text found on page 64
WARNING 2025-07-07 17:39:02,445 hadith_processor No text found on page 65
WARNING 2025-07-07 17:39:02,446 hadith_processor No text found on page 66
WARNING 2025-07-07 17:39:02,446 hadith_processor No text found on page 67
WARNING 2025-07-07 17:39:02,448 hadith_processor No text found on page 68
WARNING 2025-07-07 17:39:02,449 hadith_processor No text found on page 69
WARNING 2025-07-07 17:39:02,450 hadith_processor No text found on page 70
WARNING 2025-07-07 17:39:02,451 hadith_processor No text found on page 71
WARNING 2025-07-07 17:39:02,452 hadith_processor No text found on page 72
WARNING 2025-07-07 17:39:02,452 hadith_processor No text found on page 73
WARNING 2025-07-07 17:39:02,453 hadith_processor No text found on page 74
WARNING 2025-07-07 17:39:02,454 hadith_processor No text found on page 75
WARNING 2025-07-07 17:39:02,455 hadith_processor No text found on page 76
WARNING 2025-07-07 17:39:02,455 hadith_processor No text found on page 77
WARNING 2025-07-07 17:39:02,456 hadith_processor No text found on page 78
WARNING 2025-07-07 17:39:02,456 hadith_processor No text found on page 79
WARNING 2025-07-07 17:39:02,457 hadith_processor No text found on page 80
WARNING 2025-07-07 17:39:02,458 hadith_processor No text found on page 81
WARNING 2025-07-07 17:39:02,459 hadith_processor No text found on page 82
WARNING 2025-07-07 17:39:02,459 hadith_processor No text found on page 83
WARNING 2025-07-07 17:39:02,460 hadith_processor No text found on page 84
WARNING 2025-07-07 17:39:02,460 hadith_processor No text found on page 85
WARNING 2025-07-07 17:39:02,461 hadith_processor No text found on page 86
WARNING 2025-07-07 17:39:02,462 hadith_processor No text found on page 87
WARNING 2025-07-07 17:39:02,462 hadith_processor No text found on page 88
WARNING 2025-07-07 17:39:02,463 hadith_processor No text found on page 89
WARNING 2025-07-07 17:39:02,463 hadith_processor No text found on page 90
WARNING 2025-07-07 17:39:02,464 hadith_processor No text found on page 91
WARNING 2025-07-07 17:39:02,465 hadith_processor No text found on page 92
WARNING 2025-07-07 17:39:02,466 hadith_processor No text found on page 93
WARNING 2025-07-07 17:39:02,466 hadith_processor No text found on page 94
WARNING 2025-07-07 17:39:02,467 hadith_processor No text found on page 95
WARNING 2025-07-07 17:39:02,467 hadith_processor No text found on page 96
WARNING 2025-07-07 17:39:02,468 hadith_processor No text found on page 97
WARNING 2025-07-07 17:39:02,469 hadith_processor No text found on page 98
WARNING 2025-07-07 17:39:02,470 hadith_processor No text found on page 99
WARNING 2025-07-07 17:39:02,471 hadith_processor No text found on page 100
WARNING 2025-07-07 17:39:02,472 hadith_processor No text found on page 101
WARNING 2025-07-07 17:39:02,473 hadith_processor No text found on page 102
WARNING 2025-07-07 17:39:02,475 hadith_processor No text found on page 103
WARNING 2025-07-07 17:39:02,476 hadith_processor No text found on page 104
WARNING 2025-07-07 17:39:02,477 hadith_processor No text found on page 105
WARNING 2025-07-07 17:39:02,482 hadith_processor No text found on page 106
WARNING 2025-07-07 17:39:02,483 hadith_processor No text found on page 107
WARNING 2025-07-07 17:39:02,484 hadith_processor No text found on page 108
WARNING 2025-07-07 17:39:02,485 hadith_processor No text found on page 109
WARNING 2025-07-07 17:39:02,486 hadith_processor No text found on page 110
WARNING 2025-07-07 17:39:02,487 hadith_processor No text found on page 111
WARNING 2025-07-07 17:39:02,488 hadith_processor No text found on page 112
WARNING 2025-07-07 17:39:02,488 hadith_processor No text found on page 113
WARNING 2025-07-07 17:39:02,489 hadith_processor No text found on page 114
WARNING 2025-07-07 17:39:02,490 hadith_processor No text found on page 115
WARNING 2025-07-07 17:39:02,491 hadith_processor No text found on page 116
WARNING 2025-07-07 17:39:02,492 hadith_processor No text found on page 117
WARNING 2025-07-07 17:39:02,493 hadith_processor No text found on page 118
WARNING 2025-07-07 17:39:02,494 hadith_processor No text found on page 119
WARNING 2025-07-07 17:39:02,495 hadith_processor No text found on page 120
WARNING 2025-07-07 17:39:02,496 hadith_processor No text found on page 121
WARNING 2025-07-07 17:39:02,497 hadith_processor No text found on page 122
WARNING 2025-07-07 17:39:02,498 hadith_processor No text found on page 123
WARNING 2025-07-07 17:39:02,499 hadith_processor No text found on page 124
WARNING 2025-07-07 17:39:02,499 hadith_processor No text found on page 125
WARNING 2025-07-07 17:39:02,500 hadith_processor No text found on page 126
WARNING 2025-07-07 17:39:02,501 hadith_processor No text found on page 127
WARNING 2025-07-07 17:39:02,502 hadith_processor No text found on page 128
WARNING 2025-07-07 17:39:02,503 hadith_processor No text found on page 129
WARNING 2025-07-07 17:39:02,503 hadith_processor No text found on page 130
WARNING 2025-07-07 17:39:02,504 hadith_processor No text found on page 131
WARNING 2025-07-07 17:39:02,505 hadith_processor No text found on page 132
WARNING 2025-07-07 17:39:02,506 hadith_processor No text found on page 133
WARNING 2025-07-07 17:39:02,507 hadith_processor No text found on page 134
WARNING 2025-07-07 17:39:02,508 hadith_processor No text found on page 135
WARNING 2025-07-07 17:39:02,509 hadith_processor No text found on page 136
WARNING 2025-07-07 17:39:02,510 hadith_processor No text found on page 137
WARNING 2025-07-07 17:39:02,510 hadith_processor No text found on page 138
WARNING 2025-07-07 17:39:02,511 hadith_processor No text found on page 139
WARNING 2025-07-07 17:39:02,512 hadith_processor No text found on page 140
WARNING 2025-07-07 17:39:02,513 hadith_processor No text found on page 141
WARNING 2025-07-07 17:39:02,514 hadith_processor No text found on page 142
WARNING 2025-07-07 17:39:02,515 hadith_processor No text found on page 143
WARNING 2025-07-07 17:39:02,516 hadith_processor No text found on page 144
WARNING 2025-07-07 17:39:02,517 hadith_processor No text found on page 145
WARNING 2025-07-07 17:39:02,518 hadith_processor No text found on page 146
WARNING 2025-07-07 17:39:02,518 hadith_processor No text found on page 147
WARNING 2025-07-07 17:39:02,519 hadith_processor No text found on page 148
WARNING 2025-07-07 17:39:02,520 hadith_processor No text found on page 149
WARNING 2025-07-07 17:39:02,520 hadith_processor No text found on page 150
WARNING 2025-07-07 17:39:02,521 hadith_processor No text found on page 151
WARNING 2025-07-07 17:39:02,522 hadith_processor No text found on page 152
WARNING 2025-07-07 17:39:02,523 hadith_processor No text found on page 153
WARNING 2025-07-07 17:39:02,524 hadith_processor No text found on page 154
WARNING 2025-07-07 17:39:02,525 hadith_processor No text found on page 155
WARNING 2025-07-07 17:39:02,525 hadith_processor No text found on page 156
WARNING 2025-07-07 17:39:02,527 hadith_processor No text found on page 157
WARNING 2025-07-07 17:39:02,528 hadith_processor No text found on page 158
WARNING 2025-07-07 17:39:02,529 hadith_processor No text found on page 159
WARNING 2025-07-07 17:39:02,530 hadith_processor No text found on page 160
WARNING 2025-07-07 17:39:02,531 hadith_processor No text found on page 161
WARNING 2025-07-07 17:39:02,532 hadith_processor No text found on page 162
WARNING 2025-07-07 17:39:02,532 hadith_processor No text found on page 163
WARNING 2025-07-07 17:39:02,533 hadith_processor No text found on page 164
WARNING 2025-07-07 17:39:02,533 hadith_processor No text found on page 165
WARNING 2025-07-07 17:39:02,534 hadith_processor No text found on page 166
WARNING 2025-07-07 17:39:02,535 hadith_processor No text found on page 167
WARNING 2025-07-07 17:39:02,535 hadith_processor No text found on page 168
WARNING 2025-07-07 17:39:02,536 hadith_processor No text found on page 169
WARNING 2025-07-07 17:39:02,536 hadith_processor No text found on page 170
WARNING 2025-07-07 17:39:02,536 hadith_processor No text found on page 171
WARNING 2025-07-07 17:39:02,537 hadith_processor No text found on page 172
WARNING 2025-07-07 17:39:02,537 hadith_processor No text found on page 173
WARNING 2025-07-07 17:39:02,538 hadith_processor No text found on page 174
WARNING 2025-07-07 17:39:02,539 hadith_processor No text found on page 175
WARNING 2025-07-07 17:39:02,539 hadith_processor No text found on page 176
WARNING 2025-07-07 17:39:02,540 hadith_processor No text found on page 177
WARNING 2025-07-07 17:39:02,540 hadith_processor No text found on page 178
WARNING 2025-07-07 17:39:02,541 hadith_processor No text found on page 179
WARNING 2025-07-07 17:39:02,541 hadith_processor PyPDF2 extraction returned no text
WARNING 2025-07-07 17:39:02,541 hadith_processor No text found with standard extraction, falling back to OCR...
INFO 2025-07-07 17:39:02,541 hadith_processor Starting OCR processing...
INFO 2025-07-07 17:39:02,541 hadith_processor Starting OCR processing
INFO 2025-07-07 17:39:03,026 hadith_processor Converting PDF to images: C:\Users\T\AppData\Local\Temp\tmp2qak3l84.pdf
ERROR 2025-07-07 17:39:03,032 hadith_processor Error converting PDF to images: Unable to get page count. Is poppler installed and in PATH?
Traceback (most recent call last):
  File "C:\Users\T\AppData\Roaming\Python\Python313\site-packages\pdf2image\pdf2image.py", line 581, in pdfinfo_from_path
    proc = Popen(command, env=env, stdout=PIPE, stderr=PIPE)
  File "C:\Python313\Lib\subprocess.py", line 1039, in __init__
    self._execute_child(args, executable, preexec_fn, close_fds,
    ~~~~~~~~~~~~~~~~~~~^^^^^^^^^^^^^^^^^^^^^^^^^^^^^^^^^^^^^^^^^
                        pass_fds, cwd, env,
                        ^^^^^^^^^^^^^^^^^^^
    ...<5 lines>...
                        gid, gids, uid, umask,
                        ^^^^^^^^^^^^^^^^^^^^^^
                        start_new_session, process_group)
                        ^^^^^^^^^^^^^^^^^^^^^^^^^^^^^^^^^
  File "C:\Python313\Lib\subprocess.py", line 1554, in _execute_child
    hp, ht, pid, tid = _winapi.CreateProcess(executable, args,
                       ~~~~~~~~~~~~~~~~~~~~~^^^^^^^^^^^^^^^^^^
                             # no special security
                             ^^^^^^^^^^^^^^^^^^^^^
    ...<4 lines>...
                             cwd,
                             ^^^^
                             startupinfo)
                             ^^^^^^^^^^^^
FileNotFoundError: [WinError 2] The system cannot find the file specified

During handling of the above exception, another exception occurred:

Traceback (most recent call last):
  File "D:\sanad system\sanad_system\library\hadith_processor.py", line 113, in extract_with_ocr
    images = convert_from_path(pdf_path, dpi=300)
  File "C:\Users\T\AppData\Roaming\Python\Python313\site-packages\pdf2image\pdf2image.py", line 127, in convert_from_path
    page_count = pdfinfo_from_path(
                 ~~~~~~~~~~~~~~~~~^
        pdf_path, userpw, ownerpw, poppler_path=poppler_path
        ^^^^^^^^^^^^^^^^^^^^^^^^^^^^^^^^^^^^^^^^^^^^^^^^^^^^
    )["Pages"]
    ^
  File "C:\Users\T\AppData\Roaming\Python\Python313\site-packages\pdf2image\pdf2image.py", line 607, in pdfinfo_from_path
    raise PDFInfoNotInstalledError(
        "Unable to get page count. Is poppler installed and in PATH?"
    )
pdf2image.exceptions.PDFInfoNotInstalledError: Unable to get page count. Is poppler installed and in PATH?
ERROR 2025-07-07 17:39:03,041 hadith_processor OCR processing failed: Failed to convert PDF to images: Unable to get page count. Is poppler installed and in PATH?
Traceback (most recent call last):
  File "C:\Users\T\AppData\Roaming\Python\Python313\site-packages\pdf2image\pdf2image.py", line 581, in pdfinfo_from_path
    proc = Popen(command, env=env, stdout=PIPE, stderr=PIPE)
  File "C:\Python313\Lib\subprocess.py", line 1039, in __init__
    self._execute_child(args, executable, preexec_fn, close_fds,
    ~~~~~~~~~~~~~~~~~~~^^^^^^^^^^^^^^^^^^^^^^^^^^^^^^^^^^^^^^^^^
                        pass_fds, cwd, env,
                        ^^^^^^^^^^^^^^^^^^^
    ...<5 lines>...
                        gid, gids, uid, umask,
                        ^^^^^^^^^^^^^^^^^^^^^^
                        start_new_session, process_group)
                        ^^^^^^^^^^^^^^^^^^^^^^^^^^^^^^^^^
  File "C:\Python313\Lib\subprocess.py", line 1554, in _execute_child
    hp, ht, pid, tid = _winapi.CreateProcess(executable, args,
                       ~~~~~~~~~~~~~~~~~~~~~^^^^^^^^^^^^^^^^^^
                             # no special security
                             ^^^^^^^^^^^^^^^^^^^^^
    ...<4 lines>...
                             cwd,
                             ^^^^
                             startupinfo)
                             ^^^^^^^^^^^^
FileNotFoundError: [WinError 2] The system cannot find the file specified

During handling of the above exception, another exception occurred:

Traceback (most recent call last):
  File "D:\sanad system\sanad_system\library\hadith_processor.py", line 113, in extract_with_ocr
    images = convert_from_path(pdf_path, dpi=300)
  File "C:\Users\T\AppData\Roaming\Python\Python313\site-packages\pdf2image\pdf2image.py", line 127, in convert_from_path
    page_count = pdfinfo_from_path(
                 ~~~~~~~~~~~~~~~~~^
        pdf_path, userpw, ownerpw, poppler_path=poppler_path
        ^^^^^^^^^^^^^^^^^^^^^^^^^^^^^^^^^^^^^^^^^^^^^^^^^^^^
    )["Pages"]
    ^
  File "C:\Users\T\AppData\Roaming\Python\Python313\site-packages\pdf2image\pdf2image.py", line 607, in pdfinfo_from_path
    raise PDFInfoNotInstalledError(
        "Unable to get page count. Is poppler installed and in PATH?"
    )
pdf2image.exceptions.PDFInfoNotInstalledError: Unable to get page count. Is poppler installed and in PATH?

During handling of the above exception, another exception occurred:

Traceback (most recent call last):
  File "D:\sanad system\sanad_system\library\hadith_processor.py", line 117, in extract_with_ocr
    raise Exception(f"Failed to convert PDF to images: {str(e)}")
Exception: Failed to convert PDF to images: Unable to get page count. Is poppler installed and in PATH?
DEBUG 2025-07-07 17:39:03,049 hadith_processor Cleaned up temporary file
WARNING 2025-07-07 17:39:03,049 hadith_processor Error in standard extraction: Failed to extract text from PDF: OCR processing failed: Failed to convert PDF to images: Unable to get page count. Is poppler installed and in PATH?, trying with OCR...
INFO 2025-07-07 17:39:03,050 hadith_processor Starting PDF extraction with OCR: True
INFO 2025-07-07 17:39:03,050 hadith_processor File type: <class 'django.db.models.fields.files.FieldFile'>
INFO 2025-07-07 17:39:03,059 hadith_processor Starting OCR processing...
INFO 2025-07-07 17:39:03,059 hadith_processor Starting OCR processing
INFO 2025-07-07 17:39:03,207 hadith_processor Converting PDF to images: C:\Users\T\AppData\Local\Temp\tmp8p_536qs.pdf
ERROR 2025-07-07 17:39:03,211 hadith_processor Error converting PDF to images: Unable to get page count. Is poppler installed and in PATH?
Traceback (most recent call last):
  File "C:\Users\T\AppData\Roaming\Python\Python313\site-packages\pdf2image\pdf2image.py", line 581, in pdfinfo_from_path
    proc = Popen(command, env=env, stdout=PIPE, stderr=PIPE)
  File "C:\Python313\Lib\subprocess.py", line 1039, in __init__
    self._execute_child(args, executable, preexec_fn, close_fds,
    ~~~~~~~~~~~~~~~~~~~^^^^^^^^^^^^^^^^^^^^^^^^^^^^^^^^^^^^^^^^^
                        pass_fds, cwd, env,
                        ^^^^^^^^^^^^^^^^^^^
    ...<5 lines>...
                        gid, gids, uid, umask,
                        ^^^^^^^^^^^^^^^^^^^^^^
                        start_new_session, process_group)
                        ^^^^^^^^^^^^^^^^^^^^^^^^^^^^^^^^^
  File "C:\Python313\Lib\subprocess.py", line 1554, in _execute_child
    hp, ht, pid, tid = _winapi.CreateProcess(executable, args,
                       ~~~~~~~~~~~~~~~~~~~~~^^^^^^^^^^^^^^^^^^
                             # no special security
                             ^^^^^^^^^^^^^^^^^^^^^
    ...<4 lines>...
                             cwd,
                             ^^^^
                             startupinfo)
                             ^^^^^^^^^^^^
FileNotFoundError: [WinError 2] The system cannot find the file specified

During handling of the above exception, another exception occurred:

Traceback (most recent call last):
  File "D:\sanad system\sanad_system\library\hadith_processor.py", line 113, in extract_with_ocr
    images = convert_from_path(pdf_path, dpi=300)
  File "C:\Users\T\AppData\Roaming\Python\Python313\site-packages\pdf2image\pdf2image.py", line 127, in convert_from_path
    page_count = pdfinfo_from_path(
                 ~~~~~~~~~~~~~~~~~^
        pdf_path, userpw, ownerpw, poppler_path=poppler_path
        ^^^^^^^^^^^^^^^^^^^^^^^^^^^^^^^^^^^^^^^^^^^^^^^^^^^^
    )["Pages"]
    ^
  File "C:\Users\T\AppData\Roaming\Python\Python313\site-packages\pdf2image\pdf2image.py", line 607, in pdfinfo_from_path
    raise PDFInfoNotInstalledError(
        "Unable to get page count. Is poppler installed and in PATH?"
    )
pdf2image.exceptions.PDFInfoNotInstalledError: Unable to get page count. Is poppler installed and in PATH?

During handling of the above exception, another exception occurred:

Traceback (most recent call last):
  File "D:\sanad system\sanad_system\library\hadith_processor.py", line 117, in extract_with_ocr
    raise Exception(f"Failed to convert PDF to images: {str(e)}")
Exception: Failed to convert PDF to images: Unable to get page count. Is poppler installed and in PATH?

During handling of the above exception, another exception occurred:

Traceback (most recent call last):
  File "D:\sanad system\sanad_system\library\hadith_processor.py", line 179, in extract_text_from_pdf
    text = extract_with_ocr(file_path)
  File "D:\sanad system\sanad_system\library\hadith_processor.py", line 159, in extract_with_ocr
    raise Exception(f"OCR processing failed: {str(e)}")
Exception: OCR processing failed: Failed to convert PDF to images: Unable to get page count. Is poppler installed and in PATH?

During handling of the above exception, another exception occurred:

Traceback (most recent call last):
  File "D:\sanad system\sanad_system\library\hadith_processor.py", line 304, in process_document
    text = extract_text_from_pdf(file, use_ocr=False)
  File "D:\sanad system\sanad_system\library\hadith_processor.py", line 199, in extract_text_from_pdf
    raise Exception(_(error_msg))
Exception: Failed to extract text from PDF: OCR processing failed: Failed to convert PDF to images: Unable to get page count. Is poppler installed and in PATH?

During handling of the above exception, another exception occurred:

Traceback (most recent call last):
  File "C:\Users\T\AppData\Roaming\Python\Python313\site-packages\pdf2image\pdf2image.py", line 581, in pdfinfo_from_path
    proc = Popen(command, env=env, stdout=PIPE, stderr=PIPE)
  File "C:\Python313\Lib\subprocess.py", line 1039, in __init__
    self._execute_child(args, executable, preexec_fn, close_fds,
    ~~~~~~~~~~~~~~~~~~~^^^^^^^^^^^^^^^^^^^^^^^^^^^^^^^^^^^^^^^^^
                        pass_fds, cwd, env,
                        ^^^^^^^^^^^^^^^^^^^
    ...<5 lines>...
                        gid, gids, uid, umask,
                        ^^^^^^^^^^^^^^^^^^^^^^
                        start_new_session, process_group)
                        ^^^^^^^^^^^^^^^^^^^^^^^^^^^^^^^^^
  File "C:\Python313\Lib\subprocess.py", line 1554, in _execute_child
    hp, ht, pid, tid = _winapi.CreateProcess(executable, args,
                       ~~~~~~~~~~~~~~~~~~~~~^^^^^^^^^^^^^^^^^^
                             # no special security
                             ^^^^^^^^^^^^^^^^^^^^^
    ...<4 lines>...
                             cwd,
                             ^^^^
                             startupinfo)
                             ^^^^^^^^^^^^
FileNotFoundError: [WinError 2] The system cannot find the file specified

During handling of the above exception, another exception occurred:

Traceback (most recent call last):
  File "D:\sanad system\sanad_system\library\hadith_processor.py", line 113, in extract_with_ocr
    images = convert_from_path(pdf_path, dpi=300)
  File "C:\Users\T\AppData\Roaming\Python\Python313\site-packages\pdf2image\pdf2image.py", line 127, in convert_from_path
    page_count = pdfinfo_from_path(
                 ~~~~~~~~~~~~~~~~~^
        pdf_path, userpw, ownerpw, poppler_path=poppler_path
        ^^^^^^^^^^^^^^^^^^^^^^^^^^^^^^^^^^^^^^^^^^^^^^^^^^^^
    )["Pages"]
    ^
  File "C:\Users\T\AppData\Roaming\Python\Python313\site-packages\pdf2image\pdf2image.py", line 607, in pdfinfo_from_path
    raise PDFInfoNotInstalledError(
        "Unable to get page count. Is poppler installed and in PATH?"
    )
pdf2image.exceptions.PDFInfoNotInstalledError: Unable to get page count. Is poppler installed and in PATH?
ERROR 2025-07-07 17:39:03,220 hadith_processor OCR processing failed: Failed to convert PDF to images: Unable to get page count. Is poppler installed and in PATH?
Traceback (most recent call last):
  File "C:\Users\T\AppData\Roaming\Python\Python313\site-packages\pdf2image\pdf2image.py", line 581, in pdfinfo_from_path
    proc = Popen(command, env=env, stdout=PIPE, stderr=PIPE)
  File "C:\Python313\Lib\subprocess.py", line 1039, in __init__
    self._execute_child(args, executable, preexec_fn, close_fds,
    ~~~~~~~~~~~~~~~~~~~^^^^^^^^^^^^^^^^^^^^^^^^^^^^^^^^^^^^^^^^^
                        pass_fds, cwd, env,
                        ^^^^^^^^^^^^^^^^^^^
    ...<5 lines>...
                        gid, gids, uid, umask,
                        ^^^^^^^^^^^^^^^^^^^^^^
                        start_new_session, process_group)
                        ^^^^^^^^^^^^^^^^^^^^^^^^^^^^^^^^^
  File "C:\Python313\Lib\subprocess.py", line 1554, in _execute_child
    hp, ht, pid, tid = _winapi.CreateProcess(executable, args,
                       ~~~~~~~~~~~~~~~~~~~~~^^^^^^^^^^^^^^^^^^
                             # no special security
                             ^^^^^^^^^^^^^^^^^^^^^
    ...<4 lines>...
                             cwd,
                             ^^^^
                             startupinfo)
                             ^^^^^^^^^^^^
FileNotFoundError: [WinError 2] The system cannot find the file specified

During handling of the above exception, another exception occurred:

Traceback (most recent call last):
  File "D:\sanad system\sanad_system\library\hadith_processor.py", line 113, in extract_with_ocr
    images = convert_from_path(pdf_path, dpi=300)
  File "C:\Users\T\AppData\Roaming\Python\Python313\site-packages\pdf2image\pdf2image.py", line 127, in convert_from_path
    page_count = pdfinfo_from_path(
                 ~~~~~~~~~~~~~~~~~^
        pdf_path, userpw, ownerpw, poppler_path=poppler_path
        ^^^^^^^^^^^^^^^^^^^^^^^^^^^^^^^^^^^^^^^^^^^^^^^^^^^^
    )["Pages"]
    ^
  File "C:\Users\T\AppData\Roaming\Python\Python313\site-packages\pdf2image\pdf2image.py", line 607, in pdfinfo_from_path
    raise PDFInfoNotInstalledError(
        "Unable to get page count. Is poppler installed and in PATH?"
    )
pdf2image.exceptions.PDFInfoNotInstalledError: Unable to get page count. Is poppler installed and in PATH?

During handling of the above exception, another exception occurred:

Traceback (most recent call last):
  File "D:\sanad system\sanad_system\library\hadith_processor.py", line 117, in extract_with_ocr
    raise Exception(f"Failed to convert PDF to images: {str(e)}")
Exception: Failed to convert PDF to images: Unable to get page count. Is poppler installed and in PATH?

During handling of the above exception, another exception occurred:

Traceback (most recent call last):
  File "D:\sanad system\sanad_system\library\hadith_processor.py", line 179, in extract_text_from_pdf
    text = extract_with_ocr(file_path)
  File "D:\sanad system\sanad_system\library\hadith_processor.py", line 159, in extract_with_ocr
    raise Exception(f"OCR processing failed: {str(e)}")
Exception: OCR processing failed: Failed to convert PDF to images: Unable to get page count. Is poppler installed and in PATH?

During handling of the above exception, another exception occurred:

Traceback (most recent call last):
  File "D:\sanad system\sanad_system\library\hadith_processor.py", line 304, in process_document
    text = extract_text_from_pdf(file, use_ocr=False)
  File "D:\sanad system\sanad_system\library\hadith_processor.py", line 199, in extract_text_from_pdf
    raise Exception(_(error_msg))
Exception: Failed to extract text from PDF: OCR processing failed: Failed to convert PDF to images: Unable to get page count. Is poppler installed and in PATH?

During handling of the above exception, another exception occurred:

Traceback (most recent call last):
  File "C:\Users\T\AppData\Roaming\Python\Python313\site-packages\pdf2image\pdf2image.py", line 581, in pdfinfo_from_path
    proc = Popen(command, env=env, stdout=PIPE, stderr=PIPE)
  File "C:\Python313\Lib\subprocess.py", line 1039, in __init__
    self._execute_child(args, executable, preexec_fn, close_fds,
    ~~~~~~~~~~~~~~~~~~~^^^^^^^^^^^^^^^^^^^^^^^^^^^^^^^^^^^^^^^^^
                        pass_fds, cwd, env,
                        ^^^^^^^^^^^^^^^^^^^
    ...<5 lines>...
                        gid, gids, uid, umask,
                        ^^^^^^^^^^^^^^^^^^^^^^
                        start_new_session, process_group)
                        ^^^^^^^^^^^^^^^^^^^^^^^^^^^^^^^^^
  File "C:\Python313\Lib\subprocess.py", line 1554, in _execute_child
    hp, ht, pid, tid = _winapi.CreateProcess(executable, args,
                       ~~~~~~~~~~~~~~~~~~~~~^^^^^^^^^^^^^^^^^^
                             # no special security
                             ^^^^^^^^^^^^^^^^^^^^^
    ...<4 lines>...
                             cwd,
                             ^^^^
                             startupinfo)
                             ^^^^^^^^^^^^
FileNotFoundError: [WinError 2] The system cannot find the file specified

During handling of the above exception, another exception occurred:

Traceback (most recent call last):
  File "D:\sanad system\sanad_system\library\hadith_processor.py", line 113, in extract_with_ocr
    images = convert_from_path(pdf_path, dpi=300)
  File "C:\Users\T\AppData\Roaming\Python\Python313\site-packages\pdf2image\pdf2image.py", line 127, in convert_from_path
    page_count = pdfinfo_from_path(
                 ~~~~~~~~~~~~~~~~~^
        pdf_path, userpw, ownerpw, poppler_path=poppler_path
        ^^^^^^^^^^^^^^^^^^^^^^^^^^^^^^^^^^^^^^^^^^^^^^^^^^^^
    )["Pages"]
    ^
  File "C:\Users\T\AppData\Roaming\Python\Python313\site-packages\pdf2image\pdf2image.py", line 607, in pdfinfo_from_path
    raise PDFInfoNotInstalledError(
        "Unable to get page count. Is poppler installed and in PATH?"
    )
pdf2image.exceptions.PDFInfoNotInstalledError: Unable to get page count. Is poppler installed and in PATH?

During handling of the above exception, another exception occurred:

Traceback (most recent call last):
  File "D:\sanad system\sanad_system\library\hadith_processor.py", line 117, in extract_with_ocr
    raise Exception(f"Failed to convert PDF to images: {str(e)}")
Exception: Failed to convert PDF to images: Unable to get page count. Is poppler installed and in PATH?
DEBUG 2025-07-07 17:39:03,236 hadith_processor Cleaned up temporary file
ERROR 2025-07-07 17:39:03,236 hadith_processor Error extracting text from document: Failed to extract text from PDF: OCR processing failed: Failed to convert PDF to images: Unable to get page count. Is poppler installed and in PATH?
Traceback (most recent call last):
  File "C:\Users\T\AppData\Roaming\Python\Python313\site-packages\pdf2image\pdf2image.py", line 581, in pdfinfo_from_path
    proc = Popen(command, env=env, stdout=PIPE, stderr=PIPE)
  File "C:\Python313\Lib\subprocess.py", line 1039, in __init__
    self._execute_child(args, executable, preexec_fn, close_fds,
    ~~~~~~~~~~~~~~~~~~~^^^^^^^^^^^^^^^^^^^^^^^^^^^^^^^^^^^^^^^^^
                        pass_fds, cwd, env,
                        ^^^^^^^^^^^^^^^^^^^
    ...<5 lines>...
                        gid, gids, uid, umask,
                        ^^^^^^^^^^^^^^^^^^^^^^
                        start_new_session, process_group)
                        ^^^^^^^^^^^^^^^^^^^^^^^^^^^^^^^^^
  File "C:\Python313\Lib\subprocess.py", line 1554, in _execute_child
    hp, ht, pid, tid = _winapi.CreateProcess(executable, args,
                       ~~~~~~~~~~~~~~~~~~~~~^^^^^^^^^^^^^^^^^^
                             # no special security
                             ^^^^^^^^^^^^^^^^^^^^^
    ...<4 lines>...
                             cwd,
                             ^^^^
                             startupinfo)
                             ^^^^^^^^^^^^
FileNotFoundError: [WinError 2] The system cannot find the file specified

During handling of the above exception, another exception occurred:

Traceback (most recent call last):
  File "D:\sanad system\sanad_system\library\hadith_processor.py", line 113, in extract_with_ocr
    images = convert_from_path(pdf_path, dpi=300)
  File "C:\Users\T\AppData\Roaming\Python\Python313\site-packages\pdf2image\pdf2image.py", line 127, in convert_from_path
    page_count = pdfinfo_from_path(
                 ~~~~~~~~~~~~~~~~~^
        pdf_path, userpw, ownerpw, poppler_path=poppler_path
        ^^^^^^^^^^^^^^^^^^^^^^^^^^^^^^^^^^^^^^^^^^^^^^^^^^^^
    )["Pages"]
    ^
  File "C:\Users\T\AppData\Roaming\Python\Python313\site-packages\pdf2image\pdf2image.py", line 607, in pdfinfo_from_path
    raise PDFInfoNotInstalledError(
        "Unable to get page count. Is poppler installed and in PATH?"
    )
pdf2image.exceptions.PDFInfoNotInstalledError: Unable to get page count. Is poppler installed and in PATH?

During handling of the above exception, another exception occurred:

Traceback (most recent call last):
  File "D:\sanad system\sanad_system\library\hadith_processor.py", line 117, in extract_with_ocr
    raise Exception(f"Failed to convert PDF to images: {str(e)}")
Exception: Failed to convert PDF to images: Unable to get page count. Is poppler installed and in PATH?

During handling of the above exception, another exception occurred:

Traceback (most recent call last):
  File "D:\sanad system\sanad_system\library\hadith_processor.py", line 179, in extract_text_from_pdf
    text = extract_with_ocr(file_path)
  File "D:\sanad system\sanad_system\library\hadith_processor.py", line 159, in extract_with_ocr
    raise Exception(f"OCR processing failed: {str(e)}")
Exception: OCR processing failed: Failed to convert PDF to images: Unable to get page count. Is poppler installed and in PATH?

During handling of the above exception, another exception occurred:

Traceback (most recent call last):
  File "D:\sanad system\sanad_system\library\hadith_processor.py", line 304, in process_document
    text = extract_text_from_pdf(file, use_ocr=False)
  File "D:\sanad system\sanad_system\library\hadith_processor.py", line 199, in extract_text_from_pdf
    raise Exception(_(error_msg))
Exception: Failed to extract text from PDF: OCR processing failed: Failed to convert PDF to images: Unable to get page count. Is poppler installed and in PATH?

During handling of the above exception, another exception occurred:

Traceback (most recent call last):
  File "C:\Users\T\AppData\Roaming\Python\Python313\site-packages\pdf2image\pdf2image.py", line 581, in pdfinfo_from_path
    proc = Popen(command, env=env, stdout=PIPE, stderr=PIPE)
  File "C:\Python313\Lib\subprocess.py", line 1039, in __init__
    self._execute_child(args, executable, preexec_fn, close_fds,
    ~~~~~~~~~~~~~~~~~~~^^^^^^^^^^^^^^^^^^^^^^^^^^^^^^^^^^^^^^^^^
                        pass_fds, cwd, env,
                        ^^^^^^^^^^^^^^^^^^^
    ...<5 lines>...
                        gid, gids, uid, umask,
                        ^^^^^^^^^^^^^^^^^^^^^^
                        start_new_session, process_group)
                        ^^^^^^^^^^^^^^^^^^^^^^^^^^^^^^^^^
  File "C:\Python313\Lib\subprocess.py", line 1554, in _execute_child
    hp, ht, pid, tid = _winapi.CreateProcess(executable, args,
                       ~~~~~~~~~~~~~~~~~~~~~^^^^^^^^^^^^^^^^^^
                             # no special security
                             ^^^^^^^^^^^^^^^^^^^^^
    ...<4 lines>...
                             cwd,
                             ^^^^
                             startupinfo)
                             ^^^^^^^^^^^^
FileNotFoundError: [WinError 2] The system cannot find the file specified

During handling of the above exception, another exception occurred:

Traceback (most recent call last):
  File "D:\sanad system\sanad_system\library\hadith_processor.py", line 113, in extract_with_ocr
    images = convert_from_path(pdf_path, dpi=300)
  File "C:\Users\T\AppData\Roaming\Python\Python313\site-packages\pdf2image\pdf2image.py", line 127, in convert_from_path
    page_count = pdfinfo_from_path(
                 ~~~~~~~~~~~~~~~~~^
        pdf_path, userpw, ownerpw, poppler_path=poppler_path
        ^^^^^^^^^^^^^^^^^^^^^^^^^^^^^^^^^^^^^^^^^^^^^^^^^^^^
    )["Pages"]
    ^
  File "C:\Users\T\AppData\Roaming\Python\Python313\site-packages\pdf2image\pdf2image.py", line 607, in pdfinfo_from_path
    raise PDFInfoNotInstalledError(
        "Unable to get page count. Is poppler installed and in PATH?"
    )
pdf2image.exceptions.PDFInfoNotInstalledError: Unable to get page count. Is poppler installed and in PATH?

During handling of the above exception, another exception occurred:

Traceback (most recent call last):
  File "D:\sanad system\sanad_system\library\hadith_processor.py", line 117, in extract_with_ocr
    raise Exception(f"Failed to convert PDF to images: {str(e)}")
Exception: Failed to convert PDF to images: Unable to get page count. Is poppler installed and in PATH?

During handling of the above exception, another exception occurred:

Traceback (most recent call last):
  File "D:\sanad system\sanad_system\library\hadith_processor.py", line 179, in extract_text_from_pdf
    text = extract_with_ocr(file_path)
  File "D:\sanad system\sanad_system\library\hadith_processor.py", line 159, in extract_with_ocr
    raise Exception(f"OCR processing failed: {str(e)}")
Exception: OCR processing failed: Failed to convert PDF to images: Unable to get page count. Is poppler installed and in PATH?

During handling of the above exception, another exception occurred:

Traceback (most recent call last):
  File "D:\sanad system\sanad_system\library\hadith_processor.py", line 310, in process_document
    text = extract_text_from_pdf(file, use_ocr=True)
  File "D:\sanad system\sanad_system\library\hadith_processor.py", line 199, in extract_text_from_pdf
    raise Exception(_(error_msg))
Exception: Failed to extract text from PDF: OCR processing failed: Failed to convert PDF to images: Unable to get page count. Is poppler installed and in PATH?
INFO 2025-07-07 17:39:03,246 views Document processing completed. Success: False
WARNING 2025-07-07 17:39:03,349 log Bad Request: /library/document/1/extract-hadiths/
WARNING 2025-07-07 17:39:03,350 basehttp "POST /library/document/1/extract-hadiths/ HTTP/1.1" 400 206
INFO 2025-07-07 17:40:20,889 autoreload D:\sanad system\sanad_system\library\hadith_processor.py changed, reloading.
INFO 2025-07-07 17:40:24,415 autoreload Watching for file changes with StatReloader
INFO 2025-07-07 17:40:54,589 autoreload Watching for file changes with StatReloader
INFO 2025-07-07 17:40:57,787 basehttp "GET /library/document/1/ HTTP/1.1" 200 24433
INFO 2025-07-07 17:40:58,601 basehttp "GET /library/document/1/page/0/?zoom=1 HTTP/1.1" 200 1062047
INFO 2025-07-07 17:41:03,173 basehttp "GET /admin/ HTTP/1.1" 200 24167
INFO 2025-07-07 17:41:03,275 basehttp "GET /static/admin/js/nav_sidebar.js HTTP/1.1" 304 0
INFO 2025-07-07 17:41:03,478 basehttp "GET /static/admin/css/dashboard.css HTTP/1.1" 200 441
INFO 2025-07-07 17:41:03,500 basehttp "GET /static/admin/css/nav_sidebar.css HTTP/1.1" 200 2694
INFO 2025-07-07 17:41:03,531 basehttp "GET /static/admin/img/icon-changelink.svg HTTP/1.1" 200 380
INFO 2025-07-07 17:41:05,835 basehttp "GET / HTTP/1.1" 200 23356
INFO 2025-07-07 17:41:07,739 basehttp "GET /library/ HTTP/1.1" 200 14356
INFO 2025-07-07 17:41:10,167 basehttp "GET /library/document/1/ HTTP/1.1" 200 24120
INFO 2025-07-07 17:41:10,780 basehttp "GET /library/document/1/page/0/?zoom=1 HTTP/1.1" 200 1062047
INFO 2025-07-07 17:41:12,469 views Extracting hadiths from document 1
INFO 2025-07-07 17:41:12,538 hadith_processor Extracting text from PDF file
INFO 2025-07-07 17:41:12,538 hadith_processor Starting PDF extraction with OCR: False
INFO 2025-07-07 17:41:12,538 hadith_processor File type: <class 'django.db.models.fields.files.FieldFile'>
INFO 2025-07-07 17:41:12,553 hadith_processor Attempting standard text extraction...
INFO 2025-07-07 17:41:12,553 hadith_processor Attempting PyPDF2 text extraction
INFO 2025-07-07 17:41:12,638 hadith_processor PDF has 179 pages
WARNING 2025-07-07 17:41:12,639 hadith_processor No text found on page 1
WARNING 2025-07-07 17:41:12,639 hadith_processor No text found on page 2
WARNING 2025-07-07 17:41:12,640 hadith_processor No text found on page 3
WARNING 2025-07-07 17:41:12,641 hadith_processor No text found on page 4
WARNING 2025-07-07 17:41:12,641 hadith_processor No text found on page 5
WARNING 2025-07-07 17:41:12,642 hadith_processor No text found on page 6
WARNING 2025-07-07 17:41:12,645 hadith_processor No text found on page 7
WARNING 2025-07-07 17:41:12,646 hadith_processor No text found on page 8
WARNING 2025-07-07 17:41:12,647 hadith_processor No text found on page 9
WARNING 2025-07-07 17:41:12,648 hadith_processor No text found on page 10
WARNING 2025-07-07 17:41:12,649 hadith_processor No text found on page 11
WARNING 2025-07-07 17:41:12,649 hadith_processor No text found on page 12
WARNING 2025-07-07 17:41:12,650 hadith_processor No text found on page 13
WARNING 2025-07-07 17:41:12,650 hadith_processor No text found on page 14
WARNING 2025-07-07 17:41:12,651 hadith_processor No text found on page 15
WARNING 2025-07-07 17:41:12,651 hadith_processor No text found on page 16
WARNING 2025-07-07 17:41:12,652 hadith_processor No text found on page 17
WARNING 2025-07-07 17:41:12,653 hadith_processor No text found on page 18
WARNING 2025-07-07 17:41:12,653 hadith_processor No text found on page 19
WARNING 2025-07-07 17:41:12,654 hadith_processor No text found on page 20
WARNING 2025-07-07 17:41:12,656 hadith_processor No text found on page 21
WARNING 2025-07-07 17:41:12,657 hadith_processor No text found on page 22
WARNING 2025-07-07 17:41:12,658 hadith_processor No text found on page 23
WARNING 2025-07-07 17:41:12,660 hadith_processor No text found on page 24
WARNING 2025-07-07 17:41:12,662 hadith_processor No text found on page 25
WARNING 2025-07-07 17:41:12,664 hadith_processor No text found on page 26
WARNING 2025-07-07 17:41:12,665 hadith_processor No text found on page 27
WARNING 2025-07-07 17:41:12,665 hadith_processor No text found on page 28
WARNING 2025-07-07 17:41:12,666 hadith_processor No text found on page 29
WARNING 2025-07-07 17:41:12,666 hadith_processor No text found on page 30
WARNING 2025-07-07 17:41:12,667 hadith_processor No text found on page 31
WARNING 2025-07-07 17:41:12,668 hadith_processor No text found on page 32
WARNING 2025-07-07 17:41:12,668 hadith_processor No text found on page 33
WARNING 2025-07-07 17:41:12,669 hadith_processor No text found on page 34
WARNING 2025-07-07 17:41:12,669 hadith_processor No text found on page 35
WARNING 2025-07-07 17:41:12,670 hadith_processor No text found on page 36
WARNING 2025-07-07 17:41:12,671 hadith_processor No text found on page 37
WARNING 2025-07-07 17:41:12,671 hadith_processor No text found on page 38
WARNING 2025-07-07 17:41:12,672 hadith_processor No text found on page 39
WARNING 2025-07-07 17:41:12,672 hadith_processor No text found on page 40
WARNING 2025-07-07 17:41:12,674 hadith_processor No text found on page 41
WARNING 2025-07-07 17:41:12,675 hadith_processor No text found on page 42
WARNING 2025-07-07 17:41:12,677 hadith_processor No text found on page 43
WARNING 2025-07-07 17:41:12,679 hadith_processor No text found on page 44
WARNING 2025-07-07 17:41:12,681 hadith_processor No text found on page 45
WARNING 2025-07-07 17:41:12,681 hadith_processor No text found on page 46
WARNING 2025-07-07 17:41:12,682 hadith_processor No text found on page 47
WARNING 2025-07-07 17:41:12,683 hadith_processor No text found on page 48
WARNING 2025-07-07 17:41:12,683 hadith_processor No text found on page 49
WARNING 2025-07-07 17:41:12,684 hadith_processor No text found on page 50
WARNING 2025-07-07 17:41:12,684 hadith_processor No text found on page 51
WARNING 2025-07-07 17:41:12,685 hadith_processor No text found on page 52
WARNING 2025-07-07 17:41:12,685 hadith_processor No text found on page 53
WARNING 2025-07-07 17:41:12,686 hadith_processor No text found on page 54
WARNING 2025-07-07 17:41:12,686 hadith_processor No text found on page 55
WARNING 2025-07-07 17:41:12,687 hadith_processor No text found on page 56
WARNING 2025-07-07 17:41:12,688 hadith_processor No text found on page 57
WARNING 2025-07-07 17:41:12,688 hadith_processor No text found on page 58
WARNING 2025-07-07 17:41:12,689 hadith_processor No text found on page 59
WARNING 2025-07-07 17:41:12,689 hadith_processor No text found on page 60
WARNING 2025-07-07 17:41:12,690 hadith_processor No text found on page 61
WARNING 2025-07-07 17:41:12,690 hadith_processor No text found on page 62
WARNING 2025-07-07 17:41:12,692 hadith_processor No text found on page 63
WARNING 2025-07-07 17:41:12,694 hadith_processor No text found on page 64
WARNING 2025-07-07 17:41:12,694 hadith_processor No text found on page 65
WARNING 2025-07-07 17:41:12,695 hadith_processor No text found on page 66
WARNING 2025-07-07 17:41:12,696 hadith_processor No text found on page 67
WARNING 2025-07-07 17:41:12,696 hadith_processor No text found on page 68
WARNING 2025-07-07 17:41:12,697 hadith_processor No text found on page 69
WARNING 2025-07-07 17:41:12,698 hadith_processor No text found on page 70
WARNING 2025-07-07 17:41:12,698 hadith_processor No text found on page 71
WARNING 2025-07-07 17:41:12,699 hadith_processor No text found on page 72
WARNING 2025-07-07 17:41:12,700 hadith_processor No text found on page 73
WARNING 2025-07-07 17:41:12,700 hadith_processor No text found on page 74
WARNING 2025-07-07 17:41:12,701 hadith_processor No text found on page 75
WARNING 2025-07-07 17:41:12,701 hadith_processor No text found on page 76
WARNING 2025-07-07 17:41:12,702 hadith_processor No text found on page 77
WARNING 2025-07-07 17:41:12,703 hadith_processor No text found on page 78
WARNING 2025-07-07 17:41:12,704 hadith_processor No text found on page 79
WARNING 2025-07-07 17:41:12,704 hadith_processor No text found on page 80
WARNING 2025-07-07 17:41:12,705 hadith_processor No text found on page 81
WARNING 2025-07-07 17:41:12,706 hadith_processor No text found on page 82
WARNING 2025-07-07 17:41:12,707 hadith_processor No text found on page 83
WARNING 2025-07-07 17:41:12,708 hadith_processor No text found on page 84
WARNING 2025-07-07 17:41:12,709 hadith_processor No text found on page 85
WARNING 2025-07-07 17:41:12,710 hadith_processor No text found on page 86
WARNING 2025-07-07 17:41:12,711 hadith_processor No text found on page 87
WARNING 2025-07-07 17:41:12,712 hadith_processor No text found on page 88
WARNING 2025-07-07 17:41:12,713 hadith_processor No text found on page 89
WARNING 2025-07-07 17:41:12,713 hadith_processor No text found on page 90
WARNING 2025-07-07 17:41:12,714 hadith_processor No text found on page 91
WARNING 2025-07-07 17:41:12,715 hadith_processor No text found on page 92
WARNING 2025-07-07 17:41:12,715 hadith_processor No text found on page 93
WARNING 2025-07-07 17:41:12,716 hadith_processor No text found on page 94
WARNING 2025-07-07 17:41:12,717 hadith_processor No text found on page 95
WARNING 2025-07-07 17:41:12,717 hadith_processor No text found on page 96
WARNING 2025-07-07 17:41:12,718 hadith_processor No text found on page 97
WARNING 2025-07-07 17:41:12,719 hadith_processor No text found on page 98
WARNING 2025-07-07 17:41:12,719 hadith_processor No text found on page 99
WARNING 2025-07-07 17:41:12,720 hadith_processor No text found on page 100
WARNING 2025-07-07 17:41:12,721 hadith_processor No text found on page 101
WARNING 2025-07-07 17:41:12,722 hadith_processor No text found on page 102
WARNING 2025-07-07 17:41:12,723 hadith_processor No text found on page 103
WARNING 2025-07-07 17:41:12,724 hadith_processor No text found on page 104
WARNING 2025-07-07 17:41:12,726 hadith_processor No text found on page 105
WARNING 2025-07-07 17:41:12,727 hadith_processor No text found on page 106
WARNING 2025-07-07 17:41:12,728 hadith_processor No text found on page 107
WARNING 2025-07-07 17:41:12,728 hadith_processor No text found on page 108
WARNING 2025-07-07 17:41:12,729 hadith_processor No text found on page 109
WARNING 2025-07-07 17:41:12,730 hadith_processor No text found on page 110
WARNING 2025-07-07 17:41:12,731 hadith_processor No text found on page 111
WARNING 2025-07-07 17:41:12,732 hadith_processor No text found on page 112
WARNING 2025-07-07 17:41:12,733 hadith_processor No text found on page 113
WARNING 2025-07-07 17:41:12,734 hadith_processor No text found on page 114
WARNING 2025-07-07 17:41:12,734 hadith_processor No text found on page 115
WARNING 2025-07-07 17:41:12,735 hadith_processor No text found on page 116
WARNING 2025-07-07 17:41:12,735 hadith_processor No text found on page 117
WARNING 2025-07-07 17:41:12,736 hadith_processor No text found on page 118
WARNING 2025-07-07 17:41:12,736 hadith_processor No text found on page 119
WARNING 2025-07-07 17:41:12,737 hadith_processor No text found on page 120
WARNING 2025-07-07 17:41:12,738 hadith_processor No text found on page 121
WARNING 2025-07-07 17:41:12,739 hadith_processor No text found on page 122
WARNING 2025-07-07 17:41:12,739 hadith_processor No text found on page 123
WARNING 2025-07-07 17:41:12,740 hadith_processor No text found on page 124
WARNING 2025-07-07 17:41:12,741 hadith_processor No text found on page 125
WARNING 2025-07-07 17:41:12,742 hadith_processor No text found on page 126
WARNING 2025-07-07 17:41:12,743 hadith_processor No text found on page 127
WARNING 2025-07-07 17:41:12,744 hadith_processor No text found on page 128
WARNING 2025-07-07 17:41:12,744 hadith_processor No text found on page 129
WARNING 2025-07-07 17:41:12,745 hadith_processor No text found on page 130
WARNING 2025-07-07 17:41:12,745 hadith_processor No text found on page 131
WARNING 2025-07-07 17:41:12,746 hadith_processor No text found on page 132
WARNING 2025-07-07 17:41:12,747 hadith_processor No text found on page 133
WARNING 2025-07-07 17:41:12,747 hadith_processor No text found on page 134
WARNING 2025-07-07 17:41:12,748 hadith_processor No text found on page 135
WARNING 2025-07-07 17:41:12,748 hadith_processor No text found on page 136
WARNING 2025-07-07 17:41:12,750 hadith_processor No text found on page 137
WARNING 2025-07-07 17:41:12,750 hadith_processor No text found on page 138
WARNING 2025-07-07 17:41:12,751 hadith_processor No text found on page 139
WARNING 2025-07-07 17:41:12,752 hadith_processor No text found on page 140
WARNING 2025-07-07 17:41:12,752 hadith_processor No text found on page 141
WARNING 2025-07-07 17:41:12,753 hadith_processor No text found on page 142
WARNING 2025-07-07 17:41:12,753 hadith_processor No text found on page 143
WARNING 2025-07-07 17:41:12,754 hadith_processor No text found on page 144
WARNING 2025-07-07 17:41:12,755 hadith_processor No text found on page 145
WARNING 2025-07-07 17:41:12,755 hadith_processor No text found on page 146
WARNING 2025-07-07 17:41:12,756 hadith_processor No text found on page 147
WARNING 2025-07-07 17:41:12,756 hadith_processor No text found on page 148
WARNING 2025-07-07 17:41:12,757 hadith_processor No text found on page 149
WARNING 2025-07-07 17:41:12,757 hadith_processor No text found on page 150
WARNING 2025-07-07 17:41:12,758 hadith_processor No text found on page 151
WARNING 2025-07-07 17:41:12,759 hadith_processor No text found on page 152
WARNING 2025-07-07 17:41:12,760 hadith_processor No text found on page 153
WARNING 2025-07-07 17:41:12,761 hadith_processor No text found on page 154
WARNING 2025-07-07 17:41:12,762 hadith_processor No text found on page 155
WARNING 2025-07-07 17:41:12,763 hadith_processor No text found on page 156
WARNING 2025-07-07 17:41:12,763 hadith_processor No text found on page 157
WARNING 2025-07-07 17:41:12,764 hadith_processor No text found on page 158
WARNING 2025-07-07 17:41:12,765 hadith_processor No text found on page 159
WARNING 2025-07-07 17:41:12,765 hadith_processor No text found on page 160
WARNING 2025-07-07 17:41:12,766 hadith_processor No text found on page 161
WARNING 2025-07-07 17:41:12,767 hadith_processor No text found on page 162
WARNING 2025-07-07 17:41:12,767 hadith_processor No text found on page 163
WARNING 2025-07-07 17:41:12,768 hadith_processor No text found on page 164
WARNING 2025-07-07 17:41:12,768 hadith_processor No text found on page 165
WARNING 2025-07-07 17:41:12,769 hadith_processor No text found on page 166
WARNING 2025-07-07 17:41:12,769 hadith_processor No text found on page 167
WARNING 2025-07-07 17:41:12,770 hadith_processor No text found on page 168
WARNING 2025-07-07 17:41:12,771 hadith_processor No text found on page 169
WARNING 2025-07-07 17:41:12,772 hadith_processor No text found on page 170
WARNING 2025-07-07 17:41:12,773 hadith_processor No text found on page 171
WARNING 2025-07-07 17:41:12,774 hadith_processor No text found on page 172
WARNING 2025-07-07 17:41:12,776 hadith_processor No text found on page 173
WARNING 2025-07-07 17:41:12,776 hadith_processor No text found on page 174
WARNING 2025-07-07 17:41:12,777 hadith_processor No text found on page 175
WARNING 2025-07-07 17:41:12,778 hadith_processor No text found on page 176
WARNING 2025-07-07 17:41:12,779 hadith_processor No text found on page 177
WARNING 2025-07-07 17:41:12,779 hadith_processor No text found on page 178
WARNING 2025-07-07 17:41:12,780 hadith_processor No text found on page 179
WARNING 2025-07-07 17:41:12,780 hadith_processor PyPDF2 extraction returned no text
WARNING 2025-07-07 17:41:12,780 hadith_processor No text found with standard extraction, falling back to OCR...
INFO 2025-07-07 17:41:12,781 hadith_processor Starting OCR processing...
INFO 2025-07-07 17:41:12,781 hadith_processor Starting OCR processing
INFO 2025-07-07 17:41:12,936 hadith_processor Converting PDF to images: C:\Users\T\AppData\Local\Temp\tmpl4dbg6kk.pdf
INFO 2025-07-07 17:46:41,845 hadith_processor Converted 179 pages to images
DEBUG 2025-07-07 17:46:42,627 hadith_processor Processing page 1/179
DEBUG 2025-07-07 17:47:03,062 hadith_processor Extracted 1371 characters from page 1
DEBUG 2025-07-07 17:47:03,063 hadith_processor Processing page 2/179
DEBUG 2025-07-07 17:47:06,281 hadith_processor Extracted 85 characters from page 2
DEBUG 2025-07-07 17:47:06,282 hadith_processor Processing page 3/179
DEBUG 2025-07-07 17:47:12,383 hadith_processor Extracted 10 characters from page 3
DEBUG 2025-07-07 17:47:12,384 hadith_processor Processing page 4/179
DEBUG 2025-07-07 17:47:16,947 hadith_processor Extracted 91 characters from page 4
DEBUG 2025-07-07 17:47:16,948 hadith_processor Processing page 5/179
DEBUG 2025-07-07 17:47:23,505 hadith_processor Extracted 112 characters from page 5
INFO 2025-07-07 17:47:23,506 hadith_processor Processed 5/179 pages
DEBUG 2025-07-07 17:47:23,506 hadith_processor Processing page 6/179
DEBUG 2025-07-07 17:47:27,714 hadith_processor Extracted 845 characters from page 6
DEBUG 2025-07-07 17:47:27,714 hadith_processor Processing page 7/179
DEBUG 2025-07-07 17:47:33,323 hadith_processor Extracted 1520 characters from page 7
DEBUG 2025-07-07 17:47:33,323 hadith_processor Processing page 8/179
DEBUG 2025-07-07 17:47:38,325 hadith_processor Extracted 1256 characters from page 8
DEBUG 2025-07-07 17:47:38,325 hadith_processor Processing page 9/179
DEBUG 2025-07-07 17:47:41,620 hadith_processor Extracted 576 characters from page 9
DEBUG 2025-07-07 17:47:41,620 hadith_processor Processing page 10/179
DEBUG 2025-07-07 17:47:44,956 hadith_processor Extracted 496 characters from page 10
INFO 2025-07-07 17:47:44,957 hadith_processor Processed 10/179 pages
DEBUG 2025-07-07 17:47:44,957 hadith_processor Processing page 11/179
DEBUG 2025-07-07 17:47:52,520 hadith_processor Extracted 1218 characters from page 11
DEBUG 2025-07-07 17:47:52,520 hadith_processor Processing page 12/179
DEBUG 2025-07-07 17:47:55,163 hadith_processor Extracted 429 characters from page 12
DEBUG 2025-07-07 17:47:55,164 hadith_processor Processing page 13/179
WARNING 2025-07-07 17:47:57,168 hadith_processor No text recognized on page 13
DEBUG 2025-07-07 17:47:57,169 hadith_processor Processing page 14/179
DEBUG 2025-07-07 17:48:00,708 hadith_processor Extracted 785 characters from page 14
DEBUG 2025-07-07 17:48:00,709 hadith_processor Processing page 15/179
DEBUG 2025-07-07 17:48:03,237 hadith_processor Extracted 207 characters from page 15
INFO 2025-07-07 17:48:03,238 hadith_processor Processed 15/179 pages
DEBUG 2025-07-07 17:48:03,238 hadith_processor Processing page 16/179
DEBUG 2025-07-07 17:48:05,854 hadith_processor Extracted 172 characters from page 16
DEBUG 2025-07-07 17:48:05,855 hadith_processor Processing page 17/179
WARNING 2025-07-07 17:48:07,975 hadith_processor No text recognized on page 17
DEBUG 2025-07-07 17:48:07,975 hadith_processor Processing page 18/179
DEBUG 2025-07-07 17:48:12,215 hadith_processor Extracted 854 characters from page 18
DEBUG 2025-07-07 17:48:12,215 hadith_processor Processing page 19/179
DEBUG 2025-07-07 17:48:18,028 hadith_processor Extracted 1561 characters from page 19
DEBUG 2025-07-07 17:48:18,028 hadith_processor Processing page 20/179
DEBUG 2025-07-07 17:48:21,458 hadith_processor Extracted 737 characters from page 20
INFO 2025-07-07 17:48:21,458 hadith_processor Processed 20/179 pages
DEBUG 2025-07-07 17:48:21,458 hadith_processor Processing page 21/179
DEBUG 2025-07-07 17:48:24,426 hadith_processor Extracted 494 characters from page 21
DEBUG 2025-07-07 17:48:24,427 hadith_processor Processing page 22/179
DEBUG 2025-07-07 17:48:29,814 hadith_processor Extracted 1530 characters from page 22
DEBUG 2025-07-07 17:48:29,814 hadith_processor Processing page 23/179
DEBUG 2025-07-07 17:48:36,163 hadith_processor Extracted 1462 characters from page 23
DEBUG 2025-07-07 17:48:36,163 hadith_processor Processing page 24/179
DEBUG 2025-07-07 17:48:41,153 hadith_processor Extracted 882 characters from page 24
DEBUG 2025-07-07 17:48:41,154 hadith_processor Processing page 25/179
DEBUG 2025-07-07 17:48:50,789 hadith_processor Extracted 1294 characters from page 25
INFO 2025-07-07 17:48:50,934 hadith_processor Processed 25/179 pages
DEBUG 2025-07-07 17:48:50,935 hadith_processor Processing page 26/179
DEBUG 2025-07-07 17:48:58,337 hadith_processor Extracted 802 characters from page 26
DEBUG 2025-07-07 17:48:58,337 hadith_processor Processing page 27/179
DEBUG 2025-07-07 17:49:03,519 hadith_processor Extracted 1085 characters from page 27
DEBUG 2025-07-07 17:49:03,519 hadith_processor Processing page 28/179
DEBUG 2025-07-07 17:49:08,504 hadith_processor Extracted 1079 characters from page 28
DEBUG 2025-07-07 17:49:08,504 hadith_processor Processing page 29/179
DEBUG 2025-07-07 17:49:14,183 hadith_processor Extracted 1431 characters from page 29
DEBUG 2025-07-07 17:49:14,184 hadith_processor Processing page 30/179
DEBUG 2025-07-07 17:49:18,582 hadith_processor Extracted 1210 characters from page 30
INFO 2025-07-07 17:49:18,582 hadith_processor Processed 30/179 pages
DEBUG 2025-07-07 17:49:18,582 hadith_processor Processing page 31/179
DEBUG 2025-07-07 17:49:21,961 hadith_processor Extracted 605 characters from page 31
DEBUG 2025-07-07 17:49:21,962 hadith_processor Processing page 32/179
DEBUG 2025-07-07 17:49:25,990 hadith_processor Extracted 1022 characters from page 32
DEBUG 2025-07-07 17:49:25,990 hadith_processor Processing page 33/179
DEBUG 2025-07-07 17:49:29,558 hadith_processor Extracted 735 characters from page 33
DEBUG 2025-07-07 17:49:29,558 hadith_processor Processing page 34/179
DEBUG 2025-07-07 17:49:34,201 hadith_processor Extracted 1163 characters from page 34
DEBUG 2025-07-07 17:49:34,201 hadith_processor Processing page 35/179
DEBUG 2025-07-07 17:49:39,251 hadith_processor Extracted 1455 characters from page 35
INFO 2025-07-07 17:49:39,252 hadith_processor Processed 35/179 pages
DEBUG 2025-07-07 17:49:39,252 hadith_processor Processing page 36/179
DEBUG 2025-07-07 17:49:43,461 hadith_processor Extracted 1007 characters from page 36
DEBUG 2025-07-07 17:49:43,461 hadith_processor Processing page 37/179
DEBUG 2025-07-07 17:49:48,775 hadith_processor Extracted 1477 characters from page 37
DEBUG 2025-07-07 17:49:48,775 hadith_processor Processing page 38/179
DEBUG 2025-07-07 17:49:53,360 hadith_processor Extracted 1272 characters from page 38
DEBUG 2025-07-07 17:49:53,360 hadith_processor Processing page 39/179
DEBUG 2025-07-07 17:49:58,060 hadith_processor Extracted 1283 characters from page 39
DEBUG 2025-07-07 17:49:58,061 hadith_processor Processing page 40/179
DEBUG 2025-07-07 17:50:02,470 hadith_processor Extracted 1158 characters from page 40
INFO 2025-07-07 17:50:02,470 hadith_processor Processed 40/179 pages
DEBUG 2025-07-07 17:50:02,470 hadith_processor Processing page 41/179
DEBUG 2025-07-07 17:50:05,693 hadith_processor Extracted 758 characters from page 41
DEBUG 2025-07-07 17:50:05,694 hadith_processor Processing page 42/179
DEBUG 2025-07-07 17:50:09,984 hadith_processor Extracted 995 characters from page 42
DEBUG 2025-07-07 17:50:09,985 hadith_processor Processing page 43/179
DEBUG 2025-07-07 17:50:15,801 hadith_processor Extracted 1577 characters from page 43
DEBUG 2025-07-07 17:50:15,801 hadith_processor Processing page 44/179
DEBUG 2025-07-07 17:50:19,975 hadith_processor Extracted 1215 characters from page 44
DEBUG 2025-07-07 17:50:19,975 hadith_processor Processing page 45/179
DEBUG 2025-07-07 17:50:24,430 hadith_processor Extracted 1091 characters from page 45
INFO 2025-07-07 17:50:24,430 hadith_processor Processed 45/179 pages
DEBUG 2025-07-07 17:50:24,430 hadith_processor Processing page 46/179
DEBUG 2025-07-07 17:50:28,310 hadith_processor Extracted 925 characters from page 46
DEBUG 2025-07-07 17:50:28,310 hadith_processor Processing page 47/179
DEBUG 2025-07-07 17:50:32,998 hadith_processor Extracted 954 characters from page 47
DEBUG 2025-07-07 17:50:32,999 hadith_processor Processing page 48/179
DEBUG 2025-07-07 17:50:38,100 hadith_processor Extracted 1479 characters from page 48
DEBUG 2025-07-07 17:50:38,100 hadith_processor Processing page 49/179
DEBUG 2025-07-07 17:50:43,980 hadith_processor Extracted 1404 characters from page 49
DEBUG 2025-07-07 17:50:43,980 hadith_processor Processing page 50/179
DEBUG 2025-07-07 17:50:50,005 hadith_processor Extracted 1649 characters from page 50
INFO 2025-07-07 17:50:50,006 hadith_processor Processed 50/179 pages
DEBUG 2025-07-07 17:50:50,006 hadith_processor Processing page 51/179
DEBUG 2025-07-07 17:50:54,194 hadith_processor Extracted 980 characters from page 51
DEBUG 2025-07-07 17:50:54,194 hadith_processor Processing page 52/179
DEBUG 2025-07-07 17:50:59,992 hadith_processor Extracted 1437 characters from page 52
DEBUG 2025-07-07 17:50:59,992 hadith_processor Processing page 53/179
DEBUG 2025-07-07 17:51:05,532 hadith_processor Extracted 1370 characters from page 53
DEBUG 2025-07-07 17:51:05,533 hadith_processor Processing page 54/179
DEBUG 2025-07-07 17:51:12,590 hadith_processor Extracted 1550 characters from page 54
DEBUG 2025-07-07 17:51:12,590 hadith_processor Processing page 55/179
DEBUG 2025-07-07 17:51:18,766 hadith_processor Extracted 1264 characters from page 55
INFO 2025-07-07 17:51:18,767 hadith_processor Processed 55/179 pages
DEBUG 2025-07-07 17:51:18,767 hadith_processor Processing page 56/179
DEBUG 2025-07-07 17:51:25,370 hadith_processor Extracted 1471 characters from page 56
DEBUG 2025-07-07 17:51:25,370 hadith_processor Processing page 57/179
DEBUG 2025-07-07 17:51:31,112 hadith_processor Extracted 948 characters from page 57
DEBUG 2025-07-07 17:51:31,112 hadith_processor Processing page 58/179
DEBUG 2025-07-07 17:51:38,402 hadith_processor Extracted 1498 characters from page 58
DEBUG 2025-07-07 17:51:38,402 hadith_processor Processing page 59/179
DEBUG 2025-07-07 17:51:43,677 hadith_processor Extracted 931 characters from page 59
DEBUG 2025-07-07 17:51:43,677 hadith_processor Processing page 60/179
DEBUG 2025-07-07 17:51:52,253 hadith_processor Extracted 1346 characters from page 60
INFO 2025-07-07 17:51:52,253 hadith_processor Processed 60/179 pages
DEBUG 2025-07-07 17:51:52,253 hadith_processor Processing page 61/179
DEBUG 2025-07-07 17:52:00,551 hadith_processor Extracted 1097 characters from page 61
DEBUG 2025-07-07 17:52:00,552 hadith_processor Processing page 62/179
DEBUG 2025-07-07 17:52:08,056 hadith_processor Extracted 1315 characters from page 62
DEBUG 2025-07-07 17:52:08,056 hadith_processor Processing page 63/179
DEBUG 2025-07-07 17:52:15,696 hadith_processor Extracted 1491 characters from page 63
DEBUG 2025-07-07 17:52:15,696 hadith_processor Processing page 64/179
DEBUG 2025-07-07 17:52:21,114 hadith_processor Extracted 973 characters from page 64
DEBUG 2025-07-07 17:52:21,115 hadith_processor Processing page 65/179
DEBUG 2025-07-07 17:52:29,275 hadith_processor Extracted 1482 characters from page 65
INFO 2025-07-07 17:52:29,275 hadith_processor Processed 65/179 pages
DEBUG 2025-07-07 17:52:29,276 hadith_processor Processing page 66/179
DEBUG 2025-07-07 17:52:37,310 hadith_processor Extracted 1339 characters from page 66
DEBUG 2025-07-07 17:52:37,310 hadith_processor Processing page 67/179
DEBUG 2025-07-07 17:52:45,402 hadith_processor Extracted 1151 characters from page 67
DEBUG 2025-07-07 17:52:45,403 hadith_processor Processing page 68/179
DEBUG 2025-07-07 17:52:50,324 hadith_processor Extracted 702 characters from page 68
DEBUG 2025-07-07 17:52:50,325 hadith_processor Processing page 69/179
INFO 2025-07-07 17:52:52,319 autoreload D:\sanad system\sanad_system\library\hadith_processor.py changed, reloading.
INFO 2025-07-07 17:53:06,733 autoreload Watching for file changes with StatReloader
INFO 2025-07-07 17:54:26,418 autoreload D:\sanad system\sanad_system\library\hadith_processor.py changed, reloading.
INFO 2025-07-07 17:54:29,961 autoreload Watching for file changes with StatReloader
INFO 2025-07-07 17:58:08,585 autoreload D:\sanad system\sanad_system\library\views.py changed, reloading.
INFO 2025-07-07 17:58:11,180 autoreload Watching for file changes with StatReloader
INFO 2025-07-07 18:02:20,617 autoreload D:\sanad system\sanad_system\library\views.py changed, reloading.
INFO 2025-07-07 18:02:22,878 autoreload Watching for file changes with StatReloader
INFO 2025-07-07 18:02:49,559 autoreload D:\sanad system\sanad_system\library\urls.py changed, reloading.
INFO 2025-07-07 18:02:52,442 autoreload Watching for file changes with StatReloader
INFO 2025-07-07 18:09:38,724 autoreload D:\sanad system\sanad_system\library\hadith_processor.py changed, reloading.
INFO 2025-07-07 18:09:40,753 autoreload Watching for file changes with StatReloader
INFO 2025-07-07 18:12:49,356 autoreload D:\sanad system\sanad_system\library\hadith_processor.py changed, reloading.
INFO 2025-07-07 18:12:51,693 autoreload Watching for file changes with StatReloader
INFO 2025-07-07 18:14:48,543 autoreload D:\sanad system\sanad_system\library\hadith_processor.py changed, reloading.
INFO 2025-07-07 18:14:50,745 autoreload Watching for file changes with StatReloader
INFO 2025-07-07 18:18:41,284 autoreload D:\sanad system\sanad_system\library\hadith_processor.py changed, reloading.
INFO 2025-07-07 18:18:43,157 autoreload Watching for file changes with StatReloader
INFO 2025-07-07 18:19:29,543 basehttp "GET /library/document/1/ HTTP/1.1" 200 32408
INFO 2025-07-07 18:19:29,821 basehttp "GET /static/admin/css/admin-rtl.css HTTP/1.1" 304 0
INFO 2025-07-07 18:19:29,985 basehttp "GET /static/library/css/library.css HTTP/1.1" 200 7037
INFO 2025-07-07 18:19:39,048 basehttp "GET /library/document/1/ HTTP/1.1" 200 32408
INFO 2025-07-07 18:30:17,962 autoreload D:\sanad system\sanad_system\library\views.py changed, reloading.
INFO 2025-07-07 18:30:20,780 autoreload Watching for file changes with StatReloader
INFO 2025-07-07 18:32:18,051 autoreload D:\sanad system\sanad_system\library\hadith_processor.py changed, reloading.
INFO 2025-07-07 18:32:20,965 autoreload Watching for file changes with StatReloader
INFO 2025-07-07 18:33:02,783 autoreload D:\sanad system\sanad_system\library\hadith_processor.py changed, reloading.
INFO 2025-07-07 18:33:04,296 autoreload Watching for file changes with StatReloader
INFO 2025-07-07 18:33:57,163 autoreload D:\sanad system\sanad_system\library\hadith_processor.py changed, reloading.
INFO 2025-07-07 18:33:58,663 autoreload Watching for file changes with StatReloader
INFO 2025-07-07 18:42:33,396 autoreload D:\sanad system\sanad_system\library\hadith_processor.py changed, reloading.
INFO 2025-07-07 18:42:37,072 autoreload Watching for file changes with StatReloader
INFO 2025-07-07 18:45:15,290 autoreload D:\sanad system\sanad_system\library\hadith_processor.py changed, reloading.
INFO 2025-07-07 18:45:17,809 autoreload Watching for file changes with StatReloader
INFO 2025-07-07 18:45:40,760 basehttp "GET /library/document/1/ HTTP/1.1" 200 30021
INFO 2025-07-07 18:45:40,903 basehttp "GET /static/admin/css/base.css HTTP/1.1" 304 0
INFO 2025-07-07 18:45:40,906 basehttp "GET /static/admin/css/responsive_rtl.css HTTP/1.1" 304 0
INFO 2025-07-07 18:45:40,923 basehttp "GET /static/library/css/library.css HTTP/1.1" 304 0
INFO 2025-07-07 18:45:40,988 basehttp "GET /static/admin/css/responsive.css HTTP/1.1" 304 0
INFO 2025-07-07 18:45:40,990 basehttp "GET /static/admin/js/theme.js HTTP/1.1" 304 0
INFO 2025-07-07 18:45:40,991 basehttp "GET /static/admin/css/dark_mode.css HTTP/1.1" 304 0
INFO 2025-07-07 18:45:40,992 basehttp "GET /static/admin/css/rtl.css HTTP/1.1" 304 0
INFO 2025-07-07 18:45:41,086 basehttp "GET /static/admin/img/icon-addlink.svg HTTP/1.1" 304 0
INFO 2025-07-07 18:46:01,455 basehttp "GET /library/document/1/ HTTP/1.1" 200 30021
INFO 2025-07-07 19:04:35,117 basehttp "GET /library/document/1/ HTTP/1.1" 200 30041
INFO 2025-07-07 19:04:35,167 basehttp "GET /static/admin/css/admin-rtl.css HTTP/1.1" 304 0
INFO 2025-07-07 19:04:35,180 basehttp "GET /static/library/css/library.css HTTP/1.1" 304 0
INFO 2025-07-07 19:14:00,434 basehttp "GET /library/document/1/ HTTP/1.1" 200 30738
INFO 2025-07-07 19:14:00,486 basehttp "GET /static/library/css/library.css HTTP/1.1" 304 0
INFO 2025-07-07 19:14:01,905 basehttp "GET /library/document/1/ HTTP/1.1" 200 30738
INFO 2025-07-07 19:47:11,300 basehttp "GET /library/document/1/ HTTP/1.1" 200 34295
INFO 2025-07-07 19:47:11,373 basehttp "GET /static/admin/css/base.css HTTP/1.1" 304 0
INFO 2025-07-07 19:47:11,379 basehttp "GET /static/admin/css/responsive_rtl.css HTTP/1.1" 304 0
INFO 2025-07-07 19:47:11,385 basehttp "GET /static/admin/css/dark_mode.css HTTP/1.1" 304 0
INFO 2025-07-07 19:47:11,395 basehttp "GET /static/admin/js/theme.js HTTP/1.1" 304 0
INFO 2025-07-07 19:47:11,396 basehttp "GET /static/library/css/library.css HTTP/1.1" 304 0
INFO 2025-07-07 19:47:11,397 basehttp "GET /static/admin/css/rtl.css HTTP/1.1" 304 0
INFO 2025-07-07 19:47:11,397 basehttp "GET /static/admin/css/responsive.css HTTP/1.1" 304 0
INFO 2025-07-07 19:47:11,417 basehttp "GET /static/admin/img/icon-addlink.svg HTTP/1.1" 304 0
INFO 2025-07-07 19:47:13,928 basehttp "GET /library/document/1/ HTTP/1.1" 200 34295
INFO 2025-07-07 19:47:15,707 basehttp "GET /library/document/1/download/ HTTP/1.1" 200 8079021
INFO 2025-07-07 19:50:35,239 autoreload D:\sanad system\sanad_system\library\views.py changed, reloading.
INFO 2025-07-07 19:50:39,915 autoreload Watching for file changes with StatReloader
INFO 2025-07-07 20:18:14,110 autoreload D:\sanad system\sanad_system\library\views.py changed, reloading.
INFO 2025-07-07 20:18:15,722 autoreload Watching for file changes with StatReloader
INFO 2025-07-07 20:19:50,096 autoreload Watching for file changes with StatReloader
INFO 2025-07-07 20:20:02,260 basehttp "GET /library/document/1/ HTTP/1.1" 200 34295
INFO 2025-07-07 20:20:02,864 basehttp "GET /static/admin/css/admin-rtl.css HTTP/1.1" 200 2737
INFO 2025-07-07 20:20:02,868 basehttp "GET /static/library/css/library.css HTTP/1.1" 200 7037
WARNING 2025-07-07 20:20:03,155 log Not Found: /favicon.ico
INFO 2025-07-07 20:20:03,157 basehttp - Broken pipe from ('127.0.0.1', 50069)
INFO 2025-07-07 20:20:07,908 basehttp "GET /admin/ HTTP/1.1" 200 24167
INFO 2025-07-07 20:20:08,055 basehttp "GET /static/admin/css/nav_sidebar.css HTTP/1.1" 200 2694
INFO 2025-07-07 20:20:08,063 basehttp "GET /static/admin/css/dashboard.css HTTP/1.1" 200 441
INFO 2025-07-07 20:20:08,084 basehttp "GET /static/admin/js/nav_sidebar.js HTTP/1.1" 304 0
INFO 2025-07-07 20:20:08,110 basehttp "GET /static/admin/img/icon-changelink.svg HTTP/1.1" 200 380
INFO 2025-07-07 20:20:13,214 basehttp "GET /admin/hadith_app/hadithbook/ HTTP/1.1" 200 18813
INFO 2025-07-07 20:20:13,366 basehttp "GET /static/admin/js/filters.js HTTP/1.1" 200 978
INFO 2025-07-07 20:20:13,369 basehttp "GET /static/admin/css/changelists.css HTTP/1.1" 200 6566
INFO 2025-07-07 20:20:13,371 basehttp "GET /static/admin/js/jquery.init.js HTTP/1.1" 200 347
INFO 2025-07-07 20:20:13,375 basehttp "GET /static/admin/js/vendor/jquery/jquery.js HTTP/1.1" 304 0
INFO 2025-07-07 20:20:13,391 basehttp "GET /static/admin/js/core.js HTTP/1.1" 304 0
INFO 2025-07-07 20:20:13,397 basehttp "GET /static/admin/js/admin/RelatedObjectLookups.js HTTP/1.1" 304 0
INFO 2025-07-07 20:20:13,400 basehttp "GET /static/admin/js/urlify.js HTTP/1.1" 304 0
INFO 2025-07-07 20:20:13,401 basehttp "GET /static/admin/js/vendor/xregexp/xregexp.js HTTP/1.1" 304 0
INFO 2025-07-07 20:20:13,401 basehttp "GET /static/admin/js/actions.js HTTP/1.1" 304 0
INFO 2025-07-07 20:20:13,419 basehttp "GET /admin/jsi18n/ HTTP/1.1" 200 14011
INFO 2025-07-07 20:20:13,445 basehttp "GET /static/admin/js/prepopulate.js HTTP/1.1" 304 0
INFO 2025-07-07 20:20:13,449 basehttp "GET /static/admin/img/search.svg HTTP/1.1" 200 458
INFO 2025-07-07 20:20:13,512 basehttp "GET /static/admin/img/tooltag-add.svg HTTP/1.1" 200 331
INFO 2025-07-07 20:20:16,847 basehttp "GET /admin/auth/user/ HTTP/1.1" 200 23123
INFO 2025-07-07 20:20:17,001 basehttp "GET /admin/jsi18n/ HTTP/1.1" 200 14011
INFO 2025-07-07 20:20:17,006 basehttp "GET /static/admin/img/icon-no.svg HTTP/1.1" 200 560
INFO 2025-07-07 20:20:17,094 basehttp "GET /static/admin/img/icon-yes.svg HTTP/1.1" 200 436
INFO 2025-07-07 20:20:17,129 basehttp "GET /static/admin/img/sorting-icons.svg HTTP/1.1" 200 1097
INFO 2025-07-07 20:20:20,510 basehttp "GET /admin/auth/user/1/change/ HTTP/1.1" 200 35004
INFO 2025-07-07 20:20:20,731 basehttp "GET /static/admin/js/admin/DateTimeShortcuts.js HTTP/1.1" 200 19319
INFO 2025-07-07 20:20:20,736 basehttp "GET /static/admin/css/forms.css HTTP/1.1" 200 9090
INFO 2025-07-07 20:20:20,740 basehttp "GET /static/admin/js/SelectFilter2.js HTTP/1.1" 200 15292
INFO 2025-07-07 20:20:20,741 basehttp "GET /static/admin/js/SelectBox.js HTTP/1.1" 200 4530
INFO 2025-07-07 20:20:20,742 basehttp "GET /static/admin/js/calendar.js HTTP/1.1" 200 8466
INFO 2025-07-07 20:20:20,746 basehttp "GET /static/admin/js/change_form.js HTTP/1.1" 200 606
INFO 2025-07-07 20:20:20,746 basehttp "GET /static/admin/js/prepopulate_init.js HTTP/1.1" 200 586
INFO 2025-07-07 20:20:20,768 basehttp "GET /admin/jsi18n/ HTTP/1.1" 200 14011
INFO 2025-07-07 20:20:20,849 basehttp "GET /static/admin/css/widgets.css HTTP/1.1" 200 11921
INFO 2025-07-07 20:20:21,259 basehttp "GET /static/admin/img/icon-unknown.svg HTTP/1.1" 200 655
INFO 2025-07-07 20:20:21,275 basehttp "GET /static/admin/img/icon-unknown-alt.svg HTTP/1.1" 200 655
INFO 2025-07-07 20:20:21,275 basehttp "GET /static/admin/img/selector-icons.svg HTTP/1.1" 200 3291
INFO 2025-07-07 20:20:21,276 basehttp "GET /static/admin/img/icon-clock.svg HTTP/1.1" 200 677
INFO 2025-07-07 20:20:21,277 basehttp "GET /static/admin/img/icon-calendar.svg HTTP/1.1" 200 1086
INFO 2025-07-07 20:20:54,592 basehttp "POST /admin/auth/user/1/change/ HTTP/1.1" 302 0
INFO 2025-07-07 20:20:54,676 basehttp "GET /admin/auth/user/ HTTP/1.1" 200 23353
INFO 2025-07-07 20:20:54,832 basehttp "GET /admin/jsi18n/ HTTP/1.1" 200 14011
INFO 2025-07-07 20:21:01,765 basehttp "GET /admin/auth/user/2/change/ HTTP/1.1" 200 35044
INFO 2025-07-07 20:21:01,911 basehttp "GET /admin/jsi18n/ HTTP/1.1" 200 14011
INFO 2025-07-07 20:21:27,270 basehttp "POST /admin/auth/user/2/change/ HTTP/1.1" 302 0
INFO 2025-07-07 20:21:27,322 basehttp "GET /admin/auth/user/ HTTP/1.1" 200 23386
INFO 2025-07-07 20:21:27,452 basehttp "GET /admin/jsi18n/ HTTP/1.1" 200 14011
INFO 2025-07-07 20:21:35,594 basehttp "GET /admin/auth/user/1/change/ HTTP/1.1" 200 35056
INFO 2025-07-07 20:21:35,801 basehttp "GET /admin/jsi18n/ HTTP/1.1" 200 14011
INFO 2025-07-07 20:21:43,728 basehttp "GET /admin/auth/user/1/password/ HTTP/1.1" 200 18550
INFO 2025-07-07 20:21:58,549 basehttp "POST /admin/auth/user/1/password/ HTTP/1.1" 200 18903
INFO 2025-07-07 20:22:25,424 basehttp "POST /admin/auth/user/1/password/ HTTP/1.1" 302 0
INFO 2025-07-07 20:22:25,518 basehttp "GET /admin/auth/user/1/change/ HTTP/1.1" 200 35215
INFO 2025-07-07 20:22:25,727 basehttp "GET /admin/jsi18n/ HTTP/1.1" 200 14011
INFO 2025-07-07 20:22:35,022 basehttp "GET /admin/auth/user/ HTTP/1.1" 200 23179
INFO 2025-07-07 20:22:35,267 basehttp "GET /admin/jsi18n/ HTTP/1.1" 200 14011
INFO 2025-07-07 20:22:41,462 basehttp "GET /admin/ HTTP/1.1" 200 23910
INFO 2025-07-07 20:22:43,639 basehttp "GET / HTTP/1.1" 200 23356
INFO 2025-07-07 20:22:43,721 basehttp "GET /static/js/main.js HTTP/1.1" 304 0
INFO 2025-07-07 20:22:45,970 basehttp "GET /library/ HTTP/1.1" 200 14356
INFO 2025-07-07 20:22:48,674 basehttp "GET /library/document/1/ HTTP/1.1" 200 34303
INFO 2025-07-07 20:28:03,212 basehttp "HEAD /library/document/1/ HTTP/1.1" 200 0
INFO 2025-07-07 20:28:04,409 basehttp - Broken pipe from ('127.0.0.1', 50806)
INFO 2025-07-07 20:28:16,003 basehttp "GET /library/document/1/ HTTP/1.1" 200 34686
INFO 2025-07-07 20:30:26,038 basehttp "GET /library/document/1/page/0/ HTTP/1.1" 200 4473423
INFO 2025-07-07 20:30:31,196 basehttp - Broken pipe from ('127.0.0.1', 50979)
INFO 2025-07-07 20:33:11,358 basehttp "GET /library/document/1/ HTTP/1.1" 200 32551
INFO 2025-07-07 20:42:00,606 basehttp "GET /library/document/1/ HTTP/1.1" 200 36025
INFO 2025-07-07 20:42:00,646 basehttp "GET /static/library/css/library.css HTTP/1.1" 304 0
INFO 2025-07-07 21:27:27,660 basehttp "GET /library/document/1/ HTTP/1.1" 200 37833
INFO 2025-07-07 21:27:27,705 basehttp "GET /static/admin/css/admin-rtl.css HTTP/1.1" 200 2737
INFO 2025-07-07 21:27:27,705 basehttp "GET /static/library/css/library.css HTTP/1.1" 200 7037
INFO 2025-07-07 21:27:27,734 basehttp "GET /static/admin/css/rtl.css HTTP/1.1" 304 0
INFO 2025-07-07 21:27:27,735 basehttp "GET /static/admin/css/base.css HTTP/1.1" 304 0
INFO 2025-07-07 21:27:27,737 basehttp "GET /static/admin/js/theme.js HTTP/1.1" 304 0
INFO 2025-07-07 21:27:27,739 basehttp "GET /static/admin/css/dark_mode.css HTTP/1.1" 200 2929
INFO 2025-07-07 21:35:06,901 basehttp - Broken pipe from ('127.0.0.1', 59424)
INFO 2025-07-07 21:35:06,892 basehttp - Broken pipe from ('127.0.0.1', 59419)
INFO 2025-07-07 21:35:18,230 basehttp "GET /admin/ HTTP/1.1" 200 23910
INFO 2025-07-07 21:35:18,546 basehttp "GET /static/admin/css/responsive.css HTTP/1.1" 304 0
INFO 2025-07-07 21:35:18,550 basehttp "GET /static/admin/css/responsive_rtl.css HTTP/1.1" 304 0
INFO 2025-07-07 21:35:18,596 basehttp "GET /static/admin/js/nav_sidebar.js HTTP/1.1" 304 0
INFO 2025-07-07 21:35:18,626 basehttp "GET /static/admin/css/nav_sidebar.css HTTP/1.1" 200 2694
INFO 2025-07-07 21:35:18,646 basehttp "GET /static/admin/css/dashboard.css HTTP/1.1" 200 441
INFO 2025-07-07 21:35:18,798 basehttp "GET /static/admin/img/icon-changelink.svg HTTP/1.1" 200 380
INFO 2025-07-07 21:35:21,641 basehttp "GET / HTTP/1.1" 200 23356
INFO 2025-07-07 21:35:21,788 basehttp "GET /static/css/style.css HTTP/1.1" 200 3543
INFO 2025-07-07 21:39:38,804 basehttp "GET /library/ HTTP/1.1" 200 14356
INFO 2025-07-07 21:39:41,947 basehttp "GET /library/document/1/ HTTP/1.1" 200 37833
INFO 2025-07-07 21:52:57,672 basehttp "GET /library/ HTTP/1.1" 200 14356
INFO 2025-07-07 21:52:57,928 basehttp "GET /static/library/css/library.css HTTP/1.1" 304 0
INFO 2025-07-07 21:53:00,603 basehttp "GET /library/document/3/ HTTP/1.1" 200 37484
INFO 2025-07-07 21:53:06,134 basehttp "GET /library/document/3/download/ HTTP/1.1" 200 38669981
INFO 2025-07-07 21:53:23,780 autoreload D:\sanad system\sanad_system\library\forms.py changed, reloading.
INFO 2025-07-07 21:53:24,605 autoreload D:\sanad system\sanad_system\library\forms.py changed, reloading.
INFO 2025-07-07 23:33:07,940 autoreload Watching for file changes with StatReloader
WARNING 2025-07-07 23:33:26,984 base Session data corrupted
INFO 2025-07-07 23:33:27,098 basehttp "GET /admin/library/document/3/change/ HTTP/1.1" 302 0
INFO 2025-07-07 23:33:27,542 basehttp "GET /admin/login/?next=/admin/library/document/3/change/ HTTP/1.1" 200 21601
INFO 2025-07-07 23:33:28,317 basehttp "GET /static/admin/css/dark_mode.css HTTP/1.1" 200 2929
INFO 2025-07-07 23:33:28,318 basehttp "GET /static/admin/css/base.css HTTP/1.1" 200 21310
INFO 2025-07-07 23:33:28,346 basehttp "GET /static/admin/js/theme.js HTTP/1.1" 304 0
INFO 2025-07-07 23:33:28,422 basehttp "GET /static/admin/js/nav_sidebar.js HTTP/1.1" 304 0
INFO 2025-07-07 23:33:28,452 basehttp "GET /static/admin/css/nav_sidebar.css HTTP/1.1" 200 2694
INFO 2025-07-07 23:33:28,453 basehttp "GET /static/admin/css/rtl.css HTTP/1.1" 200 4918
INFO 2025-07-07 23:33:28,527 basehttp "GET /static/admin/css/responsive.css HTTP/1.1" 200 18559
INFO 2025-07-07 23:33:28,736 basehttp "GET /static/admin/css/responsive_rtl.css HTTP/1.1" 200 1864
INFO 2025-07-07 23:33:28,853 basehttp "GET /static/admin/img/icon-addlink.svg HTTP/1.1" 200 331
WARNING 2025-07-07 23:33:29,726 log Not Found: /favicon.ico
WARNING 2025-07-07 23:33:29,747 basehttp "GET /favicon.ico HTTP/1.1" 404 7729
INFO 2025-07-07 23:33:40,216 basehttp "POST /admin/login/?next=/admin/library/document/3/change/ HTTP/1.1" 302 0
INFO 2025-07-07 23:33:40,709 basehttp "GET /admin/library/document/3/change/ HTTP/1.1" 200 27595
INFO 2025-07-07 23:33:40,892 basehttp "GET /static/admin/img/icon-deletelink.svg HTTP/1.1" 200 392
INFO 2025-07-07 23:33:40,894 basehttp "GET /static/admin/css/forms.css HTTP/1.1" 200 9090
INFO 2025-07-07 23:33:40,896 basehttp "GET /static/admin/js/collapse.js HTTP/1.1" 200 1803
INFO 2025-07-07 23:33:40,899 basehttp "GET /static/admin/css/admin-rtl.css HTTP/1.1" 200 2737
INFO 2025-07-07 23:33:40,900 basehttp "GET /static/admin/img/icon-viewlink.svg HTTP/1.1" 200 581
INFO 2025-07-07 23:33:40,942 basehttp "GET /static/library/js/admin_preview.js HTTP/1.1" 200 4030
INFO 2025-07-07 23:33:40,943 basehttp "GET /static/admin/js/jquery.init.js HTTP/1.1" 200 347
INFO 2025-07-07 23:33:40,964 basehttp "GET /static/admin/js/change_form.js HTTP/1.1" 200 606
INFO 2025-07-07 23:33:40,967 basehttp "GET /static/admin/js/prepopulate_init.js HTTP/1.1" 200 586
INFO 2025-07-07 23:33:40,973 basehttp "GET /static/admin/js/vendor/jquery/jquery.js HTTP/1.1" 304 0
INFO 2025-07-07 23:33:40,974 basehttp "GET /static/admin/js/core.js HTTP/1.1" 304 0
INFO 2025-07-07 23:33:40,991 basehttp "GET /static/admin/js/admin/RelatedObjectLookups.js HTTP/1.1" 304 0
INFO 2025-07-07 23:33:40,993 basehttp "GET /static/admin/css/widgets.css HTTP/1.1" 200 11921
INFO 2025-07-07 23:33:41,029 basehttp "GET /admin/jsi18n/ HTTP/1.1" 200 14011
INFO 2025-07-07 23:33:41,119 basehttp "GET /static/admin/js/actions.js HTTP/1.1" 304 0
INFO 2025-07-07 23:33:41,119 basehttp "GET /static/admin/js/urlify.js HTTP/1.1" 304 0
INFO 2025-07-07 23:33:41,120 basehttp "GET /static/admin/js/prepopulate.js HTTP/1.1" 304 0
INFO 2025-07-07 23:33:41,121 basehttp "GET /static/admin/js/vendor/xregexp/xregexp.js HTTP/1.1" 304 0
INFO 2025-07-07 23:33:41,251 basehttp "GET /static/admin/img/icon-changelink.svg HTTP/1.1" 200 380
INFO 2025-07-07 23:33:41,266 basehttp "GET /static/admin/img/tooltag-arrowright.svg HTTP/1.1" 200 280
INFO 2025-07-07 23:33:45,012 basehttp "GET / HTTP/1.1" 200 30219
INFO 2025-07-07 23:33:47,510 basehttp "GET /library/ HTTP/1.1" 200 15085
INFO 2025-07-07 23:33:47,769 basehttp "GET /static/library/css/library.css HTTP/1.1" 200 21303
INFO 2025-07-07 23:33:50,641 basehttp "GET /library/document/1/ HTTP/1.1" 200 38562
INFO 2025-07-07 23:34:32,635 basehttp "GET /admin/ HTTP/1.1" 200 23910
INFO 2025-07-07 23:34:32,721 basehttp "GET /static/admin/css/dashboard.css HTTP/1.1" 200 441
INFO 2025-07-07 23:34:34,940 basehttp "GET / HTTP/1.1" 200 30219
INFO 2025-07-07 23:34:36,903 basehttp "GET /hadith/ HTTP/1.1" 200 34315
INFO 2025-07-07 23:34:38,603 basehttp "GET /narrators/ HTTP/1.1" 200 37243
INFO 2025-07-07 23:34:40,382 basehttp "GET /hadith/create/ HTTP/1.1" 200 33720
INFO 2025-07-07 23:34:43,541 basehttp "GET /library/ HTTP/1.1" 200 15085
WARNING 2025-07-07 23:35:02,694 log Not Found: /api/library/suggestions/
WARNING 2025-07-07 23:35:02,698 basehttp "GET /api/library/suggestions/?q=h HTTP/1.1" 404 7772
WARNING 2025-07-07 23:35:03,151 log Not Found: /api/library/suggestions/
WARNING 2025-07-07 23:35:03,158 basehttp "GET /api/library/suggestions/?q=hg HTTP/1.1" 404 7773
WARNING 2025-07-07 23:35:07,499 log Not Found: /api/library/suggestions/
WARNING 2025-07-07 23:35:07,501 basehttp "GET /api/library/suggestions/?q=%D8%A7%D9%84%D8%A7 HTTP/1.1" 404 7789
WARNING 2025-07-07 23:35:07,972 log Not Found: /api/library/suggestions/
WARNING 2025-07-07 23:35:07,974 basehttp "GET /api/library/suggestions/?q=%D8%A7%D9%84%D8%A7%D9%8A HTTP/1.1" 404 7795
WARNING 2025-07-07 23:35:08,402 log Not Found: /api/library/suggestions/
WARNING 2025-07-07 23:35:08,404 basehttp "GET /api/library/suggestions/?q=%D8%A7%D9%84%D8%A7%D9%8A%D9%85 HTTP/1.1" 404 7801
WARNING 2025-07-07 23:35:09,056 log Not Found: /api/library/suggestions/
WARNING 2025-07-07 23:35:09,058 basehttp "GET /api/library/suggestions/?q=%D8%A7%D9%84%D8%A7%D9%8A%D9%85%D8%A7%D9%86 HTTP/1.1" 404 7813
ERROR 2025-07-07 23:35:09,755 log Internal Server Error: /library/search/
Traceback (most recent call last):
  File "C:\Users\T\AppData\Roaming\Python\Python313\site-packages\django\template\defaulttags.py", line 1026, in find_library
    return parser.libraries[name]
           ~~~~~~~~~~~~~~~~^^^^^^
KeyError: 'widget_tweaks'

During handling of the above exception, another exception occurred:

Traceback (most recent call last):
  File "C:\Users\T\AppData\Roaming\Python\Python313\site-packages\django\core\handlers\exception.py", line 55, in inner
    response = get_response(request)
  File "C:\Users\T\AppData\Roaming\Python\Python313\site-packages\django\core\handlers\base.py", line 220, in _get_response
    response = response.render()
  File "C:\Users\T\AppData\Roaming\Python\Python313\site-packages\django\template\response.py", line 114, in render
    self.content = self.rendered_content
                   ^^^^^^^^^^^^^^^^^^^^^
  File "C:\Users\T\AppData\Roaming\Python\Python313\site-packages\django\template\response.py", line 90, in rendered_content
    template = self.resolve_template(self.template_name)
  File "C:\Users\T\AppData\Roaming\Python\Python313\site-packages\django\template\response.py", line 72, in resolve_template
    return select_template(template, using=self.using)
  File "C:\Users\T\AppData\Roaming\Python\Python313\site-packages\django\template\loader.py", line 42, in select_template
    return engine.get_template(template_name)
           ~~~~~~~~~~~~~~~~~~~^^^^^^^^^^^^^^^
  File "C:\Users\T\AppData\Roaming\Python\Python313\site-packages\django\template\backends\django.py", line 33, in get_template
    return Template(self.engine.get_template(template_name), self)
                    ~~~~~~~~~~~~~~~~~~~~~~~~^^^^^^^^^^^^^^^
  File "C:\Users\T\AppData\Roaming\Python\Python313\site-packages\django\template\engine.py", line 175, in get_template
    template, origin = self.find_template(template_name)
                       ~~~~~~~~~~~~~~~~~~^^^^^^^^^^^^^^^
  File "C:\Users\T\AppData\Roaming\Python\Python313\site-packages\django\template\engine.py", line 157, in find_template
    template = loader.get_template(name, skip=skip)
  File "C:\Users\T\AppData\Roaming\Python\Python313\site-packages\django\template\loaders\cached.py", line 57, in get_template
    template = super().get_template(template_name, skip)
  File "C:\Users\T\AppData\Roaming\Python\Python313\site-packages\django\template\loaders\base.py", line 28, in get_template
    return Template(
        contents,
    ...<2 lines>...
        self.engine,
    )
  File "C:\Users\T\AppData\Roaming\Python\Python313\site-packages\django\template\base.py", line 154, in __init__
    self.nodelist = self.compile_nodelist()
                    ~~~~~~~~~~~~~~~~~~~~~^^
  File "C:\Users\T\AppData\Roaming\Python\Python313\site-packages\django\template\base.py", line 200, in compile_nodelist
    return parser.parse()
           ~~~~~~~~~~~~^^
  File "C:\Users\T\AppData\Roaming\Python\Python313\site-packages\django\template\base.py", line 513, in parse
    raise self.error(token, e)
  File "C:\Users\T\AppData\Roaming\Python\Python313\site-packages\django\template\base.py", line 511, in parse
    compiled_result = compile_func(self, token)
  File "C:\Users\T\AppData\Roaming\Python\Python313\site-packages\django\template\loader_tags.py", line 293, in do_extends
    nodelist = parser.parse()
  File "C:\Users\T\AppData\Roaming\Python\Python313\site-packages\django\template\base.py", line 513, in parse
    raise self.error(token, e)
  File "C:\Users\T\AppData\Roaming\Python\Python313\site-packages\django\template\base.py", line 511, in parse
    compiled_result = compile_func(self, token)
  File "C:\Users\T\AppData\Roaming\Python\Python313\site-packages\django\template\defaulttags.py", line 1088, in load
    lib = find_library(parser, name)
  File "C:\Users\T\AppData\Roaming\Python\Python313\site-packages\django\template\defaulttags.py", line 1028, in find_library
    raise TemplateSyntaxError(
    ...<5 lines>...
    )
django.template.exceptions.TemplateSyntaxError: 'widget_tweaks' is not a registered tag library. Must be one of:
admin_list
admin_modify
admin_urls
cache
highlight_filters
humanize
i18n
jformat
l10n
log
static
tz
ERROR 2025-07-07 23:35:09,857 basehttp "GET /library/search/?q=%D8%A7%D9%84%D8%A7%D9%8A%D9%85%D8%A7%D9%86 HTTP/1.1" 500 231552
INFO 2025-07-08 13:48:21,736 autoreload Watching for file changes with StatReloader
INFO 2025-07-08 13:48:37,326 basehttp "GET /accounts/login/?next=/ HTTP/1.1" 302 0
INFO 2025-07-08 13:48:38,393 basehttp "GET / HTTP/1.1" 200 30219
INFO 2025-07-08 13:48:39,305 basehttp "GET /pdf-reader/ HTTP/1.1" 200 28810
INFO 2025-07-08 13:48:39,477 basehttp "GET /pdf-reader/ HTTP/1.1" 200 28810
INFO 2025-07-08 13:48:40,463 basehttp "GET /static/css/style.css HTTP/1.1" 200 3543
INFO 2025-07-08 13:48:40,470 basehttp "GET /static/js/main.js HTTP/1.1" 200 4545
INFO 2025-07-08 13:48:42,980 basehttp "GET /static/css/style.css HTTP/1.1" 304 0
INFO 2025-07-08 13:48:42,985 basehttp "GET /static/js/main.js HTTP/1.1" 304 0
INFO 2025-07-08 13:49:03,550 basehttp "GET /library/ HTTP/1.1" 200 15085
INFO 2025-07-08 13:49:03,737 basehttp "GET /static/admin/css/base.css HTTP/1.1" 304 0
INFO 2025-07-08 13:49:03,740 basehttp "GET /static/admin/css/responsive_rtl.css HTTP/1.1" 304 0
INFO 2025-07-08 13:49:03,752 basehttp "GET /static/admin/css/dark_mode.css HTTP/1.1" 304 0
INFO 2025-07-08 13:49:03,753 basehttp "GET /static/admin/css/admin-rtl.css HTTP/1.1" 304 0
INFO 2025-07-08 13:49:03,755 basehttp "GET /static/library/css/library.css HTTP/1.1" 304 0
INFO 2025-07-08 13:49:03,756 basehttp "GET /static/admin/css/rtl.css HTTP/1.1" 304 0
INFO 2025-07-08 13:49:03,760 basehttp "GET /static/admin/css/responsive.css HTTP/1.1" 304 0
INFO 2025-07-08 13:49:03,767 basehttp "GET /static/admin/js/theme.js HTTP/1.1" 304 0
INFO 2025-07-08 13:49:03,957 basehttp "GET /static/admin/img/icon-addlink.svg HTTP/1.1" 200 331
INFO 2025-07-08 13:49:24,392 basehttp "GET /library/document/1/ HTTP/1.1" 200 38562
INFO 2025-07-08 13:55:20,927 autoreload D:\sanad system\sanad_system\library\views.py changed, reloading.
INFO 2025-07-08 13:55:42,973 autoreload Watching for file changes with StatReloader
INFO 2025-07-08 13:56:15,311 autoreload D:\sanad system\sanad_system\library\urls.py changed, reloading.
INFO 2025-07-08 13:56:17,474 autoreload Watching for file changes with StatReloader
INFO 2025-07-08 13:57:09,219 autoreload D:\sanad system\sanad_system\library\views.py changed, reloading.
INFO 2025-07-08 13:57:10,901 autoreload Watching for file changes with StatReloader
INFO 2025-07-08 13:58:20,142 basehttp "GET /library/ HTTP/1.1" 200 15085
INFO 2025-07-08 14:13:34,725 basehttp - Broken pipe from ('127.0.0.1', 49864)
INFO 2025-07-08 14:34:19,335 autoreload Watching for file changes with StatReloader
INFO 2025-07-08 14:35:02,287 basehttp "GET / HTTP/1.1" 200 30219
INFO 2025-07-08 14:35:08,567 basehttp "GET /library/ HTTP/1.1" 200 15085
INFO 2025-07-08 14:35:09,780 basehttp - Broken pipe from ('127.0.0.1', 52004)
ERROR 2025-07-08 14:35:11,457 log Internal Server Error: /library/document/1/
Traceback (most recent call last):
  File "C:\Users\T\AppData\Roaming\Python\Python313\site-packages\django\template\defaulttags.py", line 1026, in find_library
    return parser.libraries[name]
           ~~~~~~~~~~~~~~~~^^^^^^
KeyError: 'pdf_reader_tags'

During handling of the above exception, another exception occurred:

Traceback (most recent call last):
  File "C:\Users\T\AppData\Roaming\Python\Python313\site-packages\django\core\handlers\exception.py", line 55, in inner
    response = get_response(request)
  File "C:\Users\T\AppData\Roaming\Python\Python313\site-packages\django\core\handlers\base.py", line 220, in _get_response
    response = response.render()
  File "C:\Users\T\AppData\Roaming\Python\Python313\site-packages\django\template\response.py", line 114, in render
    self.content = self.rendered_content
                   ^^^^^^^^^^^^^^^^^^^^^
  File "C:\Users\T\AppData\Roaming\Python\Python313\site-packages\django\template\response.py", line 90, in rendered_content
    template = self.resolve_template(self.template_name)
  File "C:\Users\T\AppData\Roaming\Python\Python313\site-packages\django\template\response.py", line 72, in resolve_template
    return select_template(template, using=self.using)
  File "C:\Users\T\AppData\Roaming\Python\Python313\site-packages\django\template\loader.py", line 42, in select_template
    return engine.get_template(template_name)
           ~~~~~~~~~~~~~~~~~~~^^^^^^^^^^^^^^^
  File "C:\Users\T\AppData\Roaming\Python\Python313\site-packages\django\template\backends\django.py", line 33, in get_template
    return Template(self.engine.get_template(template_name), self)
                    ~~~~~~~~~~~~~~~~~~~~~~~~^^^^^^^^^^^^^^^
  File "C:\Users\T\AppData\Roaming\Python\Python313\site-packages\django\template\engine.py", line 175, in get_template
    template, origin = self.find_template(template_name)
                       ~~~~~~~~~~~~~~~~~~^^^^^^^^^^^^^^^
  File "C:\Users\T\AppData\Roaming\Python\Python313\site-packages\django\template\engine.py", line 157, in find_template
    template = loader.get_template(name, skip=skip)
  File "C:\Users\T\AppData\Roaming\Python\Python313\site-packages\django\template\loaders\cached.py", line 57, in get_template
    template = super().get_template(template_name, skip)
  File "C:\Users\T\AppData\Roaming\Python\Python313\site-packages\django\template\loaders\base.py", line 28, in get_template
    return Template(
        contents,
    ...<2 lines>...
        self.engine,
    )
  File "C:\Users\T\AppData\Roaming\Python\Python313\site-packages\django\template\base.py", line 154, in __init__
    self.nodelist = self.compile_nodelist()
                    ~~~~~~~~~~~~~~~~~~~~~^^
  File "C:\Users\T\AppData\Roaming\Python\Python313\site-packages\django\template\base.py", line 200, in compile_nodelist
    return parser.parse()
           ~~~~~~~~~~~~^^
  File "C:\Users\T\AppData\Roaming\Python\Python313\site-packages\django\template\base.py", line 513, in parse
    raise self.error(token, e)
  File "C:\Users\T\AppData\Roaming\Python\Python313\site-packages\django\template\base.py", line 511, in parse
    compiled_result = compile_func(self, token)
  File "C:\Users\T\AppData\Roaming\Python\Python313\site-packages\django\template\loader_tags.py", line 293, in do_extends
    nodelist = parser.parse()
  File "C:\Users\T\AppData\Roaming\Python\Python313\site-packages\django\template\base.py", line 513, in parse
    raise self.error(token, e)
  File "C:\Users\T\AppData\Roaming\Python\Python313\site-packages\django\template\base.py", line 511, in parse
    compiled_result = compile_func(self, token)
  File "C:\Users\T\AppData\Roaming\Python\Python313\site-packages\django\template\defaulttags.py", line 1088, in load
    lib = find_library(parser, name)
  File "C:\Users\T\AppData\Roaming\Python\Python313\site-packages\django\template\defaulttags.py", line 1028, in find_library
    raise TemplateSyntaxError(
    ...<5 lines>...
    )
django.template.exceptions.TemplateSyntaxError: 'pdf_reader_tags' is not a registered tag library. Must be one of:
admin_list
admin_modify
admin_urls
cache
highlight_filters
humanize
i18n
jformat
l10n
log
static
tz
ERROR 2025-07-08 14:35:11,569 basehttp "GET /library/document/1/ HTTP/1.1" 500 230949
INFO 2025-07-08 14:35:45,749 autoreload D:\sanad system\sanad_system\pdf_reader\views.py changed, reloading.
INFO 2025-07-08 14:35:45,867 autoreload D:\sanad system\sanad_system\pdf_reader\views.py changed, reloading.
INFO 2025-07-08 14:35:53,823 autoreload Watching for file changes with StatReloader
INFO 2025-07-08 14:36:10,549 autoreload Watching for file changes with StatReloader
INFO 2025-07-08 14:37:40,070 autoreload D:\sanad system\sanad_system\pdf_reader\views.py changed, reloading.
INFO 2025-07-08 14:37:40,121 autoreload D:\sanad system\sanad_system\pdf_reader\views.py changed, reloading.
INFO 2025-07-08 14:37:45,050 autoreload Watching for file changes with StatReloader
INFO 2025-07-08 14:37:45,051 autoreload Watching for file changes with StatReloader
INFO 2025-07-08 14:38:46,887 autoreload D:\sanad system\sanad_system\pdf_reader\views.py changed, reloading.
INFO 2025-07-08 14:38:47,099 autoreload D:\sanad system\sanad_system\pdf_reader\views.py changed, reloading.
INFO 2025-07-08 14:38:50,624 autoreload Watching for file changes with StatReloader
INFO 2025-07-08 14:38:50,634 autoreload Watching for file changes with StatReloader
INFO 2025-07-08 14:39:07,304 autoreload D:\sanad system\sanad_system\pdf_reader\views.py changed, reloading.
INFO 2025-07-08 14:39:07,512 autoreload D:\sanad system\sanad_system\pdf_reader\views.py changed, reloading.
INFO 2025-07-08 14:39:15,206 autoreload Watching for file changes with StatReloader
INFO 2025-07-08 14:39:15,207 autoreload Watching for file changes with StatReloader
INFO 2025-07-08 14:39:33,400 autoreload D:\sanad system\sanad_system\pdf_reader\urls.py changed, reloading.
INFO 2025-07-08 14:39:33,408 autoreload D:\sanad system\sanad_system\pdf_reader\urls.py changed, reloading.
INFO 2025-07-08 14:39:36,690 autoreload Watching for file changes with StatReloader
INFO 2025-07-08 14:39:36,695 autoreload Watching for file changes with StatReloader
INFO 2025-07-08 14:39:51,309 autoreload D:\sanad system\sanad_system\sanad_system\urls.py changed, reloading.
INFO 2025-07-08 14:39:51,612 autoreload D:\sanad system\sanad_system\sanad_system\urls.py changed, reloading.
INFO 2025-07-08 14:40:00,767 autoreload Watching for file changes with StatReloader
INFO 2025-07-08 14:40:00,767 autoreload Watching for file changes with StatReloader
ERROR 2025-07-08 14:53:16,186 log Internal Server Error: /library/document/1/
Traceback (most recent call last):
  File "C:\Users\T\AppData\Roaming\Python\Python313\site-packages\django\template\base.py", line 505, in parse
    compile_func = self.tags[command]
                   ~~~~~~~~~^^^^^^^^^
KeyError: 'else'

During handling of the above exception, another exception occurred:

Traceback (most recent call last):
  File "C:\Users\T\AppData\Roaming\Python\Python313\site-packages\django\core\handlers\exception.py", line 55, in inner
    response = get_response(request)
  File "C:\Users\T\AppData\Roaming\Python\Python313\site-packages\django\core\handlers\base.py", line 220, in _get_response
    response = response.render()
  File "C:\Users\T\AppData\Roaming\Python\Python313\site-packages\django\template\response.py", line 114, in render
    self.content = self.rendered_content
                   ^^^^^^^^^^^^^^^^^^^^^
  File "C:\Users\T\AppData\Roaming\Python\Python313\site-packages\django\template\response.py", line 90, in rendered_content
    template = self.resolve_template(self.template_name)
  File "C:\Users\T\AppData\Roaming\Python\Python313\site-packages\django\template\response.py", line 72, in resolve_template
    return select_template(template, using=self.using)
  File "C:\Users\T\AppData\Roaming\Python\Python313\site-packages\django\template\loader.py", line 42, in select_template
    return engine.get_template(template_name)
           ~~~~~~~~~~~~~~~~~~~^^^^^^^^^^^^^^^
  File "C:\Users\T\AppData\Roaming\Python\Python313\site-packages\django\template\backends\django.py", line 33, in get_template
    return Template(self.engine.get_template(template_name), self)
                    ~~~~~~~~~~~~~~~~~~~~~~~~^^^^^^^^^^^^^^^
  File "C:\Users\T\AppData\Roaming\Python\Python313\site-packages\django\template\engine.py", line 175, in get_template
    template, origin = self.find_template(template_name)
                       ~~~~~~~~~~~~~~~~~~^^^^^^^^^^^^^^^
  File "C:\Users\T\AppData\Roaming\Python\Python313\site-packages\django\template\engine.py", line 157, in find_template
    template = loader.get_template(name, skip=skip)
  File "C:\Users\T\AppData\Roaming\Python\Python313\site-packages\django\template\loaders\cached.py", line 57, in get_template
    template = super().get_template(template_name, skip)
  File "C:\Users\T\AppData\Roaming\Python\Python313\site-packages\django\template\loaders\base.py", line 28, in get_template
    return Template(
        contents,
    ...<2 lines>...
        self.engine,
    )
  File "C:\Users\T\AppData\Roaming\Python\Python313\site-packages\django\template\base.py", line 154, in __init__
    self.nodelist = self.compile_nodelist()
                    ~~~~~~~~~~~~~~~~~~~~~^^
  File "C:\Users\T\AppData\Roaming\Python\Python313\site-packages\django\template\base.py", line 200, in compile_nodelist
    return parser.parse()
           ~~~~~~~~~~~~^^
  File "C:\Users\T\AppData\Roaming\Python\Python313\site-packages\django\template\base.py", line 513, in parse
    raise self.error(token, e)
  File "C:\Users\T\AppData\Roaming\Python\Python313\site-packages\django\template\base.py", line 511, in parse
    compiled_result = compile_func(self, token)
  File "C:\Users\T\AppData\Roaming\Python\Python313\site-packages\django\template\loader_tags.py", line 293, in do_extends
    nodelist = parser.parse()
  File "C:\Users\T\AppData\Roaming\Python\Python313\site-packages\django\template\base.py", line 513, in parse
    raise self.error(token, e)
  File "C:\Users\T\AppData\Roaming\Python\Python313\site-packages\django\template\base.py", line 511, in parse
    compiled_result = compile_func(self, token)
  File "C:\Users\T\AppData\Roaming\Python\Python313\site-packages\django\template\loader_tags.py", line 232, in do_block
    nodelist = parser.parse(("endblock",))
  File "C:\Users\T\AppData\Roaming\Python\Python313\site-packages\django\template\base.py", line 513, in parse
    raise self.error(token, e)
  File "C:\Users\T\AppData\Roaming\Python\Python313\site-packages\django\template\base.py", line 511, in parse
    compiled_result = compile_func(self, token)
  File "C:\Users\T\AppData\Roaming\Python\Python313\site-packages\django\template\defaulttags.py", line 967, in do_if
    nodelist = parser.parse(("endif",))
  File "C:\Users\T\AppData\Roaming\Python\Python313\site-packages\django\template\base.py", line 507, in parse
    self.invalid_block_tag(token, command, parse_until)
    ~~~~~~~~~~~~~~~~~~~~~~^^^^^^^^^^^^^^^^^^^^^^^^^^^^^
  File "C:\Users\T\AppData\Roaming\Python\Python313\site-packages\django\template\base.py", line 558, in invalid_block_tag
    raise self.error(
    ...<8 lines>...
    )
django.template.exceptions.TemplateSyntaxError: Invalid block tag on line 205: 'else', expected 'endif'. Did you forget to register or load this tag?
ERROR 2025-07-08 14:53:16,529 basehttp "GET /library/document/1/ HTTP/1.1" 500 216947
INFO 2025-07-08 14:53:31,076 autoreload D:\sanad system\sanad_system\pdf_reader\templatetags\__init__.py changed, reloading.
INFO 2025-07-08 14:53:34,784 autoreload D:\sanad system\sanad_system\pdf_reader\templatetags\__init__.py changed, reloading.
INFO 2025-07-08 14:53:40,411 autoreload Watching for file changes with StatReloader
INFO 2025-07-08 14:53:40,412 autoreload Watching for file changes with StatReloader
INFO 2025-07-08 14:54:54,639 autoreload Watching for file changes with StatReloader
INFO 2025-07-08 14:55:35,957 autoreload Watching for file changes with StatReloader
ERROR 2025-07-08 14:55:50,106 log Internal Server Error: /library/document/1/
Traceback (most recent call last):
  File "C:\Users\T\AppData\Roaming\Python\Python313\site-packages\django\template\base.py", line 505, in parse
    compile_func = self.tags[command]
                   ~~~~~~~~~^^^^^^^^^
KeyError: 'else'

During handling of the above exception, another exception occurred:

Traceback (most recent call last):
  File "C:\Users\T\AppData\Roaming\Python\Python313\site-packages\django\core\handlers\exception.py", line 55, in inner
    response = get_response(request)
  File "C:\Users\T\AppData\Roaming\Python\Python313\site-packages\django\core\handlers\base.py", line 220, in _get_response
    response = response.render()
  File "C:\Users\T\AppData\Roaming\Python\Python313\site-packages\django\template\response.py", line 114, in render
    self.content = self.rendered_content
                   ^^^^^^^^^^^^^^^^^^^^^
  File "C:\Users\T\AppData\Roaming\Python\Python313\site-packages\django\template\response.py", line 90, in rendered_content
    template = self.resolve_template(self.template_name)
  File "C:\Users\T\AppData\Roaming\Python\Python313\site-packages\django\template\response.py", line 72, in resolve_template
    return select_template(template, using=self.using)
  File "C:\Users\T\AppData\Roaming\Python\Python313\site-packages\django\template\loader.py", line 42, in select_template
    return engine.get_template(template_name)
           ~~~~~~~~~~~~~~~~~~~^^^^^^^^^^^^^^^
  File "C:\Users\T\AppData\Roaming\Python\Python313\site-packages\django\template\backends\django.py", line 33, in get_template
    return Template(self.engine.get_template(template_name), self)
                    ~~~~~~~~~~~~~~~~~~~~~~~~^^^^^^^^^^^^^^^
  File "C:\Users\T\AppData\Roaming\Python\Python313\site-packages\django\template\engine.py", line 175, in get_template
    template, origin = self.find_template(template_name)
                       ~~~~~~~~~~~~~~~~~~^^^^^^^^^^^^^^^
  File "C:\Users\T\AppData\Roaming\Python\Python313\site-packages\django\template\engine.py", line 157, in find_template
    template = loader.get_template(name, skip=skip)
  File "C:\Users\T\AppData\Roaming\Python\Python313\site-packages\django\template\loaders\cached.py", line 57, in get_template
    template = super().get_template(template_name, skip)
  File "C:\Users\T\AppData\Roaming\Python\Python313\site-packages\django\template\loaders\base.py", line 28, in get_template
    return Template(
        contents,
    ...<2 lines>...
        self.engine,
    )
  File "C:\Users\T\AppData\Roaming\Python\Python313\site-packages\django\template\base.py", line 154, in __init__
    self.nodelist = self.compile_nodelist()
                    ~~~~~~~~~~~~~~~~~~~~~^^
  File "C:\Users\T\AppData\Roaming\Python\Python313\site-packages\django\template\base.py", line 200, in compile_nodelist
    return parser.parse()
           ~~~~~~~~~~~~^^
  File "C:\Users\T\AppData\Roaming\Python\Python313\site-packages\django\template\base.py", line 513, in parse
    raise self.error(token, e)
  File "C:\Users\T\AppData\Roaming\Python\Python313\site-packages\django\template\base.py", line 511, in parse
    compiled_result = compile_func(self, token)
  File "C:\Users\T\AppData\Roaming\Python\Python313\site-packages\django\template\loader_tags.py", line 293, in do_extends
    nodelist = parser.parse()
  File "C:\Users\T\AppData\Roaming\Python\Python313\site-packages\django\template\base.py", line 513, in parse
    raise self.error(token, e)
  File "C:\Users\T\AppData\Roaming\Python\Python313\site-packages\django\template\base.py", line 511, in parse
    compiled_result = compile_func(self, token)
  File "C:\Users\T\AppData\Roaming\Python\Python313\site-packages\django\template\loader_tags.py", line 232, in do_block
    nodelist = parser.parse(("endblock",))
  File "C:\Users\T\AppData\Roaming\Python\Python313\site-packages\django\template\base.py", line 513, in parse
    raise self.error(token, e)
  File "C:\Users\T\AppData\Roaming\Python\Python313\site-packages\django\template\base.py", line 511, in parse
    compiled_result = compile_func(self, token)
  File "C:\Users\T\AppData\Roaming\Python\Python313\site-packages\django\template\defaulttags.py", line 967, in do_if
    nodelist = parser.parse(("endif",))
  File "C:\Users\T\AppData\Roaming\Python\Python313\site-packages\django\template\base.py", line 507, in parse
    self.invalid_block_tag(token, command, parse_until)
    ~~~~~~~~~~~~~~~~~~~~~~^^^^^^^^^^^^^^^^^^^^^^^^^^^^^
  File "C:\Users\T\AppData\Roaming\Python\Python313\site-packages\django\template\base.py", line 558, in invalid_block_tag
    raise self.error(
    ...<8 lines>...
    )
django.template.exceptions.TemplateSyntaxError: Invalid block tag on line 205: 'else', expected 'endif'. Did you forget to register or load this tag?
ERROR 2025-07-08 14:55:50,129 basehttp "GET /library/document/1/ HTTP/1.1" 500 216591
ERROR 2025-07-08 15:00:41,096 log Internal Server Error: /library/document/1/
Traceback (most recent call last):
  File "C:\Users\T\AppData\Roaming\Python\Python313\site-packages\django\template\base.py", line 505, in parse
    compile_func = self.tags[command]
                   ~~~~~~~~~^^^^^^^^^
KeyError: 'trans'

During handling of the above exception, another exception occurred:

Traceback (most recent call last):
  File "C:\Users\T\AppData\Roaming\Python\Python313\site-packages\django\core\handlers\exception.py", line 55, in inner
    response = get_response(request)
  File "C:\Users\T\AppData\Roaming\Python\Python313\site-packages\django\core\handlers\base.py", line 220, in _get_response
    response = response.render()
  File "C:\Users\T\AppData\Roaming\Python\Python313\site-packages\django\template\response.py", line 114, in render
    self.content = self.rendered_content
                   ^^^^^^^^^^^^^^^^^^^^^
  File "C:\Users\T\AppData\Roaming\Python\Python313\site-packages\django\template\response.py", line 92, in rendered_content
    return template.render(context, self._request)
           ~~~~~~~~~~~~~~~^^^^^^^^^^^^^^^^^^^^^^^^
  File "C:\Users\T\AppData\Roaming\Python\Python313\site-packages\django\template\backends\django.py", line 61, in render
    return self.template.render(context)
           ~~~~~~~~~~~~~~~~~~~~^^^^^^^^^
  File "C:\Users\T\AppData\Roaming\Python\Python313\site-packages\django\template\base.py", line 175, in render
    return self._render(context)
           ~~~~~~~~~~~~^^^^^^^^^
  File "C:\Users\T\AppData\Roaming\Python\Python313\site-packages\django\template\base.py", line 167, in _render
    return self.nodelist.render(context)
           ~~~~~~~~~~~~~~~~~~~~^^^^^^^^^
  File "C:\Users\T\AppData\Roaming\Python\Python313\site-packages\django\template\base.py", line 1005, in render
    return SafeString("".join([node.render_annotated(context) for node in self]))
                               ~~~~~~~~~~~~~~~~~~~~~^^^^^^^^^
  File "C:\Users\T\AppData\Roaming\Python\Python313\site-packages\django\template\base.py", line 966, in render_annotated
    return self.render(context)
           ~~~~~~~~~~~^^^^^^^^^
  File "C:\Users\T\AppData\Roaming\Python\Python313\site-packages\django\template\loader_tags.py", line 157, in render
    return compiled_parent._render(context)
           ~~~~~~~~~~~~~~~~~~~~~~~^^^^^^^^^
  File "C:\Users\T\AppData\Roaming\Python\Python313\site-packages\django\template\base.py", line 167, in _render
    return self.nodelist.render(context)
           ~~~~~~~~~~~~~~~~~~~~^^^^^^^^^
  File "C:\Users\T\AppData\Roaming\Python\Python313\site-packages\django\template\base.py", line 1005, in render
    return SafeString("".join([node.render_annotated(context) for node in self]))
                               ~~~~~~~~~~~~~~~~~~~~~^^^^^^^^^
  File "C:\Users\T\AppData\Roaming\Python\Python313\site-packages\django\template\base.py", line 966, in render_annotated
    return self.render(context)
           ~~~~~~~~~~~^^^^^^^^^
  File "C:\Users\T\AppData\Roaming\Python\Python313\site-packages\django\template\loader_tags.py", line 157, in render
    return compiled_parent._render(context)
           ~~~~~~~~~~~~~~~~~~~~~~~^^^^^^^^^
  File "C:\Users\T\AppData\Roaming\Python\Python313\site-packages\django\template\base.py", line 167, in _render
    return self.nodelist.render(context)
           ~~~~~~~~~~~~~~~~~~~~^^^^^^^^^
  File "C:\Users\T\AppData\Roaming\Python\Python313\site-packages\django\template\base.py", line 1005, in render
    return SafeString("".join([node.render_annotated(context) for node in self]))
                               ~~~~~~~~~~~~~~~~~~~~~^^^^^^^^^
  File "C:\Users\T\AppData\Roaming\Python\Python313\site-packages\django\template\base.py", line 966, in render_annotated
    return self.render(context)
           ~~~~~~~~~~~^^^^^^^^^
  File "C:\Users\T\AppData\Roaming\Python\Python313\site-packages\django\template\loader_tags.py", line 157, in render
    return compiled_parent._render(context)
           ~~~~~~~~~~~~~~~~~~~~~~~^^^^^^^^^
  File "C:\Users\T\AppData\Roaming\Python\Python313\site-packages\django\template\base.py", line 167, in _render
    return self.nodelist.render(context)
           ~~~~~~~~~~~~~~~~~~~~^^^^^^^^^
  File "C:\Users\T\AppData\Roaming\Python\Python313\site-packages\django\template\base.py", line 1005, in render
    return SafeString("".join([node.render_annotated(context) for node in self]))
                               ~~~~~~~~~~~~~~~~~~~~~^^^^^^^^^
  File "C:\Users\T\AppData\Roaming\Python\Python313\site-packages\django\template\base.py", line 966, in render_annotated
    return self.render(context)
           ~~~~~~~~~~~^^^^^^^^^
  File "C:\Users\T\AppData\Roaming\Python\Python313\site-packages\django\template\loader_tags.py", line 157, in render
    return compiled_parent._render(context)
           ~~~~~~~~~~~~~~~~~~~~~~~^^^^^^^^^
  File "C:\Users\T\AppData\Roaming\Python\Python313\site-packages\django\template\base.py", line 167, in _render
    return self.nodelist.render(context)
           ~~~~~~~~~~~~~~~~~~~~^^^^^^^^^
  File "C:\Users\T\AppData\Roaming\Python\Python313\site-packages\django\template\base.py", line 1005, in render
    return SafeString("".join([node.render_annotated(context) for node in self]))
                               ~~~~~~~~~~~~~~~~~~~~~^^^^^^^^^
  File "C:\Users\T\AppData\Roaming\Python\Python313\site-packages\django\template\base.py", line 966, in render_annotated
    return self.render(context)
           ~~~~~~~~~~~^^^^^^^^^
  File "C:\Users\T\AppData\Roaming\Python\Python313\site-packages\django\template\loader_tags.py", line 63, in render
    result = block.nodelist.render(context)
  File "C:\Users\T\AppData\Roaming\Python\Python313\site-packages\django\template\base.py", line 1005, in render
    return SafeString("".join([node.render_annotated(context) for node in self]))
                               ~~~~~~~~~~~~~~~~~~~~~^^^^^^^^^
  File "C:\Users\T\AppData\Roaming\Python\Python313\site-packages\django\template\base.py", line 966, in render_annotated
    return self.render(context)
           ~~~~~~~~~~~^^^^^^^^^
  File "C:\Users\T\AppData\Roaming\Python\Python313\site-packages\django\template\defaulttags.py", line 321, in render
    return nodelist.render(context)
           ~~~~~~~~~~~~~~~^^^^^^^^^
  File "C:\Users\T\AppData\Roaming\Python\Python313\site-packages\django\template\base.py", line 1005, in render
    return SafeString("".join([node.render_annotated(context) for node in self]))
                               ~~~~~~~~~~~~~~~~~~~~~^^^^^^^^^
  File "C:\Users\T\AppData\Roaming\Python\Python313\site-packages\django\template\base.py", line 966, in render_annotated
    return self.render(context)
           ~~~~~~~~~~~^^^^^^^^^
  File "C:\Users\T\AppData\Roaming\Python\Python313\site-packages\django\template\library.py", line 237, in render
    output = self.func(*resolved_args, **resolved_kwargs)
  File "D:\sanad system\sanad_system\pdf_reader\templatetags\pdf_reader_tags.py", line 13, in pdf_reader
    return mark_safe(render_to_string('pdf_reader/pdf_reader_component.html', {
                     ~~~~~~~~~~~~~~~~^^^^^^^^^^^^^^^^^^^^^^^^^^^^^^^^^^^^^^^^^^
        'pdf_url': pdf_url,
        ^^^^^^^^^^^^^^^^^^^
        'request': context.get('request')
        ^^^^^^^^^^^^^^^^^^^^^^^^^^^^^^^^^
    }))
    ^^
  File "C:\Users\T\AppData\Roaming\Python\Python313\site-packages\django\template\loader.py", line 61, in render_to_string
    template = get_template(template_name, using=using)
  File "C:\Users\T\AppData\Roaming\Python\Python313\site-packages\django\template\loader.py", line 15, in get_template
    return engine.get_template(template_name)
           ~~~~~~~~~~~~~~~~~~~^^^^^^^^^^^^^^^
  File "C:\Users\T\AppData\Roaming\Python\Python313\site-packages\django\template\backends\django.py", line 33, in get_template
    return Template(self.engine.get_template(template_name), self)
                    ~~~~~~~~~~~~~~~~~~~~~~~~^^^^^^^^^^^^^^^
  File "C:\Users\T\AppData\Roaming\Python\Python313\site-packages\django\template\engine.py", line 175, in get_template
    template, origin = self.find_template(template_name)
                       ~~~~~~~~~~~~~~~~~~^^^^^^^^^^^^^^^
  File "C:\Users\T\AppData\Roaming\Python\Python313\site-packages\django\template\engine.py", line 157, in find_template
    template = loader.get_template(name, skip=skip)
  File "C:\Users\T\AppData\Roaming\Python\Python313\site-packages\django\template\loaders\cached.py", line 57, in get_template
    template = super().get_template(template_name, skip)
  File "C:\Users\T\AppData\Roaming\Python\Python313\site-packages\django\template\loaders\base.py", line 28, in get_template
    return Template(
        contents,
    ...<2 lines>...
        self.engine,
    )
  File "C:\Users\T\AppData\Roaming\Python\Python313\site-packages\django\template\base.py", line 154, in __init__
    self.nodelist = self.compile_nodelist()
                    ~~~~~~~~~~~~~~~~~~~~~^^
  File "C:\Users\T\AppData\Roaming\Python\Python313\site-packages\django\template\base.py", line 200, in compile_nodelist
    return parser.parse()
           ~~~~~~~~~~~~^^
  File "C:\Users\T\AppData\Roaming\Python\Python313\site-packages\django\template\base.py", line 507, in parse
    self.invalid_block_tag(token, command, parse_until)
    ~~~~~~~~~~~~~~~~~~~~~~^^^^^^^^^^^^^^^^^^^^^^^^^^^^^
  File "C:\Users\T\AppData\Roaming\Python\Python313\site-packages\django\template\base.py", line 568, in invalid_block_tag
    raise self.error(
    ...<3 lines>...
    )
django.template.exceptions.TemplateSyntaxError: Invalid block tag on line 13: 'trans'. Did you forget to register or load this tag?
ERROR 2025-07-08 15:00:41,295 basehttp "GET /library/document/1/ HTTP/1.1" 500 344930
INFO 2025-07-08 15:06:51,608 basehttp "GET /library/document/1/ HTTP/1.1" 200 29030
INFO 2025-07-08 15:07:08,307 basehttp "GET /media/documents/%D8%A7%D9%84%D8%AD%D8%AF%D9%8A%D8%AB/%D9%85%D8%AE%D8%AA%D8%B5%D8%B1_%D8%B4%D8%B9%D8%A8_%D8%A7%D9%84%D8%A7%D9%8A%D9%85%D8%A7%D9%86_%D9%84%D9%84%D8%A8%D9%8A%D9%87%D9%82%D9%89.pdf HTTP/1.1" 200 8079021
INFO 2025-07-08 15:08:05,232 autoreload D:\sanad system\sanad_system\pdf_reader\views.py changed, reloading.
INFO 2025-07-08 15:08:15,351 autoreload Watching for file changes with StatReloader
INFO 2025-07-08 15:08:52,124 autoreload D:\sanad system\sanad_system\pdf_reader\urls.py changed, reloading.
INFO 2025-07-08 15:08:55,160 autoreload Watching for file changes with StatReloader
INFO 2025-07-08 15:20:06,151 basehttp "GET /library/document/1/ HTTP/1.1" 200 31647
INFO 2025-07-08 15:20:06,762 basehttp "GET /static/library/css/library.css HTTP/1.1" 304 0
INFO 2025-07-08 15:23:34,343 autoreload D:\sanad system\sanad_system\pdf_reader\templatetags\pdf_reader_tags.py changed, reloading.
INFO 2025-07-08 15:23:46,243 autoreload Watching for file changes with StatReloader
INFO 2025-07-08 15:26:23,531 autoreload D:\sanad system\sanad_system\pdf_reader\views.py changed, reloading.
INFO 2025-07-08 15:26:27,443 autoreload Watching for file changes with StatReloader
INFO 2025-07-08 15:26:50,924 autoreload D:\sanad system\sanad_system\pdf_reader\views.py changed, reloading.
INFO 2025-07-08 15:26:53,442 autoreload Watching for file changes with StatReloader
INFO 2025-07-08 15:27:50,903 autoreload D:\sanad system\sanad_system\pdf_reader\templatetags\pdf_reader_tags.py changed, reloading.
INFO 2025-07-08 15:28:18,949 autoreload Watching for file changes with StatReloader
INFO 2025-07-08 15:36:13,168 basehttp "GET /library/document/1/ HTTP/1.1" 200 35456
INFO 2025-07-08 15:36:25,010 basehttp "GET /library/document/2/ HTTP/1.1" 200 35165
INFO 2025-07-08 15:51:32,127 basehttp "GET /library/document/2/ HTTP/1.1" 200 32809
WARNING 2025-07-08 15:51:42,378 log Not Found: /pdf-reader/pdf/\u0635\u062d\u064a\u062d_\u0627\u0644\u0628\u062e\u0627\u0631\u064a.pdf
WARNING 2025-07-08 15:51:42,380 basehttp "GET /pdf-reader/pdf/%D8%B5%D8%AD%D9%8A%D8%AD_%D8%A7%D9%84%D8%A8%D8%AE%D8%A7%D8%B1%D9%8A.pdf HTTP/1.1" 404 18
INFO 2025-07-08 15:51:46,377 basehttp "GET /library/document/2/ HTTP/1.1" 200 32809
WARNING 2025-07-08 15:51:49,129 log Not Found: /pdf-reader/pdf/\u0635\u062d\u064a\u062d_\u0627\u0644\u0628\u062e\u0627\u0631\u064a.pdf
WARNING 2025-07-08 15:51:49,168 basehttp "GET /pdf-reader/pdf/%D8%B5%D8%AD%D9%8A%D8%AD_%D8%A7%D9%84%D8%A8%D8%AE%D8%A7%D8%B1%D9%8A.pdf HTTP/1.1" 404 18
INFO 2025-07-08 15:51:57,126 basehttp "GET /library/document/1/ HTTP/1.1" 200 33028
WARNING 2025-07-08 15:51:57,622 log Not Found: /pdf-reader/pdf/\u0645\u062e\u062a\u0635\u0631_\u0634\u0639\u0628_\u0627\u0644\u0627\u064a\u0645\u0627\u0646_\u0644\u0644\u0628\u064a\u0647\u0642\u0649.pdf
WARNING 2025-07-08 15:51:57,623 basehttp "GET /pdf-reader/pdf/%D9%85%D8%AE%D8%AA%D8%B5%D8%B1_%D8%B4%D8%B9%D8%A8_%D8%A7%D9%84%D8%A7%D9%8A%D9%85%D8%A7%D9%86_%D9%84%D9%84%D8%A8%D9%8A%D9%87%D9%82%D9%89.pdf HTTP/1.1" 404 18
ERROR 2025-07-08 15:56:11,143 log Internal Server Error: /library/document/1/
Traceback (most recent call last):
  File "C:\Users\T\AppData\Roaming\Python\Python313\site-packages\django\core\handlers\exception.py", line 55, in inner
    response = get_response(request)
  File "C:\Users\T\AppData\Roaming\Python\Python313\site-packages\django\core\handlers\base.py", line 220, in _get_response
    response = response.render()
  File "C:\Users\T\AppData\Roaming\Python\Python313\site-packages\django\template\response.py", line 114, in render
    self.content = self.rendered_content
                   ^^^^^^^^^^^^^^^^^^^^^
  File "C:\Users\T\AppData\Roaming\Python\Python313\site-packages\django\template\response.py", line 90, in rendered_content
    template = self.resolve_template(self.template_name)
  File "C:\Users\T\AppData\Roaming\Python\Python313\site-packages\django\template\response.py", line 72, in resolve_template
    return select_template(template, using=self.using)
  File "C:\Users\T\AppData\Roaming\Python\Python313\site-packages\django\template\loader.py", line 42, in select_template
    return engine.get_template(template_name)
           ~~~~~~~~~~~~~~~~~~~^^^^^^^^^^^^^^^
  File "C:\Users\T\AppData\Roaming\Python\Python313\site-packages\django\template\backends\django.py", line 33, in get_template
    return Template(self.engine.get_template(template_name), self)
                    ~~~~~~~~~~~~~~~~~~~~~~~~^^^^^^^^^^^^^^^
  File "C:\Users\T\AppData\Roaming\Python\Python313\site-packages\django\template\engine.py", line 175, in get_template
    template, origin = self.find_template(template_name)
                       ~~~~~~~~~~~~~~~~~~^^^^^^^^^^^^^^^
  File "C:\Users\T\AppData\Roaming\Python\Python313\site-packages\django\template\engine.py", line 157, in find_template
    template = loader.get_template(name, skip=skip)
  File "C:\Users\T\AppData\Roaming\Python\Python313\site-packages\django\template\loaders\cached.py", line 57, in get_template
    template = super().get_template(template_name, skip)
  File "C:\Users\T\AppData\Roaming\Python\Python313\site-packages\django\template\loaders\base.py", line 28, in get_template
    return Template(
        contents,
    ...<2 lines>...
        self.engine,
    )
  File "C:\Users\T\AppData\Roaming\Python\Python313\site-packages\django\template\base.py", line 154, in __init__
    self.nodelist = self.compile_nodelist()
                    ~~~~~~~~~~~~~~~~~~~~~^^
  File "C:\Users\T\AppData\Roaming\Python\Python313\site-packages\django\template\base.py", line 200, in compile_nodelist
    return parser.parse()
           ~~~~~~~~~~~~^^
  File "C:\Users\T\AppData\Roaming\Python\Python313\site-packages\django\template\base.py", line 513, in parse
    raise self.error(token, e)
  File "C:\Users\T\AppData\Roaming\Python\Python313\site-packages\django\template\base.py", line 511, in parse
    compiled_result = compile_func(self, token)
  File "C:\Users\T\AppData\Roaming\Python\Python313\site-packages\django\template\loader_tags.py", line 293, in do_extends
    nodelist = parser.parse()
  File "C:\Users\T\AppData\Roaming\Python\Python313\site-packages\django\template\base.py", line 513, in parse
    raise self.error(token, e)
  File "C:\Users\T\AppData\Roaming\Python\Python313\site-packages\django\template\base.py", line 511, in parse
    compiled_result = compile_func(self, token)
  File "C:\Users\T\AppData\Roaming\Python\Python313\site-packages\django\template\loader_tags.py", line 232, in do_block
    nodelist = parser.parse(("endblock",))
  File "C:\Users\T\AppData\Roaming\Python\Python313\site-packages\django\template\base.py", line 513, in parse
    raise self.error(token, e)
  File "C:\Users\T\AppData\Roaming\Python\Python313\site-packages\django\template\base.py", line 511, in parse
    compiled_result = compile_func(self, token)
  File "C:\Users\T\AppData\Roaming\Python\Python313\site-packages\django\template\defaulttags.py", line 953, in do_if
    nodelist = parser.parse(("elif", "else", "endif"))
  File "C:\Users\T\AppData\Roaming\Python\Python313\site-packages\django\template\base.py", line 513, in parse
    raise self.error(token, e)
  File "C:\Users\T\AppData\Roaming\Python\Python313\site-packages\django\template\base.py", line 511, in parse
    compiled_result = compile_func(self, token)
  File "C:\Users\T\AppData\Roaming\Python\Python313\site-packages\django\template\library.py", line 130, in compile_func
    args, kwargs = parse_bits(
                   ~~~~~~~~~~^
        parser,
        ^^^^^^^
    ...<8 lines>...
        function_name,
        ^^^^^^^^^^^^^^
    )
    ^
  File "C:\Users\T\AppData\Roaming\Python\Python313\site-packages\django\template\library.py", line 320, in parse_bits
    raise TemplateSyntaxError(
        "'%s' received unexpected keyword argument '%s'" % (name, param)
    )
django.template.exceptions.TemplateSyntaxError: 'pdf_reader' received unexpected keyword argument 'pdf_url'
ERROR 2025-07-08 15:56:11,231 basehttp "GET /library/document/1/ HTTP/1.1" 500 225863
INFO 2025-07-08 15:58:17,333 autoreload D:\sanad system\sanad_system\pdf_reader\templatetags\pdf_reader_tags.py changed, reloading.
INFO 2025-07-08 15:58:24,755 autoreload Watching for file changes with StatReloader
INFO 2025-07-08 15:59:23,852 autoreload D:\sanad system\sanad_system\sanad_system\settings.py changed, reloading.
INFO 2025-07-08 15:59:27,826 autoreload Watching for file changes with StatReloader
INFO 2025-07-08 15:59:49,212 autoreload D:\sanad system\sanad_system\sanad_system\urls.py changed, reloading.
INFO 2025-07-08 15:59:51,134 autoreload Watching for file changes with StatReloader
INFO 2025-07-08 16:26:15,114 autoreload Watching for file changes with StatReloader
INFO 2025-07-08 16:27:37,336 autoreload D:\sanad system\sanad_system\sanad_system\settings.py changed, reloading.
INFO 2025-07-08 16:27:37,455 autoreload D:\sanad system\sanad_system\sanad_system\settings.py changed, reloading.
INFO 2025-07-08 16:27:41,378 autoreload Watching for file changes with StatReloader
INFO 2025-07-08 16:27:41,379 autoreload Watching for file changes with StatReloader
INFO 2025-07-08 16:30:28,467 autoreload Watching for file changes with StatReloader
INFO 2025-07-08 16:31:47,036 autoreload Watching for file changes with StatReloader
INFO 2025-07-08 16:34:34,420 autoreload Watching for file changes with StatReloader
INFO 2025-07-08 16:39:34,890 autoreload Watching for file changes with StatReloader
INFO 2025-07-08 16:40:40,171 autoreload D:\sanad system\sanad_system\hadith_app\views\__init__.py changed, reloading.
INFO 2025-07-08 16:40:40,215 autoreload D:\sanad system\sanad_system\hadith_app\views\__init__.py changed, reloading.
INFO 2025-07-08 16:40:40,375 autoreload D:\sanad system\sanad_system\hadith_app\views\__init__.py changed, reloading.
INFO 2025-07-08 16:40:40,412 autoreload D:\sanad system\sanad_system\hadith_app\views\__init__.py changed, reloading.
INFO 2025-07-08 16:40:42,329 autoreload Watching for file changes with StatReloader
INFO 2025-07-08 16:40:42,831 autoreload Watching for file changes with StatReloader
INFO 2025-07-08 16:40:43,220 autoreload Watching for file changes with StatReloader
INFO 2025-07-08 16:40:43,225 autoreload Watching for file changes with StatReloader
INFO 2025-07-08 16:41:09,491 autoreload Watching for file changes with StatReloader
INFO 2025-07-08 16:41:35,838 autoreload D:\sanad system\sanad_system\sanad_system\urls.py changed, reloading.
INFO 2025-07-08 16:41:35,845 autoreload D:\sanad system\sanad_system\sanad_system\urls.py changed, reloading.
INFO 2025-07-08 16:41:35,852 autoreload D:\sanad system\sanad_system\sanad_system\urls.py changed, reloading.
INFO 2025-07-08 16:41:36,373 autoreload D:\sanad system\sanad_system\sanad_system\urls.py changed, reloading.
INFO 2025-07-08 16:41:36,403 autoreload D:\sanad system\sanad_system\sanad_system\urls.py changed, reloading.
INFO 2025-07-08 16:41:38,666 autoreload Watching for file changes with StatReloader
INFO 2025-07-08 16:41:38,811 autoreload Watching for file changes with StatReloader
INFO 2025-07-08 16:41:38,989 autoreload Watching for file changes with StatReloader
INFO 2025-07-08 16:41:39,103 autoreload Watching for file changes with StatReloader
INFO 2025-07-08 16:41:39,202 autoreload Watching for file changes with StatReloader
INFO 2025-07-08 16:43:08,014 autoreload D:\sanad system\sanad_system\hadith_app\views\__init__.py changed, reloading.
INFO 2025-07-08 16:43:08,027 autoreload D:\sanad system\sanad_system\hadith_app\views\__init__.py changed, reloading.
INFO 2025-07-08 16:43:08,075 autoreload D:\sanad system\sanad_system\hadith_app\views\__init__.py changed, reloading.
INFO 2025-07-08 16:43:08,580 autoreload D:\sanad system\sanad_system\hadith_app\views\__init__.py changed, reloading.
INFO 2025-07-08 16:43:08,671 autoreload D:\sanad system\sanad_system\hadith_app\views\__init__.py changed, reloading.
INFO 2025-07-08 16:43:11,156 autoreload Watching for file changes with StatReloader
INFO 2025-07-08 16:43:11,225 autoreload Watching for file changes with StatReloader
INFO 2025-07-08 16:43:11,234 autoreload Watching for file changes with StatReloader
INFO 2025-07-08 16:43:11,605 autoreload Watching for file changes with StatReloader
INFO 2025-07-08 16:43:13,119 autoreload Watching for file changes with StatReloader
INFO 2025-07-08 16:43:21,124 autoreload D:\sanad system\sanad_system\sanad_system\urls.py changed, reloading.
INFO 2025-07-08 16:43:21,132 autoreload D:\sanad system\sanad_system\sanad_system\urls.py changed, reloading.
INFO 2025-07-08 16:43:21,258 autoreload D:\sanad system\sanad_system\sanad_system\urls.py changed, reloading.
INFO 2025-07-08 16:43:21,266 autoreload D:\sanad system\sanad_system\sanad_system\urls.py changed, reloading.
INFO 2025-07-08 16:43:21,723 autoreload D:\sanad system\sanad_system\sanad_system\urls.py changed, reloading.
INFO 2025-07-08 16:43:25,198 autoreload Watching for file changes with StatReloader
INFO 2025-07-08 16:43:25,603 autoreload Watching for file changes with StatReloader
INFO 2025-07-08 16:43:25,612 autoreload Watching for file changes with StatReloader
INFO 2025-07-08 16:43:25,839 autoreload Watching for file changes with StatReloader
INFO 2025-07-08 16:43:25,958 autoreload Watching for file changes with StatReloader
INFO 2025-07-08 16:43:43,427 autoreload Watching for file changes with StatReloader
INFO 2025-07-08 16:44:00,140 autoreload D:\sanad system\sanad_system\sanad_system\settings.py changed, reloading.
INFO 2025-07-08 16:44:00,404 autoreload D:\sanad system\sanad_system\sanad_system\settings.py changed, reloading.
INFO 2025-07-08 16:44:00,596 autoreload D:\sanad system\sanad_system\sanad_system\settings.py changed, reloading.
INFO 2025-07-08 16:44:00,624 autoreload D:\sanad system\sanad_system\sanad_system\settings.py changed, reloading.
INFO 2025-07-08 16:44:00,735 autoreload D:\sanad system\sanad_system\sanad_system\settings.py changed, reloading.
INFO 2025-07-08 16:44:00,772 autoreload D:\sanad system\sanad_system\sanad_system\settings.py changed, reloading.
INFO 2025-07-08 16:44:03,057 autoreload Watching for file changes with StatReloader
INFO 2025-07-08 16:44:03,645 autoreload Watching for file changes with StatReloader
INFO 2025-07-08 16:44:03,740 autoreload Watching for file changes with StatReloader
INFO 2025-07-08 16:44:04,069 autoreload Watching for file changes with StatReloader
INFO 2025-07-08 16:44:05,250 autoreload Watching for file changes with StatReloader
INFO 2025-07-08 16:44:07,711 autoreload Watching for file changes with StatReloader
INFO 2025-07-08 16:44:11,747 autoreload D:\sanad system\sanad_system\sanad_system\urls.py changed, reloading.
INFO 2025-07-08 16:44:12,067 autoreload D:\sanad system\sanad_system\sanad_system\urls.py changed, reloading.
INFO 2025-07-08 16:44:12,112 autoreload D:\sanad system\sanad_system\sanad_system\urls.py changed, reloading.
INFO 2025-07-08 16:44:12,580 autoreload D:\sanad system\sanad_system\sanad_system\urls.py changed, reloading.
INFO 2025-07-08 16:44:12,819 autoreload D:\sanad system\sanad_system\sanad_system\urls.py changed, reloading.
INFO 2025-07-08 16:44:12,877 autoreload D:\sanad system\sanad_system\sanad_system\urls.py changed, reloading.
INFO 2025-07-08 16:44:15,360 autoreload Watching for file changes with StatReloader
INFO 2025-07-08 16:44:15,696 autoreload Watching for file changes with StatReloader
INFO 2025-07-08 16:44:16,137 autoreload Watching for file changes with StatReloader
INFO 2025-07-08 16:44:17,202 autoreload Watching for file changes with StatReloader
INFO 2025-07-08 16:44:17,291 autoreload Watching for file changes with StatReloader
INFO 2025-07-08 16:44:19,354 autoreload Watching for file changes with StatReloader
INFO 2025-07-08 16:44:31,933 autoreload Watching for file changes with StatReloader
INFO 2025-07-08 16:45:19,259 autoreload D:\sanad system\sanad_system\sanad_system\settings.py changed, reloading.
INFO 2025-07-08 16:45:19,382 autoreload D:\sanad system\sanad_system\sanad_system\settings.py changed, reloading.
INFO 2025-07-08 16:45:19,390 autoreload D:\sanad system\sanad_system\sanad_system\settings.py changed, reloading.
INFO 2025-07-08 16:45:19,750 autoreload D:\sanad system\sanad_system\sanad_system\settings.py changed, reloading.
INFO 2025-07-08 16:45:19,756 autoreload D:\sanad system\sanad_system\sanad_system\settings.py changed, reloading.
INFO 2025-07-08 16:45:19,784 autoreload D:\sanad system\sanad_system\sanad_system\settings.py changed, reloading.
INFO 2025-07-08 16:45:19,835 autoreload D:\sanad system\sanad_system\sanad_system\settings.py changed, reloading.
INFO 2025-07-08 16:45:23,411 autoreload Watching for file changes with StatReloader
INFO 2025-07-08 16:45:23,983 autoreload Watching for file changes with StatReloader
INFO 2025-07-08 16:45:23,986 autoreload Watching for file changes with StatReloader
INFO 2025-07-08 16:45:24,021 autoreload Watching for file changes with StatReloader
INFO 2025-07-08 16:45:24,029 autoreload Watching for file changes with StatReloader
INFO 2025-07-08 16:45:24,177 autoreload Watching for file changes with StatReloader
INFO 2025-07-08 16:45:26,417 autoreload Watching for file changes with StatReloader
INFO 2025-07-08 16:45:37,987 autoreload Watching for file changes with StatReloader
INFO 2025-07-08 16:46:44,022 autoreload D:\sanad system\sanad_system\sanad_system\urls.py changed, reloading.
INFO 2025-07-08 16:46:44,037 autoreload D:\sanad system\sanad_system\sanad_system\urls.py changed, reloading.
INFO 2025-07-08 16:46:44,055 autoreload D:\sanad system\sanad_system\sanad_system\urls.py changed, reloading.
INFO 2025-07-08 16:46:44,496 autoreload D:\sanad system\sanad_system\sanad_system\urls.py changed, reloading.
INFO 2025-07-08 16:46:44,506 autoreload D:\sanad system\sanad_system\sanad_system\urls.py changed, reloading.
INFO 2025-07-08 16:46:44,650 autoreload D:\sanad system\sanad_system\sanad_system\urls.py changed, reloading.
INFO 2025-07-08 16:46:44,779 autoreload D:\sanad system\sanad_system\sanad_system\urls.py changed, reloading.
INFO 2025-07-08 16:46:44,802 autoreload D:\sanad system\sanad_system\sanad_system\urls.py changed, reloading.
INFO 2025-07-08 16:46:50,031 autoreload Watching for file changes with StatReloader
INFO 2025-07-08 16:46:50,039 autoreload Watching for file changes with StatReloader
INFO 2025-07-08 16:46:50,121 autoreload Watching for file changes with StatReloader
INFO 2025-07-08 16:46:50,528 autoreload Watching for file changes with StatReloader
INFO 2025-07-08 16:46:50,541 autoreload Watching for file changes with StatReloader
INFO 2025-07-08 16:46:50,543 autoreload Watching for file changes with StatReloader
INFO 2025-07-08 16:46:50,545 autoreload Watching for file changes with StatReloader
INFO 2025-07-08 16:46:50,677 autoreload Watching for file changes with StatReloader
INFO 2025-07-08 16:46:59,241 autoreload D:\sanad system\sanad_system\sanad_system\settings.py changed, reloading.
INFO 2025-07-08 16:46:59,416 autoreload D:\sanad system\sanad_system\sanad_system\settings.py changed, reloading.
INFO 2025-07-08 16:46:59,661 autoreload D:\sanad system\sanad_system\sanad_system\settings.py changed, reloading.
INFO 2025-07-08 16:46:59,987 autoreload D:\sanad system\sanad_system\sanad_system\settings.py changed, reloading.
INFO 2025-07-08 16:46:59,979 autoreload D:\sanad system\sanad_system\sanad_system\settings.py changed, reloading.
INFO 2025-07-08 16:47:00,754 autoreload D:\sanad system\sanad_system\sanad_system\settings.py changed, reloading.
INFO 2025-07-08 16:47:00,824 autoreload D:\sanad system\sanad_system\sanad_system\settings.py changed, reloading.
INFO 2025-07-08 16:47:00,991 autoreload D:\sanad system\sanad_system\sanad_system\settings.py changed, reloading.
INFO 2025-07-08 16:47:04,169 autoreload Watching for file changes with StatReloader
INFO 2025-07-08 16:47:04,291 autoreload Watching for file changes with StatReloader
INFO 2025-07-08 16:47:04,991 autoreload Watching for file changes with StatReloader
INFO 2025-07-08 16:47:05,102 autoreload Watching for file changes with StatReloader
INFO 2025-07-08 16:47:05,212 autoreload Watching for file changes with StatReloader
INFO 2025-07-08 16:47:05,849 autoreload Watching for file changes with StatReloader
INFO 2025-07-08 16:47:09,469 autoreload Watching for file changes with StatReloader
INFO 2025-07-08 16:47:18,217 autoreload Watching for file changes with StatReloader
ERROR 2025-07-08 16:47:37,624 log Internal Server Error: /
Traceback (most recent call last):
  File "C:\Users\T\AppData\Roaming\Python\Python313\site-packages\django\urls\base.py", line 71, in reverse
    extra, resolver = resolver.namespace_dict[ns]
                      ~~~~~~~~~~~~~~~~~~~~~~~^^^^
KeyError: 'library'

During handling of the above exception, another exception occurred:

Traceback (most recent call last):
  File "C:\Users\T\AppData\Roaming\Python\Python313\site-packages\django\core\handlers\exception.py", line 55, in inner
    response = get_response(request)
  File "C:\Users\T\AppData\Roaming\Python\Python313\site-packages\django\core\handlers\base.py", line 220, in _get_response
    response = response.render()
  File "C:\Users\T\AppData\Roaming\Python\Python313\site-packages\django\template\response.py", line 114, in render
    self.content = self.rendered_content
                   ^^^^^^^^^^^^^^^^^^^^^
  File "C:\Users\T\AppData\Roaming\Python\Python313\site-packages\django\template\response.py", line 92, in rendered_content
    return template.render(context, self._request)
           ~~~~~~~~~~~~~~~^^^^^^^^^^^^^^^^^^^^^^^^
  File "C:\Users\T\AppData\Roaming\Python\Python313\site-packages\django\template\backends\django.py", line 61, in render
    return self.template.render(context)
           ~~~~~~~~~~~~~~~~~~~~^^^^^^^^^
  File "C:\Users\T\AppData\Roaming\Python\Python313\site-packages\django\template\base.py", line 175, in render
    return self._render(context)
           ~~~~~~~~~~~~^^^^^^^^^
  File "C:\Users\T\AppData\Roaming\Python\Python313\site-packages\django\template\base.py", line 167, in _render
    return self.nodelist.render(context)
           ~~~~~~~~~~~~~~~~~~~~^^^^^^^^^
  File "C:\Users\T\AppData\Roaming\Python\Python313\site-packages\django\template\base.py", line 1005, in render
    return SafeString("".join([node.render_annotated(context) for node in self]))
                               ~~~~~~~~~~~~~~~~~~~~~^^^^^^^^^
  File "C:\Users\T\AppData\Roaming\Python\Python313\site-packages\django\template\base.py", line 966, in render_annotated
    return self.render(context)
           ~~~~~~~~~~~^^^^^^^^^
  File "C:\Users\T\AppData\Roaming\Python\Python313\site-packages\django\template\loader_tags.py", line 157, in render
    return compiled_parent._render(context)
           ~~~~~~~~~~~~~~~~~~~~~~~^^^^^^^^^
  File "C:\Users\T\AppData\Roaming\Python\Python313\site-packages\django\template\base.py", line 167, in _render
    return self.nodelist.render(context)
           ~~~~~~~~~~~~~~~~~~~~^^^^^^^^^
  File "C:\Users\T\AppData\Roaming\Python\Python313\site-packages\django\template\base.py", line 1005, in render
    return SafeString("".join([node.render_annotated(context) for node in self]))
                               ~~~~~~~~~~~~~~~~~~~~~^^^^^^^^^
  File "C:\Users\T\AppData\Roaming\Python\Python313\site-packages\django\template\base.py", line 966, in render_annotated
    return self.render(context)
           ~~~~~~~~~~~^^^^^^^^^
  File "C:\Users\T\AppData\Roaming\Python\Python313\site-packages\django\template\defaulttags.py", line 471, in render
    url = reverse(view_name, args=args, kwargs=kwargs, current_app=current_app)
  File "C:\Users\T\AppData\Roaming\Python\Python313\site-packages\django\urls\base.py", line 82, in reverse
    raise NoReverseMatch("%s is not a registered namespace" % key)
django.urls.exceptions.NoReverseMatch: 'library' is not a registered namespace
ERROR 2025-07-08 16:47:37,640 basehttp "GET / HTTP/1.1" 500 139030
ERROR 2025-07-08 16:49:10,076 log Internal Server Error: /
Traceback (most recent call last):
  File "C:\Users\T\AppData\Roaming\Python\Python313\site-packages\django\urls\base.py", line 71, in reverse
    extra, resolver = resolver.namespace_dict[ns]
                      ~~~~~~~~~~~~~~~~~~~~~~~^^^^
KeyError: 'library'

During handling of the above exception, another exception occurred:

Traceback (most recent call last):
  File "C:\Users\T\AppData\Roaming\Python\Python313\site-packages\django\core\handlers\exception.py", line 55, in inner
    response = get_response(request)
  File "C:\Users\T\AppData\Roaming\Python\Python313\site-packages\django\core\handlers\base.py", line 220, in _get_response
    response = response.render()
  File "C:\Users\T\AppData\Roaming\Python\Python313\site-packages\django\template\response.py", line 114, in render
    self.content = self.rendered_content
                   ^^^^^^^^^^^^^^^^^^^^^
  File "C:\Users\T\AppData\Roaming\Python\Python313\site-packages\django\template\response.py", line 92, in rendered_content
    return template.render(context, self._request)
           ~~~~~~~~~~~~~~~^^^^^^^^^^^^^^^^^^^^^^^^
  File "C:\Users\T\AppData\Roaming\Python\Python313\site-packages\django\template\backends\django.py", line 61, in render
    return self.template.render(context)
           ~~~~~~~~~~~~~~~~~~~~^^^^^^^^^
  File "C:\Users\T\AppData\Roaming\Python\Python313\site-packages\django\template\base.py", line 175, in render
    return self._render(context)
           ~~~~~~~~~~~~^^^^^^^^^
  File "C:\Users\T\AppData\Roaming\Python\Python313\site-packages\django\template\base.py", line 167, in _render
    return self.nodelist.render(context)
           ~~~~~~~~~~~~~~~~~~~~^^^^^^^^^
  File "C:\Users\T\AppData\Roaming\Python\Python313\site-packages\django\template\base.py", line 1005, in render
    return SafeString("".join([node.render_annotated(context) for node in self]))
                               ~~~~~~~~~~~~~~~~~~~~~^^^^^^^^^
  File "C:\Users\T\AppData\Roaming\Python\Python313\site-packages\django\template\base.py", line 966, in render_annotated
    return self.render(context)
           ~~~~~~~~~~~^^^^^^^^^
  File "C:\Users\T\AppData\Roaming\Python\Python313\site-packages\django\template\loader_tags.py", line 157, in render
    return compiled_parent._render(context)
           ~~~~~~~~~~~~~~~~~~~~~~~^^^^^^^^^
  File "C:\Users\T\AppData\Roaming\Python\Python313\site-packages\django\template\base.py", line 167, in _render
    return self.nodelist.render(context)
           ~~~~~~~~~~~~~~~~~~~~^^^^^^^^^
  File "C:\Users\T\AppData\Roaming\Python\Python313\site-packages\django\template\base.py", line 1005, in render
    return SafeString("".join([node.render_annotated(context) for node in self]))
                               ~~~~~~~~~~~~~~~~~~~~~^^^^^^^^^
  File "C:\Users\T\AppData\Roaming\Python\Python313\site-packages\django\template\base.py", line 966, in render_annotated
    return self.render(context)
           ~~~~~~~~~~~^^^^^^^^^
  File "C:\Users\T\AppData\Roaming\Python\Python313\site-packages\django\template\defaulttags.py", line 471, in render
    url = reverse(view_name, args=args, kwargs=kwargs, current_app=current_app)
  File "C:\Users\T\AppData\Roaming\Python\Python313\site-packages\django\urls\base.py", line 82, in reverse
    raise NoReverseMatch("%s is not a registered namespace" % key)
django.urls.exceptions.NoReverseMatch: 'library' is not a registered namespace
ERROR 2025-07-08 16:49:10,084 basehttp "GET / HTTP/1.1" 500 139543
ERROR 2025-07-08 16:49:11,458 log Internal Server Error: /
Traceback (most recent call last):
  File "C:\Users\T\AppData\Roaming\Python\Python313\site-packages\django\urls\base.py", line 71, in reverse
    extra, resolver = resolver.namespace_dict[ns]
                      ~~~~~~~~~~~~~~~~~~~~~~~^^^^
KeyError: 'library'

During handling of the above exception, another exception occurred:

Traceback (most recent call last):
  File "C:\Users\T\AppData\Roaming\Python\Python313\site-packages\django\core\handlers\exception.py", line 55, in inner
    response = get_response(request)
  File "C:\Users\T\AppData\Roaming\Python\Python313\site-packages\django\core\handlers\base.py", line 220, in _get_response
    response = response.render()
  File "C:\Users\T\AppData\Roaming\Python\Python313\site-packages\django\template\response.py", line 114, in render
    self.content = self.rendered_content
                   ^^^^^^^^^^^^^^^^^^^^^
  File "C:\Users\T\AppData\Roaming\Python\Python313\site-packages\django\template\response.py", line 92, in rendered_content
    return template.render(context, self._request)
           ~~~~~~~~~~~~~~~^^^^^^^^^^^^^^^^^^^^^^^^
  File "C:\Users\T\AppData\Roaming\Python\Python313\site-packages\django\template\backends\django.py", line 61, in render
    return self.template.render(context)
           ~~~~~~~~~~~~~~~~~~~~^^^^^^^^^
  File "C:\Users\T\AppData\Roaming\Python\Python313\site-packages\django\template\base.py", line 175, in render
    return self._render(context)
           ~~~~~~~~~~~~^^^^^^^^^
  File "C:\Users\T\AppData\Roaming\Python\Python313\site-packages\django\template\base.py", line 167, in _render
    return self.nodelist.render(context)
           ~~~~~~~~~~~~~~~~~~~~^^^^^^^^^
  File "C:\Users\T\AppData\Roaming\Python\Python313\site-packages\django\template\base.py", line 1005, in render
    return SafeString("".join([node.render_annotated(context) for node in self]))
                               ~~~~~~~~~~~~~~~~~~~~~^^^^^^^^^
  File "C:\Users\T\AppData\Roaming\Python\Python313\site-packages\django\template\base.py", line 966, in render_annotated
    return self.render(context)
           ~~~~~~~~~~~^^^^^^^^^
  File "C:\Users\T\AppData\Roaming\Python\Python313\site-packages\django\template\loader_tags.py", line 157, in render
    return compiled_parent._render(context)
           ~~~~~~~~~~~~~~~~~~~~~~~^^^^^^^^^
  File "C:\Users\T\AppData\Roaming\Python\Python313\site-packages\django\template\base.py", line 167, in _render
    return self.nodelist.render(context)
           ~~~~~~~~~~~~~~~~~~~~^^^^^^^^^
  File "C:\Users\T\AppData\Roaming\Python\Python313\site-packages\django\template\base.py", line 1005, in render
    return SafeString("".join([node.render_annotated(context) for node in self]))
                               ~~~~~~~~~~~~~~~~~~~~~^^^^^^^^^
  File "C:\Users\T\AppData\Roaming\Python\Python313\site-packages\django\template\base.py", line 966, in render_annotated
    return self.render(context)
           ~~~~~~~~~~~^^^^^^^^^
  File "C:\Users\T\AppData\Roaming\Python\Python313\site-packages\django\template\defaulttags.py", line 471, in render
    url = reverse(view_name, args=args, kwargs=kwargs, current_app=current_app)
  File "C:\Users\T\AppData\Roaming\Python\Python313\site-packages\django\urls\base.py", line 82, in reverse
    raise NoReverseMatch("%s is not a registered namespace" % key)
django.urls.exceptions.NoReverseMatch: 'library' is not a registered namespace
ERROR 2025-07-08 16:49:11,462 basehttp "GET / HTTP/1.1" 500 139543
INFO 2025-07-08 17:17:56,560 basehttp "GET / HTTP/1.1" 200 26973
INFO 2025-07-08 17:18:33,837 basehttp "GET /admin/ HTTP/1.1" 200 22645
INFO 2025-07-08 17:18:36,519 basehttp "GET /static/admin/css/admin-rtl.css HTTP/1.1" 304 0
INFO 2025-07-08 17:18:36,891 basehttp "GET /static/admin/css/base.css HTTP/1.1" 304 0
INFO 2025-07-08 17:18:36,978 basehttp "GET /static/admin/js/theme.js HTTP/1.1" 304 0
INFO 2025-07-08 17:18:37,173 basehttp "GET /static/admin/css/responsive.css HTTP/1.1" 304 0
INFO 2025-07-08 17:18:37,179 basehttp "GET /static/admin/css/responsive_rtl.css HTTP/1.1" 304 0
INFO 2025-07-08 17:18:37,183 basehttp "GET /static/admin/css/rtl.css HTTP/1.1" 304 0
INFO 2025-07-08 17:18:37,184 basehttp "GET /static/admin/css/dark_mode.css HTTP/1.1" 304 0
INFO 2025-07-08 17:18:38,067 basehttp "GET /static/admin/css/dashboard.css HTTP/1.1" 200 441
INFO 2025-07-08 17:18:38,148 basehttp "GET /static/admin/css/nav_sidebar.css HTTP/1.1" 200 2694
INFO 2025-07-08 17:18:38,309 basehttp "GET /static/admin/js/nav_sidebar.js HTTP/1.1" 304 0
INFO 2025-07-08 17:18:39,755 basehttp "GET /static/admin/img/icon-addlink.svg HTTP/1.1" 200 331
INFO 2025-07-08 17:18:39,760 basehttp "GET /static/admin/img/icon-changelink.svg HTTP/1.1" 200 380
INFO 2025-07-08 17:20:46,410 autoreload D:\sanad system\sanad_system\pdf_reader\models.py changed, reloading.
INFO 2025-07-08 17:20:46,473 autoreload D:\sanad system\sanad_system\pdf_reader\models.py changed, reloading.
INFO 2025-07-08 17:20:46,629 autoreload D:\sanad system\sanad_system\pdf_reader\models.py changed, reloading.
INFO 2025-07-08 17:20:46,596 autoreload D:\sanad system\sanad_system\pdf_reader\models.py changed, reloading.
INFO 2025-07-08 17:20:47,097 autoreload D:\sanad system\sanad_system\pdf_reader\models.py changed, reloading.
INFO 2025-07-08 17:20:47,128 autoreload D:\sanad system\sanad_system\pdf_reader\models.py changed, reloading.
INFO 2025-07-08 17:20:46,779 autoreload D:\sanad system\sanad_system\pdf_reader\models.py changed, reloading.
INFO 2025-07-08 17:20:47,246 autoreload D:\sanad system\sanad_system\pdf_reader\models.py changed, reloading.
INFO 2025-07-08 17:20:51,955 autoreload Watching for file changes with StatReloader
INFO 2025-07-08 17:20:52,197 autoreload Watching for file changes with StatReloader
INFO 2025-07-08 17:20:52,202 autoreload Watching for file changes with StatReloader
INFO 2025-07-08 17:20:52,932 autoreload Watching for file changes with StatReloader
INFO 2025-07-08 17:20:53,006 autoreload Watching for file changes with StatReloader
INFO 2025-07-08 17:20:53,019 autoreload Watching for file changes with StatReloader
INFO 2025-07-08 17:20:53,283 autoreload Watching for file changes with StatReloader
INFO 2025-07-08 17:21:24,327 autoreload D:\sanad system\sanad_system\pdf_reader\admin.py changed, reloading.
INFO 2025-07-08 17:21:24,361 autoreload D:\sanad system\sanad_system\pdf_reader\admin.py changed, reloading.
INFO 2025-07-08 17:21:24,594 autoreload D:\sanad system\sanad_system\pdf_reader\admin.py changed, reloading.
INFO 2025-07-08 17:21:24,610 autoreload D:\sanad system\sanad_system\pdf_reader\admin.py changed, reloading.
INFO 2025-07-08 17:21:24,610 autoreload D:\sanad system\sanad_system\pdf_reader\admin.py changed, reloading.
INFO 2025-07-08 17:21:24,724 autoreload D:\sanad system\sanad_system\pdf_reader\admin.py changed, reloading.
INFO 2025-07-08 17:21:24,957 autoreload D:\sanad system\sanad_system\pdf_reader\admin.py changed, reloading.
INFO 2025-07-08 17:21:24,955 autoreload D:\sanad system\sanad_system\pdf_reader\admin.py changed, reloading.
INFO 2025-07-08 17:21:28,966 autoreload Watching for file changes with StatReloader
INFO 2025-07-08 17:21:29,202 autoreload Watching for file changes with StatReloader
INFO 2025-07-08 17:21:29,493 autoreload Watching for file changes with StatReloader
INFO 2025-07-08 17:21:29,489 autoreload Watching for file changes with StatReloader
INFO 2025-07-08 17:21:29,570 autoreload Watching for file changes with StatReloader
INFO 2025-07-08 17:21:30,635 autoreload Watching for file changes with StatReloader
INFO 2025-07-08 17:21:30,679 autoreload Watching for file changes with StatReloader
INFO 2025-07-08 17:21:33,697 autoreload Watching for file changes with StatReloader
INFO 2025-07-08 17:23:22,510 autoreload D:\sanad system\sanad_system\pdf_reader\views.py changed, reloading.
INFO 2025-07-08 17:23:22,561 autoreload D:\sanad system\sanad_system\pdf_reader\views.py changed, reloading.
INFO 2025-07-08 17:23:22,588 autoreload D:\sanad system\sanad_system\pdf_reader\views.py changed, reloading.
INFO 2025-07-08 17:23:22,649 autoreload D:\sanad system\sanad_system\pdf_reader\views.py changed, reloading.
INFO 2025-07-08 17:23:22,676 autoreload D:\sanad system\sanad_system\pdf_reader\views.py changed, reloading.
INFO 2025-07-08 17:23:22,985 autoreload D:\sanad system\sanad_system\pdf_reader\views.py changed, reloading.
INFO 2025-07-08 17:23:23,009 autoreload D:\sanad system\sanad_system\pdf_reader\views.py changed, reloading.
INFO 2025-07-08 17:23:23,149 autoreload D:\sanad system\sanad_system\pdf_reader\views.py changed, reloading.
INFO 2025-07-08 17:23:32,526 autoreload Watching for file changes with StatReloader
INFO 2025-07-08 17:23:32,527 autoreload Watching for file changes with StatReloader
INFO 2025-07-08 17:23:32,521 autoreload Watching for file changes with StatReloader
INFO 2025-07-08 17:23:32,542 autoreload Watching for file changes with StatReloader
INFO 2025-07-08 17:23:32,548 autoreload Watching for file changes with StatReloader
INFO 2025-07-08 17:23:32,549 autoreload Watching for file changes with StatReloader
INFO 2025-07-08 17:23:32,553 autoreload Watching for file changes with StatReloader
INFO 2025-07-08 17:23:32,891 autoreload Watching for file changes with StatReloader
INFO 2025-07-08 17:49:45,979 autoreload D:\sanad system\sanad_system\pdf_reader\views.py changed, reloading.
INFO 2025-07-08 17:49:46,016 autoreload D:\sanad system\sanad_system\pdf_reader\views.py changed, reloading.
INFO 2025-07-08 17:49:46,024 autoreload D:\sanad system\sanad_system\pdf_reader\views.py changed, reloading.
INFO 2025-07-08 17:49:46,304 autoreload D:\sanad system\sanad_system\pdf_reader\views.py changed, reloading.
INFO 2025-07-08 17:49:46,657 autoreload D:\sanad system\sanad_system\pdf_reader\views.py changed, reloading.
INFO 2025-07-08 17:49:46,697 autoreload D:\sanad system\sanad_system\pdf_reader\views.py changed, reloading.
INFO 2025-07-08 17:49:46,775 autoreload D:\sanad system\sanad_system\pdf_reader\views.py changed, reloading.
INFO 2025-07-08 17:49:46,778 autoreload D:\sanad system\sanad_system\pdf_reader\views.py changed, reloading.
INFO 2025-07-08 17:49:54,458 autoreload Watching for file changes with StatReloader
INFO 2025-07-08 17:49:54,458 autoreload Watching for file changes with StatReloader
INFO 2025-07-08 17:49:54,465 autoreload Watching for file changes with StatReloader
INFO 2025-07-08 17:49:54,468 autoreload Watching for file changes with StatReloader
INFO 2025-07-08 17:49:54,476 autoreload Watching for file changes with StatReloader
INFO 2025-07-08 17:49:54,483 autoreload Watching for file changes with StatReloader
INFO 2025-07-08 17:49:54,525 autoreload Watching for file changes with StatReloader
INFO 2025-07-08 17:55:51,390 autoreload D:\sanad system\sanad_system\pdf_reader\models.py changed, reloading.
INFO 2025-07-08 17:55:51,535 autoreload D:\sanad system\sanad_system\pdf_reader\models.py changed, reloading.
INFO 2025-07-08 17:55:51,552 autoreload D:\sanad system\sanad_system\pdf_reader\models.py changed, reloading.
INFO 2025-07-08 17:55:51,567 autoreload D:\sanad system\sanad_system\pdf_reader\models.py changed, reloading.
INFO 2025-07-08 17:55:51,692 autoreload D:\sanad system\sanad_system\pdf_reader\models.py changed, reloading.
INFO 2025-07-08 17:55:52,031 autoreload D:\sanad system\sanad_system\pdf_reader\models.py changed, reloading.
INFO 2025-07-08 17:55:52,043 autoreload D:\sanad system\sanad_system\pdf_reader\models.py changed, reloading.
INFO 2025-07-08 17:55:52,331 autoreload D:\sanad system\sanad_system\pdf_reader\models.py changed, reloading.
INFO 2025-07-08 17:55:56,658 autoreload Watching for file changes with StatReloader
INFO 2025-07-08 17:55:56,666 autoreload Watching for file changes with StatReloader
INFO 2025-07-08 17:55:56,667 autoreload Watching for file changes with StatReloader
INFO 2025-07-08 17:55:56,686 autoreload Watching for file changes with StatReloader
INFO 2025-07-08 17:55:56,689 autoreload Watching for file changes with StatReloader
INFO 2025-07-08 17:55:56,698 autoreload Watching for file changes with StatReloader
INFO 2025-07-08 17:55:56,698 autoreload Watching for file changes with StatReloader
INFO 2025-07-08 17:55:56,714 autoreload Watching for file changes with StatReloader
INFO 2025-07-08 17:56:13,711 autoreload D:\sanad system\sanad_system\pdf_reader\models.py changed, reloading.
INFO 2025-07-08 17:56:13,828 autoreload D:\sanad system\sanad_system\pdf_reader\models.py changed, reloading.
INFO 2025-07-08 17:56:13,846 autoreload D:\sanad system\sanad_system\pdf_reader\models.py changed, reloading.
INFO 2025-07-08 17:56:13,932 autoreload D:\sanad system\sanad_system\pdf_reader\models.py changed, reloading.
INFO 2025-07-08 17:56:14,016 autoreload D:\sanad system\sanad_system\pdf_reader\models.py changed, reloading.
INFO 2025-07-08 17:56:14,043 autoreload D:\sanad system\sanad_system\pdf_reader\models.py changed, reloading.
INFO 2025-07-08 17:56:14,065 autoreload D:\sanad system\sanad_system\pdf_reader\models.py changed, reloading.
INFO 2025-07-08 17:56:14,347 autoreload D:\sanad system\sanad_system\pdf_reader\models.py changed, reloading.
INFO 2025-07-08 17:56:19,100 autoreload Watching for file changes with StatReloader
INFO 2025-07-08 17:56:19,100 autoreload Watching for file changes with StatReloader
INFO 2025-07-08 17:56:19,127 autoreload Watching for file changes with StatReloader
INFO 2025-07-08 17:56:19,106 autoreload Watching for file changes with StatReloader
INFO 2025-07-08 17:56:19,140 autoreload Watching for file changes with StatReloader
INFO 2025-07-08 17:56:20,435 autoreload Watching for file changes with StatReloader
INFO 2025-07-08 17:56:20,500 autoreload Watching for file changes with StatReloader
INFO 2025-07-08 17:56:21,280 autoreload Watching for file changes with StatReloader
INFO 2025-07-08 17:58:35,336 autoreload D:\sanad system\sanad_system\pdf_reader\views.py changed, reloading.
INFO 2025-07-08 17:58:35,379 autoreload D:\sanad system\sanad_system\pdf_reader\views.py changed, reloading.
INFO 2025-07-08 17:58:35,411 autoreload D:\sanad system\sanad_system\pdf_reader\views.py changed, reloading.
INFO 2025-07-08 17:58:35,835 autoreload D:\sanad system\sanad_system\pdf_reader\views.py changed, reloading.
INFO 2025-07-08 17:58:35,839 autoreload D:\sanad system\sanad_system\pdf_reader\views.py changed, reloading.
INFO 2025-07-08 17:58:35,927 autoreload D:\sanad system\sanad_system\pdf_reader\views.py changed, reloading.
INFO 2025-07-08 17:58:36,030 autoreload D:\sanad system\sanad_system\pdf_reader\views.py changed, reloading.
INFO 2025-07-08 17:58:36,366 autoreload D:\sanad system\sanad_system\pdf_reader\views.py changed, reloading.
INFO 2025-07-08 17:58:41,347 autoreload Watching for file changes with StatReloader
INFO 2025-07-08 17:58:42,792 autoreload Watching for file changes with StatReloader
INFO 2025-07-08 17:58:43,293 autoreload Watching for file changes with StatReloader
INFO 2025-07-08 17:58:43,337 autoreload Watching for file changes with StatReloader
INFO 2025-07-08 17:58:43,792 autoreload Watching for file changes with StatReloader
INFO 2025-07-08 17:58:44,042 autoreload Watching for file changes with StatReloader
INFO 2025-07-08 17:58:44,515 autoreload Watching for file changes with StatReloader
INFO 2025-07-08 17:58:45,110 autoreload Watching for file changes with StatReloader
INFO 2025-07-08 18:13:45,131 autoreload Watching for file changes with StatReloader
INFO 2025-07-08 18:15:11,027 autoreload D:\sanad system\sanad_system\pdf_reader\views.py changed, reloading.
INFO 2025-07-08 18:15:11,267 autoreload D:\sanad system\sanad_system\pdf_reader\views.py changed, reloading.
INFO 2025-07-08 18:15:11,756 autoreload D:\sanad system\sanad_system\pdf_reader\views.py changed, reloading.
INFO 2025-07-08 18:15:11,306 autoreload D:\sanad system\sanad_system\pdf_reader\views.py changed, reloading.
INFO 2025-07-08 18:15:11,357 autoreload D:\sanad system\sanad_system\pdf_reader\views.py changed, reloading.
INFO 2025-07-08 18:15:11,360 autoreload D:\sanad system\sanad_system\pdf_reader\views.py changed, reloading.
INFO 2025-07-08 18:15:11,842 autoreload D:\sanad system\sanad_system\pdf_reader\views.py changed, reloading.
INFO 2025-07-08 18:15:11,854 autoreload D:\sanad system\sanad_system\pdf_reader\views.py changed, reloading.
INFO 2025-07-08 18:15:21,631 autoreload Watching for file changes with StatReloader
INFO 2025-07-08 18:15:21,731 autoreload Watching for file changes with StatReloader
INFO 2025-07-08 18:15:21,731 autoreload Watching for file changes with StatReloader
INFO 2025-07-08 18:15:21,576 autoreload Watching for file changes with StatReloader
INFO 2025-07-08 18:15:21,433 autoreload Watching for file changes with StatReloader
INFO 2025-07-08 18:15:21,387 autoreload Watching for file changes with StatReloader
INFO 2025-07-08 18:15:21,304 autoreload Watching for file changes with StatReloader
INFO 2025-07-08 18:15:21,406 autoreload Watching for file changes with StatReloader
INFO 2025-07-08 18:17:31,867 autoreload D:\sanad system\sanad_system\pdf_reader\views.py changed, reloading.
INFO 2025-07-08 18:17:31,868 autoreload D:\sanad system\sanad_system\pdf_reader\views.py changed, reloading.
INFO 2025-07-08 18:17:31,906 autoreload D:\sanad system\sanad_system\pdf_reader\views.py changed, reloading.
INFO 2025-07-08 18:17:32,222 autoreload D:\sanad system\sanad_system\pdf_reader\views.py changed, reloading.
INFO 2025-07-08 18:17:32,397 autoreload D:\sanad system\sanad_system\pdf_reader\views.py changed, reloading.
INFO 2025-07-08 18:17:32,671 autoreload D:\sanad system\sanad_system\pdf_reader\views.py changed, reloading.
INFO 2025-07-08 18:17:32,694 autoreload D:\sanad system\sanad_system\pdf_reader\views.py changed, reloading.
INFO 2025-07-08 18:17:32,705 autoreload D:\sanad system\sanad_system\pdf_reader\views.py changed, reloading.
INFO 2025-07-08 18:17:40,293 autoreload Watching for file changes with StatReloader
INFO 2025-07-08 18:17:40,295 autoreload Watching for file changes with StatReloader
INFO 2025-07-08 18:17:40,296 autoreload Watching for file changes with StatReloader
INFO 2025-07-08 18:17:40,311 autoreload Watching for file changes with StatReloader
INFO 2025-07-08 18:17:40,312 autoreload Watching for file changes with StatReloader
INFO 2025-07-08 18:17:40,326 autoreload Watching for file changes with StatReloader
INFO 2025-07-08 18:17:40,416 autoreload Watching for file changes with StatReloader
INFO 2025-07-08 18:18:54,014 autoreload Watching for file changes with StatReloader
INFO 2025-07-08 18:21:25,308 autoreload Watching for file changes with StatReloader
INFO 2025-07-08 18:22:51,398 autoreload Watching for file changes with StatReloader
INFO 2025-07-08 18:56:40,905 autoreload Watching for file changes with StatReloader
INFO 2025-07-08 18:57:13,072 autoreload D:\sanad system\sanad_system\pdf_reader\urls.py changed, reloading.
INFO 2025-07-08 18:57:13,105 autoreload D:\sanad system\sanad_system\pdf_reader\urls.py changed, reloading.
INFO 2025-07-08 18:57:13,132 autoreload D:\sanad system\sanad_system\pdf_reader\urls.py changed, reloading.
INFO 2025-07-08 18:57:13,252 autoreload D:\sanad system\sanad_system\pdf_reader\urls.py changed, reloading.
INFO 2025-07-08 18:57:13,533 autoreload D:\sanad system\sanad_system\pdf_reader\urls.py changed, reloading.
INFO 2025-07-08 18:57:13,702 autoreload D:\sanad system\sanad_system\pdf_reader\urls.py changed, reloading.
INFO 2025-07-08 18:57:13,779 autoreload D:\sanad system\sanad_system\pdf_reader\urls.py changed, reloading.
INFO 2025-07-08 18:57:13,867 autoreload D:\sanad system\sanad_system\pdf_reader\urls.py changed, reloading.
INFO 2025-07-08 18:57:14,125 autoreload D:\sanad system\sanad_system\pdf_reader\urls.py changed, reloading.
INFO 2025-07-08 18:57:14,320 autoreload D:\sanad system\sanad_system\pdf_reader\urls.py changed, reloading.
INFO 2025-07-08 18:57:19,848 autoreload Watching for file changes with StatReloader
INFO 2025-07-08 18:57:20,788 autoreload Watching for file changes with StatReloader
INFO 2025-07-08 18:57:20,670 autoreload Watching for file changes with StatReloader
INFO 2025-07-08 18:57:20,471 autoreload Watching for file changes with StatReloader
INFO 2025-07-08 18:57:20,450 autoreload Watching for file changes with StatReloader
INFO 2025-07-08 18:57:20,372 autoreload Watching for file changes with StatReloader
INFO 2025-07-08 18:57:20,016 autoreload Watching for file changes with StatReloader
INFO 2025-07-08 18:57:20,096 autoreload Watching for file changes with StatReloader
INFO 2025-07-08 18:57:19,984 autoreload Watching for file changes with StatReloader
INFO 2025-07-08 18:57:23,960 autoreload Watching for file changes with StatReloader
INFO 2025-07-08 18:57:46,475 basehttp "GET / HTTP/1.1" 200 26973
INFO 2025-07-08 19:00:49,096 basehttp "GET / HTTP/1.1" 200 26875
ERROR 2025-07-08 19:00:51,180 log Internal Server Error: /pdf-reader/
Traceback (most recent call last):
  File "C:\Users\T\AppData\Roaming\Python\Python313\site-packages\django\db\backends\utils.py", line 89, in _execute
    return self.cursor.execute(sql, params)
           ~~~~~~~~~~~~~~~~~~~^^^^^^^^^^^^^
  File "C:\Users\T\AppData\Roaming\Python\Python313\site-packages\django\db\backends\sqlite3\base.py", line 328, in execute
    return super().execute(query, params)
           ~~~~~~~~~~~~~~~^^^^^^^^^^^^^^^
sqlite3.OperationalError: no such table: pdf_reader_document

The above exception was the direct cause of the following exception:

Traceback (most recent call last):
  File "C:\Users\T\AppData\Roaming\Python\Python313\site-packages\django\core\handlers\exception.py", line 55, in inner
    response = get_response(request)
  File "C:\Users\T\AppData\Roaming\Python\Python313\site-packages\django\core\handlers\base.py", line 197, in _get_response
    response = wrapped_callback(request, *callback_args, **callback_kwargs)
  File "C:\Users\T\AppData\Roaming\Python\Python313\site-packages\django\contrib\auth\decorators.py", line 23, in _wrapper_view
    return view_func(request, *args, **kwargs)
  File "C:\Users\T\AppData\Roaming\Python\Python313\site-packages\django\views\generic\base.py", line 105, in view
    return self.dispatch(request, *args, **kwargs)
           ~~~~~~~~~~~~~^^^^^^^^^^^^^^^^^^^^^^^^^^
  File "C:\Users\T\AppData\Roaming\Python\Python313\site-packages\django\contrib\auth\mixins.py", line 73, in dispatch
    return super().dispatch(request, *args, **kwargs)
           ~~~~~~~~~~~~~~~~^^^^^^^^^^^^^^^^^^^^^^^^^^
  File "C:\Users\T\AppData\Roaming\Python\Python313\site-packages\django\views\generic\base.py", line 144, in dispatch
    return handler(request, *args, **kwargs)
  File "C:\Users\T\AppData\Roaming\Python\Python313\site-packages\django\views\generic\list.py", line 174, in get
    context = self.get_context_data()
  File "D:\sanad system\sanad_system\pdf_reader\views.py", line 67, in get_context_data
    context = super().get_context_data(**kwargs)
  File "C:\Users\T\AppData\Roaming\Python\Python313\site-packages\django\views\generic\list.py", line 128, in get_context_data
    paginator, page, queryset, is_paginated = self.paginate_queryset(
                                              ~~~~~~~~~~~~~~~~~~~~~~^
        queryset, page_size
        ^^^^^^^^^^^^^^^^^^^
    )
    ^
  File "C:\Users\T\AppData\Roaming\Python\Python313\site-packages\django\views\generic\list.py", line 73, in paginate_queryset
    page = paginator.page(page_number)
  File "C:\Users\T\AppData\Roaming\Python\Python313\site-packages\django\core\paginator.py", line 72, in page
    number = self.validate_number(number)
  File "C:\Users\T\AppData\Roaming\Python\Python313\site-packages\django\core\paginator.py", line 53, in validate_number
    if number > self.num_pages:
                ^^^^^^^^^^^^^^
  File "C:\Users\T\AppData\Roaming\Python\Python313\site-packages\django\utils\functional.py", line 57, in __get__
    res = instance.__dict__[self.name] = self.func(instance)
                                         ~~~~~~~~~^^^^^^^^^^
  File "C:\Users\T\AppData\Roaming\Python\Python313\site-packages\django\core\paginator.py", line 99, in num_pages
    if self.count == 0 and not self.allow_empty_first_page:
       ^^^^^^^^^^
  File "C:\Users\T\AppData\Roaming\Python\Python313\site-packages\django\utils\functional.py", line 57, in __get__
    res = instance.__dict__[self.name] = self.func(instance)
                                         ~~~~~~~~~^^^^^^^^^^
  File "C:\Users\T\AppData\Roaming\Python\Python313\site-packages\django\core\paginator.py", line 93, in count
    return c()
  File "C:\Users\T\AppData\Roaming\Python\Python313\site-packages\django\db\models\query.py", line 608, in count
    return self.query.get_count(using=self.db)
           ~~~~~~~~~~~~~~~~~~~~^^^^^^^^^^^^^^^
  File "C:\Users\T\AppData\Roaming\Python\Python313\site-packages\django\db\models\sql\query.py", line 568, in get_count
    return obj.get_aggregation(using, {"__count": Count("*")})["__count"]
           ~~~~~~~~~~~~~~~~~~~^^^^^^^^^^^^^^^^^^^^^^^^^^^^^^^^
  File "C:\Users\T\AppData\Roaming\Python\Python313\site-packages\django\db\models\sql\query.py", line 554, in get_aggregation
    result = compiler.execute_sql(SINGLE)
  File "C:\Users\T\AppData\Roaming\Python\Python313\site-packages\django\db\models\sql\compiler.py", line 1562, in execute_sql
    cursor.execute(sql, params)
    ~~~~~~~~~~~~~~^^^^^^^^^^^^^
  File "C:\Users\T\AppData\Roaming\Python\Python313\site-packages\django\db\backends\utils.py", line 102, in execute
    return super().execute(sql, params)
           ~~~~~~~~~~~~~~~^^^^^^^^^^^^^
  File "C:\Users\T\AppData\Roaming\Python\Python313\site-packages\django\db\backends\utils.py", line 67, in execute
    return self._execute_with_wrappers(
           ~~~~~~~~~~~~~~~~~~~~~~~~~~~^
        sql, params, many=False, executor=self._execute
        ^^^^^^^^^^^^^^^^^^^^^^^^^^^^^^^^^^^^^^^^^^^^^^^
    )
    ^
  File "C:\Users\T\AppData\Roaming\Python\Python313\site-packages\django\db\backends\utils.py", line 80, in _execute_with_wrappers
    return executor(sql, params, many, context)
  File "C:\Users\T\AppData\Roaming\Python\Python313\site-packages\django\db\backends\utils.py", line 84, in _execute
    with self.db.wrap_database_errors:
         ^^^^^^^^^^^^^^^^^^^^^^^^^^^^
  File "C:\Users\T\AppData\Roaming\Python\Python313\site-packages\django\db\utils.py", line 91, in __exit__
    raise dj_exc_value.with_traceback(traceback) from exc_value
  File "C:\Users\T\AppData\Roaming\Python\Python313\site-packages\django\db\backends\utils.py", line 89, in _execute
    return self.cursor.execute(sql, params)
           ~~~~~~~~~~~~~~~~~~~^^^^^^^^^^^^^
  File "C:\Users\T\AppData\Roaming\Python\Python313\site-packages\django\db\backends\sqlite3\base.py", line 328, in execute
    return super().execute(query, params)
           ~~~~~~~~~~~~~~~^^^^^^^^^^^^^^^
django.db.utils.OperationalError: no such table: pdf_reader_document
ERROR 2025-07-08 19:00:51,311 basehttp "GET /pdf-reader/ HTTP/1.1" 500 186750
ERROR 2025-07-08 19:04:25,225 log Internal Server Error: /pdf-reader/
Traceback (most recent call last):
  File "C:\Users\T\AppData\Roaming\Python\Python313\site-packages\django\template\smartif.py", line 179, in translate_token
    op = OPERATORS[token]
         ~~~~~~~~~^^^^^^^
KeyError: '*'

During handling of the above exception, another exception occurred:

Traceback (most recent call last):
  File "C:\Users\T\AppData\Roaming\Python\Python313\site-packages\django\core\handlers\exception.py", line 55, in inner
    response = get_response(request)
  File "C:\Users\T\AppData\Roaming\Python\Python313\site-packages\django\core\handlers\base.py", line 220, in _get_response
    response = response.render()
  File "C:\Users\T\AppData\Roaming\Python\Python313\site-packages\django\template\response.py", line 114, in render
    self.content = self.rendered_content
                   ^^^^^^^^^^^^^^^^^^^^^
  File "C:\Users\T\AppData\Roaming\Python\Python313\site-packages\django\template\response.py", line 90, in rendered_content
    template = self.resolve_template(self.template_name)
  File "C:\Users\T\AppData\Roaming\Python\Python313\site-packages\django\template\response.py", line 72, in resolve_template
    return select_template(template, using=self.using)
  File "C:\Users\T\AppData\Roaming\Python\Python313\site-packages\django\template\loader.py", line 42, in select_template
    return engine.get_template(template_name)
           ~~~~~~~~~~~~~~~~~~~^^^^^^^^^^^^^^^
  File "C:\Users\T\AppData\Roaming\Python\Python313\site-packages\django\template\backends\django.py", line 33, in get_template
    return Template(self.engine.get_template(template_name), self)
                    ~~~~~~~~~~~~~~~~~~~~~~~~^^^^^^^^^^^^^^^
  File "C:\Users\T\AppData\Roaming\Python\Python313\site-packages\django\template\engine.py", line 175, in get_template
    template, origin = self.find_template(template_name)
                       ~~~~~~~~~~~~~~~~~~^^^^^^^^^^^^^^^
  File "C:\Users\T\AppData\Roaming\Python\Python313\site-packages\django\template\engine.py", line 157, in find_template
    template = loader.get_template(name, skip=skip)
  File "C:\Users\T\AppData\Roaming\Python\Python313\site-packages\django\template\loaders\cached.py", line 57, in get_template
    template = super().get_template(template_name, skip)
  File "C:\Users\T\AppData\Roaming\Python\Python313\site-packages\django\template\loaders\base.py", line 28, in get_template
    return Template(
        contents,
    ...<2 lines>...
        self.engine,
    )
  File "C:\Users\T\AppData\Roaming\Python\Python313\site-packages\django\template\base.py", line 154, in __init__
    self.nodelist = self.compile_nodelist()
                    ~~~~~~~~~~~~~~~~~~~~~^^
  File "C:\Users\T\AppData\Roaming\Python\Python313\site-packages\django\template\base.py", line 200, in compile_nodelist
    return parser.parse()
           ~~~~~~~~~~~~^^
  File "C:\Users\T\AppData\Roaming\Python\Python313\site-packages\django\template\base.py", line 513, in parse
    raise self.error(token, e)
  File "C:\Users\T\AppData\Roaming\Python\Python313\site-packages\django\template\base.py", line 511, in parse
    compiled_result = compile_func(self, token)
  File "C:\Users\T\AppData\Roaming\Python\Python313\site-packages\django\template\loader_tags.py", line 293, in do_extends
    nodelist = parser.parse()
  File "C:\Users\T\AppData\Roaming\Python\Python313\site-packages\django\template\base.py", line 513, in parse
    raise self.error(token, e)
  File "C:\Users\T\AppData\Roaming\Python\Python313\site-packages\django\template\base.py", line 511, in parse
    compiled_result = compile_func(self, token)
  File "C:\Users\T\AppData\Roaming\Python\Python313\site-packages\django\template\loader_tags.py", line 232, in do_block
    nodelist = parser.parse(("endblock",))
  File "C:\Users\T\AppData\Roaming\Python\Python313\site-packages\django\template\base.py", line 513, in parse
    raise self.error(token, e)
  File "C:\Users\T\AppData\Roaming\Python\Python313\site-packages\django\template\base.py", line 511, in parse
    compiled_result = compile_func(self, token)
  File "C:\Users\T\AppData\Roaming\Python\Python313\site-packages\django\template\defaulttags.py", line 953, in do_if
    nodelist = parser.parse(("elif", "else", "endif"))
  File "C:\Users\T\AppData\Roaming\Python\Python313\site-packages\django\template\base.py", line 513, in parse
    raise self.error(token, e)
  File "C:\Users\T\AppData\Roaming\Python\Python313\site-packages\django\template\base.py", line 511, in parse
    compiled_result = compile_func(self, token)
  File "C:\Users\T\AppData\Roaming\Python\Python313\site-packages\django\template\defaulttags.py", line 853, in do_for
    nodelist_loop = parser.parse(
        (
    ...<2 lines>...
        )
    )
  File "C:\Users\T\AppData\Roaming\Python\Python313\site-packages\django\template\base.py", line 513, in parse
    raise self.error(token, e)
  File "C:\Users\T\AppData\Roaming\Python\Python313\site-packages\django\template\base.py", line 511, in parse
    compiled_result = compile_func(self, token)
  File "C:\Users\T\AppData\Roaming\Python\Python313\site-packages\django\template\defaulttags.py", line 953, in do_if
    nodelist = parser.parse(("elif", "else", "endif"))
  File "C:\Users\T\AppData\Roaming\Python\Python313\site-packages\django\template\base.py", line 513, in parse
    raise self.error(token, e)
  File "C:\Users\T\AppData\Roaming\Python\Python313\site-packages\django\template\base.py", line 511, in parse
    compiled_result = compile_func(self, token)
  File "C:\Users\T\AppData\Roaming\Python\Python313\site-packages\django\template\defaulttags.py", line 960, in do_if
    condition = TemplateIfParser(parser, bits).parse()
                ~~~~~~~~~~~~~~~~^^^^^^^^^^^^^^
  File "C:\Users\T\AppData\Roaming\Python\Python313\site-packages\django\template\defaulttags.py", line 885, in __init__
    super().__init__(*args, **kwargs)
    ~~~~~~~~~~~~~~~~^^^^^^^^^^^^^^^^^
  File "C:\Users\T\AppData\Roaming\Python\Python313\site-packages\django\template\smartif.py", line 170, in __init__
    mapped_tokens.append(self.translate_token(token))
                         ~~~~~~~~~~~~~~~~~~~~^^^^^^^
  File "C:\Users\T\AppData\Roaming\Python\Python313\site-packages\django\template\smartif.py", line 181, in translate_token
    return self.create_var(token)
           ~~~~~~~~~~~~~~~^^^^^^^
  File "C:\Users\T\AppData\Roaming\Python\Python313\site-packages\django\template\defaulttags.py", line 888, in create_var
    return TemplateLiteral(self.template_parser.compile_filter(value), value)
                           ~~~~~~~~~~~~~~~~~~~~~~~~~~~~~~~~~~~^^^^^^^
  File "C:\Users\T\AppData\Roaming\Python\Python313\site-packages\django\template\base.py", line 600, in compile_filter
    return FilterExpression(token, self)
  File "C:\Users\T\AppData\Roaming\Python\Python313\site-packages\django\template\base.py", line 703, in __init__
    raise TemplateSyntaxError(
    ...<2 lines>...
    )
django.template.exceptions.TemplateSyntaxError: Could not parse the remainder: '*' from '*'
ERROR 2025-07-08 19:04:25,342 basehttp "GET /pdf-reader/ HTTP/1.1" 500 397069
INFO 2025-07-08 19:06:27,989 basehttp "GET /pdf-reader/ HTTP/1.1" 200 27673
ERROR 2025-07-08 19:06:31,719 log Internal Server Error: /pdf-reader/upload/
Traceback (most recent call last):
  File "C:\Users\T\AppData\Roaming\Python\Python313\site-packages\django\core\handlers\exception.py", line 55, in inner
    response = get_response(request)
  File "C:\Users\T\AppData\Roaming\Python\Python313\site-packages\django\core\handlers\base.py", line 197, in _get_response
    response = wrapped_callback(request, *callback_args, **callback_kwargs)
  File "C:\Users\T\AppData\Roaming\Python\Python313\site-packages\django\contrib\auth\decorators.py", line 23, in _wrapper_view
    return view_func(request, *args, **kwargs)
  File "C:\Users\T\AppData\Roaming\Python\Python313\site-packages\django\views\generic\base.py", line 105, in view
    return self.dispatch(request, *args, **kwargs)
           ~~~~~~~~~~~~~^^^^^^^^^^^^^^^^^^^^^^^^^^
  File "C:\Users\T\AppData\Roaming\Python\Python313\site-packages\django\contrib\auth\mixins.py", line 73, in dispatch
    return super().dispatch(request, *args, **kwargs)
           ~~~~~~~~~~~~~~~~^^^^^^^^^^^^^^^^^^^^^^^^^^
  File "C:\Users\T\AppData\Roaming\Python\Python313\site-packages\django\views\generic\base.py", line 144, in dispatch
    return handler(request, *args, **kwargs)
  File "C:\Users\T\AppData\Roaming\Python\Python313\site-packages\django\views\generic\edit.py", line 180, in get
    return super().get(request, *args, **kwargs)
           ~~~~~~~~~~~^^^^^^^^^^^^^^^^^^^^^^^^^^
  File "C:\Users\T\AppData\Roaming\Python\Python313\site-packages\django\views\generic\edit.py", line 144, in get
    return self.render_to_response(self.get_context_data())
                                   ~~~~~~~~~~~~~~~~~~~~~^^
  File "D:\sanad system\sanad_system\pdf_reader\views.py", line 124, in get_context_data
    context = super().get_context_data(**kwargs)
  File "C:\Users\T\AppData\Roaming\Python\Python313\site-packages\django\views\generic\edit.py", line 74, in get_context_data
    kwargs["form"] = self.get_form()
                     ~~~~~~~~~~~~~^^
  File "C:\Users\T\AppData\Roaming\Python\Python313\site-packages\django\views\generic\edit.py", line 39, in get_form
    return form_class(**self.get_form_kwargs())
TypeError: BaseModelForm.__init__() got an unexpected keyword argument 'user'
ERROR 2025-07-08 19:06:31,731 basehttp "GET /pdf-reader/upload/ HTTP/1.1" 500 103513
INFO 2025-07-08 19:07:28,659 autoreload D:\sanad system\sanad_system\pdf_reader\forms.py changed, reloading.
INFO 2025-07-08 19:07:28,838 autoreload D:\sanad system\sanad_system\pdf_reader\forms.py changed, reloading.
INFO 2025-07-08 19:07:28,899 autoreload D:\sanad system\sanad_system\pdf_reader\forms.py changed, reloading.
INFO 2025-07-08 19:07:28,908 autoreload D:\sanad system\sanad_system\pdf_reader\forms.py changed, reloading.
INFO 2025-07-08 19:07:28,962 autoreload D:\sanad system\sanad_system\pdf_reader\forms.py changed, reloading.
INFO 2025-07-08 19:07:29,022 autoreload D:\sanad system\sanad_system\pdf_reader\forms.py changed, reloading.
INFO 2025-07-08 19:07:29,492 autoreload D:\sanad system\sanad_system\pdf_reader\forms.py changed, reloading.
INFO 2025-07-08 19:07:29,641 autoreload D:\sanad system\sanad_system\pdf_reader\forms.py changed, reloading.
INFO 2025-07-08 19:07:29,831 autoreload D:\sanad system\sanad_system\pdf_reader\forms.py changed, reloading.
INFO 2025-07-08 19:07:29,788 autoreload D:\sanad system\sanad_system\pdf_reader\forms.py changed, reloading.
INFO 2025-07-08 19:07:38,422 autoreload Watching for file changes with StatReloader
INFO 2025-07-08 19:07:38,422 autoreload Watching for file changes with StatReloader
INFO 2025-07-08 19:07:38,424 autoreload Watching for file changes with StatReloader
INFO 2025-07-08 19:07:38,466 autoreload Watching for file changes with StatReloader
INFO 2025-07-08 19:07:38,754 autoreload Watching for file changes with StatReloader
INFO 2025-07-08 19:07:40,048 autoreload Watching for file changes with StatReloader
INFO 2025-07-08 19:07:40,135 autoreload Watching for file changes with StatReloader
INFO 2025-07-08 19:07:40,766 autoreload Watching for file changes with StatReloader
INFO 2025-07-08 19:07:40,820 autoreload Watching for file changes with StatReloader
INFO 2025-07-08 19:07:40,841 autoreload Watching for file changes with StatReloader
ERROR 2025-07-08 19:08:01,677 log Internal Server Error: /pdf-reader/upload/
Traceback (most recent call last):
  File "C:\Users\T\AppData\Roaming\Python\Python313\site-packages\django\template\defaulttags.py", line 1026, in find_library
    return parser.libraries[name]
           ~~~~~~~~~~~~~~~~^^^^^^
KeyError: 'crispy_forms_tags'

During handling of the above exception, another exception occurred:

Traceback (most recent call last):
  File "C:\Users\T\AppData\Roaming\Python\Python313\site-packages\django\core\handlers\exception.py", line 55, in inner
    response = get_response(request)
  File "C:\Users\T\AppData\Roaming\Python\Python313\site-packages\django\core\handlers\base.py", line 220, in _get_response
    response = response.render()
  File "C:\Users\T\AppData\Roaming\Python\Python313\site-packages\django\template\response.py", line 114, in render
    self.content = self.rendered_content
                   ^^^^^^^^^^^^^^^^^^^^^
  File "C:\Users\T\AppData\Roaming\Python\Python313\site-packages\django\template\response.py", line 90, in rendered_content
    template = self.resolve_template(self.template_name)
  File "C:\Users\T\AppData\Roaming\Python\Python313\site-packages\django\template\response.py", line 72, in resolve_template
    return select_template(template, using=self.using)
  File "C:\Users\T\AppData\Roaming\Python\Python313\site-packages\django\template\loader.py", line 42, in select_template
    return engine.get_template(template_name)
           ~~~~~~~~~~~~~~~~~~~^^^^^^^^^^^^^^^
  File "C:\Users\T\AppData\Roaming\Python\Python313\site-packages\django\template\backends\django.py", line 33, in get_template
    return Template(self.engine.get_template(template_name), self)
                    ~~~~~~~~~~~~~~~~~~~~~~~~^^^^^^^^^^^^^^^
  File "C:\Users\T\AppData\Roaming\Python\Python313\site-packages\django\template\engine.py", line 175, in get_template
    template, origin = self.find_template(template_name)
                       ~~~~~~~~~~~~~~~~~~^^^^^^^^^^^^^^^
  File "C:\Users\T\AppData\Roaming\Python\Python313\site-packages\django\template\engine.py", line 157, in find_template
    template = loader.get_template(name, skip=skip)
  File "C:\Users\T\AppData\Roaming\Python\Python313\site-packages\django\template\loaders\cached.py", line 57, in get_template
    template = super().get_template(template_name, skip)
  File "C:\Users\T\AppData\Roaming\Python\Python313\site-packages\django\template\loaders\base.py", line 28, in get_template
    return Template(
        contents,
    ...<2 lines>...
        self.engine,
    )
  File "C:\Users\T\AppData\Roaming\Python\Python313\site-packages\django\template\base.py", line 154, in __init__
    self.nodelist = self.compile_nodelist()
                    ~~~~~~~~~~~~~~~~~~~~~^^
  File "C:\Users\T\AppData\Roaming\Python\Python313\site-packages\django\template\base.py", line 200, in compile_nodelist
    return parser.parse()
           ~~~~~~~~~~~~^^
  File "C:\Users\T\AppData\Roaming\Python\Python313\site-packages\django\template\base.py", line 513, in parse
    raise self.error(token, e)
  File "C:\Users\T\AppData\Roaming\Python\Python313\site-packages\django\template\base.py", line 511, in parse
    compiled_result = compile_func(self, token)
  File "C:\Users\T\AppData\Roaming\Python\Python313\site-packages\django\template\loader_tags.py", line 293, in do_extends
    nodelist = parser.parse()
  File "C:\Users\T\AppData\Roaming\Python\Python313\site-packages\django\template\base.py", line 513, in parse
    raise self.error(token, e)
  File "C:\Users\T\AppData\Roaming\Python\Python313\site-packages\django\template\base.py", line 511, in parse
    compiled_result = compile_func(self, token)
  File "C:\Users\T\AppData\Roaming\Python\Python313\site-packages\django\template\defaulttags.py", line 1088, in load
    lib = find_library(parser, name)
  File "C:\Users\T\AppData\Roaming\Python\Python313\site-packages\django\template\defaulttags.py", line 1028, in find_library
    raise TemplateSyntaxError(
    ...<5 lines>...
    )
django.template.exceptions.TemplateSyntaxError: 'crispy_forms_tags' is not a registered tag library. Must be one of:
admin_list
admin_modify
admin_urls
cache
highlight_filters
humanize
i18n
jformat
l10n
log
pdf_reader_tags
static
tz
ERROR 2025-07-08 19:08:01,693 basehttp "GET /pdf-reader/upload/ HTTP/1.1" 500 229654
INFO 2025-07-08 19:09:12,059 autoreload D:\sanad system\sanad_system\sanad_system\settings.py changed, reloading.
INFO 2025-07-08 19:09:12,063 autoreload D:\sanad system\sanad_system\sanad_system\settings.py changed, reloading.
INFO 2025-07-08 19:09:12,129 autoreload D:\sanad system\sanad_system\sanad_system\settings.py changed, reloading.
INFO 2025-07-08 19:09:12,678 autoreload D:\sanad system\sanad_system\sanad_system\settings.py changed, reloading.
INFO 2025-07-08 19:09:12,732 autoreload D:\sanad system\sanad_system\sanad_system\settings.py changed, reloading.
INFO 2025-07-08 19:09:12,749 autoreload D:\sanad system\sanad_system\sanad_system\settings.py changed, reloading.
INFO 2025-07-08 19:09:12,831 autoreload D:\sanad system\sanad_system\sanad_system\settings.py changed, reloading.
INFO 2025-07-08 19:09:13,092 autoreload D:\sanad system\sanad_system\sanad_system\settings.py changed, reloading.
INFO 2025-07-08 19:09:13,166 autoreload D:\sanad system\sanad_system\sanad_system\settings.py changed, reloading.
INFO 2025-07-08 19:09:13,231 autoreload D:\sanad system\sanad_system\sanad_system\settings.py changed, reloading.
INFO 2025-07-08 19:09:19,822 autoreload Watching for file changes with StatReloader
INFO 2025-07-08 19:09:19,822 autoreload Watching for file changes with StatReloader
INFO 2025-07-08 19:09:19,827 autoreload Watching for file changes with StatReloader
INFO 2025-07-08 19:09:19,827 autoreload Watching for file changes with StatReloader
INFO 2025-07-08 19:09:19,939 autoreload Watching for file changes with StatReloader
INFO 2025-07-08 19:09:20,131 autoreload Watching for file changes with StatReloader
INFO 2025-07-08 19:09:20,124 autoreload Watching for file changes with StatReloader
INFO 2025-07-08 19:09:20,153 autoreload Watching for file changes with StatReloader
INFO 2025-07-08 19:09:20,155 autoreload Watching for file changes with StatReloader
INFO 2025-07-08 19:09:20,320 autoreload Watching for file changes with StatReloader
INFO 2025-07-08 19:13:59,117 basehttp "GET /pdf-reader/upload/ HTTP/1.1" 200 29748
INFO 2025-07-08 19:14:26,287 basehttp "POST /pdf-reader/upload/ HTTP/1.1" 302 0
INFO 2025-07-08 19:14:28,030 basehttp "GET /pdf-reader/1/ HTTP/1.1" 200 32391
INFO 2025-07-08 19:14:30,415 basehttp "GET /pdf-reader/1/view/ HTTP/1.1" 200 28448
INFO 2025-07-08 19:18:50,167 autoreload D:\sanad system\sanad_system\pdf_reader\views.py changed, reloading.
INFO 2025-07-08 19:18:50,193 autoreload D:\sanad system\sanad_system\pdf_reader\views.py changed, reloading.
INFO 2025-07-08 19:18:50,203 autoreload D:\sanad system\sanad_system\pdf_reader\views.py changed, reloading.
INFO 2025-07-08 19:18:50,246 autoreload D:\sanad system\sanad_system\pdf_reader\views.py changed, reloading.
INFO 2025-07-08 19:18:50,513 autoreload D:\sanad system\sanad_system\pdf_reader\views.py changed, reloading.
INFO 2025-07-08 19:18:50,571 autoreload D:\sanad system\sanad_system\pdf_reader\views.py changed, reloading.
INFO 2025-07-08 19:18:50,610 autoreload D:\sanad system\sanad_system\pdf_reader\views.py changed, reloading.
INFO 2025-07-08 19:18:50,828 autoreload D:\sanad system\sanad_system\pdf_reader\views.py changed, reloading.
INFO 2025-07-08 19:18:51,156 autoreload D:\sanad system\sanad_system\pdf_reader\views.py changed, reloading.
INFO 2025-07-08 19:18:51,214 autoreload D:\sanad system\sanad_system\pdf_reader\views.py changed, reloading.
INFO 2025-07-08 19:18:59,073 autoreload Watching for file changes with StatReloader
INFO 2025-07-08 19:18:59,152 autoreload Watching for file changes with StatReloader
INFO 2025-07-08 19:18:59,209 autoreload Watching for file changes with StatReloader
INFO 2025-07-08 19:18:59,221 autoreload Watching for file changes with StatReloader
INFO 2025-07-08 19:18:59,921 autoreload Watching for file changes with StatReloader
INFO 2025-07-08 19:19:00,014 autoreload Watching for file changes with StatReloader
INFO 2025-07-08 19:19:00,408 autoreload Watching for file changes with StatReloader
INFO 2025-07-08 19:19:00,430 autoreload Watching for file changes with StatReloader
INFO 2025-07-08 19:19:00,511 autoreload Watching for file changes with StatReloader
INFO 2025-07-08 19:19:15,057 autoreload D:\sanad system\sanad_system\pdf_reader\urls.py changed, reloading.
INFO 2025-07-08 19:19:15,139 autoreload D:\sanad system\sanad_system\pdf_reader\urls.py changed, reloading.
INFO 2025-07-08 19:19:15,273 autoreload D:\sanad system\sanad_system\pdf_reader\urls.py changed, reloading.
INFO 2025-07-08 19:19:15,349 autoreload D:\sanad system\sanad_system\pdf_reader\urls.py changed, reloading.
INFO 2025-07-08 19:19:15,447 autoreload D:\sanad system\sanad_system\pdf_reader\urls.py changed, reloading.
INFO 2025-07-08 19:19:15,531 autoreload D:\sanad system\sanad_system\pdf_reader\urls.py changed, reloading.
INFO 2025-07-08 19:19:15,634 autoreload D:\sanad system\sanad_system\pdf_reader\urls.py changed, reloading.
INFO 2025-07-08 19:19:15,654 autoreload D:\sanad system\sanad_system\pdf_reader\urls.py changed, reloading.
INFO 2025-07-08 19:19:15,862 autoreload D:\sanad system\sanad_system\pdf_reader\urls.py changed, reloading.
INFO 2025-07-08 19:19:16,305 autoreload D:\sanad system\sanad_system\pdf_reader\urls.py changed, reloading.
INFO 2025-07-08 19:19:22,014 autoreload Watching for file changes with StatReloader
INFO 2025-07-08 19:19:22,422 autoreload Watching for file changes with StatReloader
INFO 2025-07-08 19:19:22,728 autoreload Watching for file changes with StatReloader
INFO 2025-07-08 19:19:23,610 autoreload Watching for file changes with StatReloader
INFO 2025-07-08 19:19:24,024 autoreload Watching for file changes with StatReloader
INFO 2025-07-08 19:19:24,715 autoreload Watching for file changes with StatReloader
INFO 2025-07-08 19:19:24,894 autoreload Watching for file changes with StatReloader
INFO 2025-07-08 19:19:25,231 autoreload Watching for file changes with StatReloader
INFO 2025-07-08 19:19:25,834 autoreload Watching for file changes with StatReloader
INFO 2025-07-08 19:19:30,764 autoreload Watching for file changes with StatReloader
INFO 2025-07-08 19:19:48,995 autoreload D:\sanad system\sanad_system\pdf_reader\urls.py changed, reloading.
INFO 2025-07-08 19:19:49,135 autoreload D:\sanad system\sanad_system\pdf_reader\urls.py changed, reloading.
INFO 2025-07-08 19:19:49,138 autoreload D:\sanad system\sanad_system\pdf_reader\urls.py changed, reloading.
INFO 2025-07-08 19:19:49,191 autoreload D:\sanad system\sanad_system\pdf_reader\urls.py changed, reloading.
INFO 2025-07-08 19:19:49,453 autoreload D:\sanad system\sanad_system\pdf_reader\urls.py changed, reloading.
INFO 2025-07-08 19:19:49,485 autoreload D:\sanad system\sanad_system\pdf_reader\urls.py changed, reloading.
INFO 2025-07-08 19:19:49,629 autoreload D:\sanad system\sanad_system\pdf_reader\urls.py changed, reloading.
INFO 2025-07-08 19:19:49,642 autoreload D:\sanad system\sanad_system\pdf_reader\urls.py changed, reloading.
INFO 2025-07-08 19:19:49,856 autoreload D:\sanad system\sanad_system\pdf_reader\urls.py changed, reloading.
INFO 2025-07-08 19:19:56,323 autoreload Watching for file changes with StatReloader
INFO 2025-07-08 19:19:56,366 autoreload Watching for file changes with StatReloader
INFO 2025-07-08 19:19:56,411 autoreload Watching for file changes with StatReloader
INFO 2025-07-08 19:19:56,581 autoreload Watching for file changes with StatReloader
INFO 2025-07-08 19:19:56,609 autoreload Watching for file changes with StatReloader
INFO 2025-07-08 19:19:56,655 autoreload Watching for file changes with StatReloader
INFO 2025-07-08 19:19:57,025 autoreload Watching for file changes with StatReloader
INFO 2025-07-08 19:19:57,251 autoreload Watching for file changes with StatReloader
INFO 2025-07-08 19:19:57,251 autoreload Watching for file changes with StatReloader
INFO 2025-07-08 19:19:57,426 autoreload Watching for file changes with StatReloader
INFO 2025-07-08 19:48:41,639 basehttp - Broken pipe from ('127.0.0.1', 52925)
INFO 2025-07-08 19:48:41,951 basehttp "GET /pdf-reader/ HTTP/1.1" 200 30026
INFO 2025-07-08 19:48:52,937 basehttp "GET /pdf-reader/1/ HTTP/1.1" 200 32178
INFO 2025-07-08 19:48:55,590 basehttp "GET /pdf-reader/1/view/ HTTP/1.1" 200 28443
INFO 2025-07-08 19:53:48,785 basehttp "GET / HTTP/1.1" 200 26875
INFO 2025-07-08 19:53:49,412 basehttp - Broken pipe from ('127.0.0.1', 53459)
WARNING 2025-07-08 19:53:50,480 log Not Found: /favicon.ico
INFO 2025-07-08 19:53:50,634 basehttp - Broken pipe from ('127.0.0.1', 53461)
INFO 2025-07-08 19:53:52,259 basehttp "GET /pdf-reader/ HTTP/1.1" 200 30026
INFO 2025-07-08 19:56:35,887 basehttp "GET /pdf-reader/ HTTP/1.1" 200 30026
INFO 2025-07-08 19:56:41,929 basehttp "GET /pdf-reader/1/ HTTP/1.1" 200 32178
INFO 2025-07-08 19:56:42,235 basehttp "GET /pdf-reader/1/view/ HTTP/1.1" 200 28443
INFO 2025-07-08 20:06:31,733 autoreload D:\sanad system\sanad_system\pdf_reader\views.py changed, reloading.
INFO 2025-07-08 20:06:31,782 autoreload D:\sanad system\sanad_system\pdf_reader\views.py changed, reloading.
INFO 2025-07-08 20:06:31,843 autoreload D:\sanad system\sanad_system\pdf_reader\views.py changed, reloading.
INFO 2025-07-08 20:06:32,071 autoreload D:\sanad system\sanad_system\pdf_reader\views.py changed, reloading.
INFO 2025-07-08 20:06:32,090 autoreload D:\sanad system\sanad_system\pdf_reader\views.py changed, reloading.
INFO 2025-07-08 20:06:32,106 autoreload D:\sanad system\sanad_system\pdf_reader\views.py changed, reloading.
INFO 2025-07-08 20:06:32,510 autoreload D:\sanad system\sanad_system\pdf_reader\views.py changed, reloading.
INFO 2025-07-08 20:06:32,522 autoreload D:\sanad system\sanad_system\pdf_reader\views.py changed, reloading.
INFO 2025-07-08 20:06:32,642 autoreload D:\sanad system\sanad_system\pdf_reader\views.py changed, reloading.
INFO 2025-07-08 20:06:32,655 autoreload D:\sanad system\sanad_system\pdf_reader\views.py changed, reloading.
INFO 2025-07-08 20:06:40,273 autoreload Watching for file changes with StatReloader
INFO 2025-07-08 20:06:40,285 autoreload Watching for file changes with StatReloader
INFO 2025-07-08 20:06:40,354 autoreload Watching for file changes with StatReloader
INFO 2025-07-08 20:06:40,363 autoreload Watching for file changes with StatReloader
INFO 2025-07-08 20:06:40,777 autoreload Watching for file changes with StatReloader
INFO 2025-07-08 20:06:40,872 autoreload Watching for file changes with StatReloader
INFO 2025-07-08 20:06:41,007 autoreload Watching for file changes with StatReloader
INFO 2025-07-08 20:06:41,052 autoreload Watching for file changes with StatReloader
INFO 2025-07-08 20:06:41,125 autoreload Watching for file changes with StatReloader
INFO 2025-07-08 20:06:41,172 autoreload Watching for file changes with StatReloader
INFO 2025-07-08 20:08:05,857 autoreload D:\sanad system\sanad_system\pdf_reader\views.py changed, reloading.
INFO 2025-07-08 20:08:05,859 autoreload D:\sanad system\sanad_system\pdf_reader\views.py changed, reloading.
INFO 2025-07-08 20:08:05,880 autoreload D:\sanad system\sanad_system\pdf_reader\views.py changed, reloading.
INFO 2025-07-08 20:08:05,891 autoreload D:\sanad system\sanad_system\pdf_reader\views.py changed, reloading.
INFO 2025-07-08 20:08:06,413 autoreload D:\sanad system\sanad_system\pdf_reader\views.py changed, reloading.
INFO 2025-07-08 20:08:06,433 autoreload D:\sanad system\sanad_system\pdf_reader\views.py changed, reloading.
INFO 2025-07-08 20:08:06,498 autoreload D:\sanad system\sanad_system\pdf_reader\views.py changed, reloading.
INFO 2025-07-08 20:08:06,515 autoreload D:\sanad system\sanad_system\pdf_reader\views.py changed, reloading.
INFO 2025-07-08 20:08:06,626 autoreload D:\sanad system\sanad_system\pdf_reader\views.py changed, reloading.
INFO 2025-07-08 20:08:06,759 autoreload D:\sanad system\sanad_system\pdf_reader\views.py changed, reloading.
INFO 2025-07-08 20:08:12,184 autoreload Watching for file changes with StatReloader
INFO 2025-07-08 20:08:12,195 autoreload Watching for file changes with StatReloader
INFO 2025-07-08 20:08:12,206 autoreload Watching for file changes with StatReloader
INFO 2025-07-08 20:08:12,220 autoreload Watching for file changes with StatReloader
INFO 2025-07-08 20:08:12,201 autoreload Watching for file changes with StatReloader
INFO 2025-07-08 20:08:12,265 autoreload Watching for file changes with StatReloader
INFO 2025-07-08 20:08:12,267 autoreload Watching for file changes with StatReloader
INFO 2025-07-08 20:08:12,345 autoreload Watching for file changes with StatReloader
INFO 2025-07-08 20:08:12,665 autoreload Watching for file changes with StatReloader
INFO 2025-07-08 20:10:46,117 basehttp "GET /pdf-reader/1/ HTTP/1.1" 200 32178
INFO 2025-07-08 20:10:47,281 basehttp "GET /pdf-reader/1/view/ HTTP/1.1" 200 28443
INFO 2025-07-08 20:21:51,561 autoreload D:\sanad system\sanad_system\pdf_reader\views.py changed, reloading.
INFO 2025-07-08 20:21:51,792 autoreload D:\sanad system\sanad_system\pdf_reader\views.py changed, reloading.
INFO 2025-07-08 20:21:52,171 autoreload D:\sanad system\sanad_system\pdf_reader\views.py changed, reloading.
INFO 2025-07-08 20:21:52,138 autoreload D:\sanad system\sanad_system\pdf_reader\views.py changed, reloading.
INFO 2025-07-08 20:21:52,283 autoreload D:\sanad system\sanad_system\pdf_reader\views.py changed, reloading.
INFO 2025-07-08 20:21:52,289 autoreload D:\sanad system\sanad_system\pdf_reader\views.py changed, reloading.
INFO 2025-07-08 20:21:52,406 autoreload D:\sanad system\sanad_system\pdf_reader\views.py changed, reloading.
INFO 2025-07-08 20:21:52,056 autoreload D:\sanad system\sanad_system\pdf_reader\views.py changed, reloading.
INFO 2025-07-08 20:21:52,085 autoreload D:\sanad system\sanad_system\pdf_reader\views.py changed, reloading.
INFO 2025-07-08 20:21:52,288 autoreload D:\sanad system\sanad_system\pdf_reader\views.py changed, reloading.
INFO 2025-07-08 20:22:14,989 autoreload Watching for file changes with StatReloader
INFO 2025-07-08 20:22:14,990 autoreload Watching for file changes with StatReloader
INFO 2025-07-08 20:22:14,990 autoreload Watching for file changes with StatReloader
INFO 2025-07-08 20:22:14,991 autoreload Watching for file changes with StatReloader
INFO 2025-07-08 20:22:14,999 autoreload Watching for file changes with StatReloader
INFO 2025-07-08 20:22:15,005 autoreload Watching for file changes with StatReloader
INFO 2025-07-08 20:22:15,010 autoreload Watching for file changes with StatReloader
INFO 2025-07-08 20:22:15,107 autoreload Watching for file changes with StatReloader
INFO 2025-07-08 20:22:15,765 autoreload Watching for file changes with StatReloader
INFO 2025-07-08 20:22:16,012 autoreload Watching for file changes with StatReloader
INFO 2025-07-08 20:23:54,262 autoreload D:\sanad system\sanad_system\pdf_reader\urls.py changed, reloading.
INFO 2025-07-08 20:23:54,436 autoreload D:\sanad system\sanad_system\pdf_reader\urls.py changed, reloading.
INFO 2025-07-08 20:23:54,439 autoreload D:\sanad system\sanad_system\pdf_reader\urls.py changed, reloading.
INFO 2025-07-08 20:23:54,618 autoreload D:\sanad system\sanad_system\pdf_reader\urls.py changed, reloading.
INFO 2025-07-08 20:23:54,622 autoreload D:\sanad system\sanad_system\pdf_reader\urls.py changed, reloading.
INFO 2025-07-08 20:23:54,697 autoreload D:\sanad system\sanad_system\pdf_reader\urls.py changed, reloading.
INFO 2025-07-08 20:23:54,745 autoreload D:\sanad system\sanad_system\pdf_reader\urls.py changed, reloading.
INFO 2025-07-08 20:23:54,687 autoreload D:\sanad system\sanad_system\pdf_reader\urls.py changed, reloading.
INFO 2025-07-08 20:23:54,792 autoreload D:\sanad system\sanad_system\pdf_reader\urls.py changed, reloading.
INFO 2025-07-08 20:24:02,709 autoreload Watching for file changes with StatReloader
INFO 2025-07-08 20:24:02,770 autoreload Watching for file changes with StatReloader
INFO 2025-07-08 20:24:02,821 autoreload Watching for file changes with StatReloader
INFO 2025-07-08 20:24:02,846 autoreload Watching for file changes with StatReloader
INFO 2025-07-08 20:24:02,847 autoreload Watching for file changes with StatReloader
INFO 2025-07-08 20:24:02,864 autoreload Watching for file changes with StatReloader
INFO 2025-07-08 20:24:02,899 autoreload Watching for file changes with StatReloader
INFO 2025-07-08 20:24:03,106 autoreload Watching for file changes with StatReloader
INFO 2025-07-08 20:24:03,149 autoreload Watching for file changes with StatReloader
INFO 2025-07-08 20:24:03,187 autoreload Watching for file changes with StatReloader
INFO 2025-07-08 20:24:21,116 basehttp "GET /pdf-reader/1/ HTTP/1.1" 200 32840
INFO 2025-07-08 20:24:29,315 basehttp "GET /pdf-reader/1/view/ HTTP/1.1" 200 8079021
WARNING 2025-07-08 20:24:30,153 log Not Found: /favicon.ico
WARNING 2025-07-08 20:24:30,155 basehttp "GET /favicon.ico HTTP/1.1" 404 7468
WARNING 2025-07-08 20:25:08,279 base Session data corrupted
INFO 2025-07-08 20:25:08,316 basehttp "GET /pdf-reader/1/ HTTP/1.1" 302 0
INFO 2025-07-08 20:25:08,532 basehttp "GET /accounts/login/?next=/pdf-reader/1/ HTTP/1.1" 200 28473
INFO 2025-07-08 20:25:09,835 basehttp "GET /static/css/style.css HTTP/1.1" 200 3543
INFO 2025-07-08 20:25:09,928 basehttp "GET /static/js/main.js HTTP/1.1" 200 4545
WARNING 2025-07-08 20:25:11,669 log Not Found: /favicon.ico
WARNING 2025-07-08 20:25:11,672 basehttp "GET /favicon.ico HTTP/1.1" 404 7468
INFO 2025-07-08 20:25:14,322 basehttp "POST /accounts/login/?next=/pdf-reader/1/ HTTP/1.1" 302 0
INFO 2025-07-08 20:25:14,384 basehttp "GET /pdf-reader/1/ HTTP/1.1" 200 32840
INFO 2025-07-08 20:25:19,203 basehttp "GET /pdf-reader/1/view/ HTTP/1.1" 200 8079021
INFO 2025-07-08 20:27:02,044 autoreload D:\sanad system\sanad_system\pdf_reader\views.py changed, reloading.
INFO 2025-07-08 20:27:02,072 autoreload D:\sanad system\sanad_system\pdf_reader\views.py changed, reloading.
INFO 2025-07-08 20:27:02,082 autoreload D:\sanad system\sanad_system\pdf_reader\views.py changed, reloading.
INFO 2025-07-08 20:27:02,268 autoreload D:\sanad system\sanad_system\pdf_reader\views.py changed, reloading.
INFO 2025-07-08 20:27:02,422 autoreload D:\sanad system\sanad_system\pdf_reader\views.py changed, reloading.
INFO 2025-07-08 20:27:02,784 autoreload D:\sanad system\sanad_system\pdf_reader\views.py changed, reloading.
INFO 2025-07-08 20:27:02,911 autoreload D:\sanad system\sanad_system\pdf_reader\views.py changed, reloading.
INFO 2025-07-08 20:27:02,939 autoreload D:\sanad system\sanad_system\pdf_reader\views.py changed, reloading.
INFO 2025-07-08 20:27:03,032 autoreload D:\sanad system\sanad_system\pdf_reader\views.py changed, reloading.
INFO 2025-07-08 20:27:03,080 autoreload D:\sanad system\sanad_system\pdf_reader\views.py changed, reloading.
INFO 2025-07-08 20:27:10,293 autoreload Watching for file changes with StatReloader
INFO 2025-07-08 20:27:10,293 autoreload Watching for file changes with StatReloader
INFO 2025-07-08 20:27:10,300 autoreload Watching for file changes with StatReloader
INFO 2025-07-08 20:27:10,310 autoreload Watching for file changes with StatReloader
INFO 2025-07-08 20:27:10,319 autoreload Watching for file changes with StatReloader
INFO 2025-07-08 20:27:10,323 autoreload Watching for file changes with StatReloader
INFO 2025-07-08 20:27:10,325 autoreload Watching for file changes with StatReloader
INFO 2025-07-08 20:27:10,332 autoreload Watching for file changes with StatReloader
INFO 2025-07-08 20:27:10,607 autoreload Watching for file changes with StatReloader
INFO 2025-07-08 20:27:23,552 autoreload D:\sanad system\sanad_system\pdf_reader\urls.py changed, reloading.
INFO 2025-07-08 20:27:23,953 autoreload D:\sanad system\sanad_system\pdf_reader\urls.py changed, reloading.
INFO 2025-07-08 20:27:24,073 autoreload D:\sanad system\sanad_system\pdf_reader\urls.py changed, reloading.
INFO 2025-07-08 20:27:24,215 autoreload D:\sanad system\sanad_system\pdf_reader\urls.py changed, reloading.
INFO 2025-07-08 20:27:24,391 autoreload D:\sanad system\sanad_system\pdf_reader\urls.py changed, reloading.
INFO 2025-07-08 20:27:24,428 autoreload D:\sanad system\sanad_system\pdf_reader\urls.py changed, reloading.
INFO 2025-07-08 20:27:24,532 autoreload D:\sanad system\sanad_system\pdf_reader\urls.py changed, reloading.
INFO 2025-07-08 20:27:24,553 autoreload D:\sanad system\sanad_system\pdf_reader\urls.py changed, reloading.
INFO 2025-07-08 20:27:24,618 autoreload D:\sanad system\sanad_system\pdf_reader\urls.py changed, reloading.
INFO 2025-07-08 20:27:24,766 autoreload D:\sanad system\sanad_system\pdf_reader\urls.py changed, reloading.
INFO 2025-07-08 20:27:30,513 autoreload Watching for file changes with StatReloader
INFO 2025-07-08 20:27:31,342 autoreload Watching for file changes with StatReloader
INFO 2025-07-08 20:27:31,505 autoreload Watching for file changes with StatReloader
INFO 2025-07-08 20:27:31,590 autoreload Watching for file changes with StatReloader
INFO 2025-07-08 20:27:32,042 autoreload Watching for file changes with StatReloader
INFO 2025-07-08 20:27:32,325 autoreload Watching for file changes with StatReloader
INFO 2025-07-08 20:27:32,646 autoreload Watching for file changes with StatReloader
INFO 2025-07-08 20:27:33,699 autoreload Watching for file changes with StatReloader
INFO 2025-07-08 20:27:33,815 autoreload Watching for file changes with StatReloader
INFO 2025-07-08 20:27:39,397 autoreload Watching for file changes with StatReloader
INFO 2025-07-08 20:29:36,117 autoreload D:\sanad system\sanad_system\pdf_reader\views.py changed, reloading.
INFO 2025-07-08 20:29:36,143 autoreload D:\sanad system\sanad_system\pdf_reader\views.py changed, reloading.
INFO 2025-07-08 20:29:36,147 autoreload D:\sanad system\sanad_system\pdf_reader\views.py changed, reloading.
INFO 2025-07-08 20:29:36,421 autoreload D:\sanad system\sanad_system\pdf_reader\views.py changed, reloading.
INFO 2025-07-08 20:29:36,512 autoreload D:\sanad system\sanad_system\pdf_reader\views.py changed, reloading.
INFO 2025-07-08 20:29:36,653 autoreload D:\sanad system\sanad_system\pdf_reader\views.py changed, reloading.
INFO 2025-07-08 20:29:36,661 autoreload D:\sanad system\sanad_system\pdf_reader\views.py changed, reloading.
INFO 2025-07-08 20:29:36,750 autoreload D:\sanad system\sanad_system\pdf_reader\views.py changed, reloading.
INFO 2025-07-08 20:29:36,734 autoreload D:\sanad system\sanad_system\pdf_reader\views.py changed, reloading.
INFO 2025-07-08 20:29:37,349 autoreload D:\sanad system\sanad_system\pdf_reader\views.py changed, reloading.
INFO 2025-07-08 20:29:42,517 autoreload Watching for file changes with StatReloader
INFO 2025-07-08 20:29:42,640 autoreload Watching for file changes with StatReloader
INFO 2025-07-08 20:29:43,071 autoreload Watching for file changes with StatReloader
INFO 2025-07-08 20:29:43,815 autoreload Watching for file changes with StatReloader
INFO 2025-07-08 20:29:43,975 autoreload Watching for file changes with StatReloader
INFO 2025-07-08 20:29:44,155 autoreload Watching for file changes with StatReloader
INFO 2025-07-08 20:29:44,731 autoreload Watching for file changes with StatReloader
INFO 2025-07-08 20:29:45,574 autoreload Watching for file changes with StatReloader
INFO 2025-07-08 20:29:45,765 autoreload Watching for file changes with StatReloader
INFO 2025-07-08 20:29:51,189 autoreload Watching for file changes with StatReloader
INFO 2025-07-08 20:36:08,660 autoreload D:\sanad system\sanad_system\pdf_reader\urls.py changed, reloading.
INFO 2025-07-08 20:36:08,664 autoreload D:\sanad system\sanad_system\pdf_reader\urls.py changed, reloading.
INFO 2025-07-08 20:36:08,713 autoreload D:\sanad system\sanad_system\pdf_reader\urls.py changed, reloading.
INFO 2025-07-08 20:36:08,929 autoreload D:\sanad system\sanad_system\pdf_reader\urls.py changed, reloading.
INFO 2025-07-08 20:36:09,026 autoreload D:\sanad system\sanad_system\pdf_reader\urls.py changed, reloading.
INFO 2025-07-08 20:36:09,031 autoreload D:\sanad system\sanad_system\pdf_reader\urls.py changed, reloading.
INFO 2025-07-08 20:36:09,006 autoreload D:\sanad system\sanad_system\pdf_reader\urls.py changed, reloading.
INFO 2025-07-08 20:36:09,535 autoreload D:\sanad system\sanad_system\pdf_reader\urls.py changed, reloading.
INFO 2025-07-08 20:36:09,626 autoreload D:\sanad system\sanad_system\pdf_reader\urls.py changed, reloading.
INFO 2025-07-08 20:36:18,861 autoreload Watching for file changes with StatReloader
INFO 2025-07-08 20:36:18,861 autoreload Watching for file changes with StatReloader
INFO 2025-07-08 20:36:18,864 autoreload Watching for file changes with StatReloader
INFO 2025-07-08 20:36:18,864 autoreload Watching for file changes with StatReloader
INFO 2025-07-08 20:36:18,867 autoreload Watching for file changes with StatReloader
INFO 2025-07-08 20:36:18,869 autoreload Watching for file changes with StatReloader
INFO 2025-07-08 20:36:19,028 autoreload Watching for file changes with StatReloader
INFO 2025-07-08 20:37:20,978 autoreload D:\sanad system\sanad_system\pdf_reader\views.py changed, reloading.
INFO 2025-07-08 20:37:21,154 autoreload D:\sanad system\sanad_system\pdf_reader\views.py changed, reloading.
INFO 2025-07-08 20:37:21,375 autoreload D:\sanad system\sanad_system\pdf_reader\views.py changed, reloading.
INFO 2025-07-08 20:37:21,509 autoreload D:\sanad system\sanad_system\pdf_reader\views.py changed, reloading.
INFO 2025-07-08 20:37:21,528 autoreload D:\sanad system\sanad_system\pdf_reader\views.py changed, reloading.
INFO 2025-07-08 20:37:21,587 autoreload D:\sanad system\sanad_system\pdf_reader\views.py changed, reloading.
INFO 2025-07-08 20:37:21,605 autoreload D:\sanad system\sanad_system\pdf_reader\views.py changed, reloading.
INFO 2025-07-08 20:37:21,630 autoreload D:\sanad system\sanad_system\pdf_reader\views.py changed, reloading.
INFO 2025-07-08 20:37:21,951 autoreload D:\sanad system\sanad_system\pdf_reader\views.py changed, reloading.
INFO 2025-07-08 20:37:22,044 autoreload D:\sanad system\sanad_system\pdf_reader\views.py changed, reloading.
INFO 2025-07-08 20:37:28,585 autoreload Watching for file changes with StatReloader
INFO 2025-07-08 20:37:29,171 autoreload Watching for file changes with StatReloader
INFO 2025-07-08 20:37:29,269 autoreload Watching for file changes with StatReloader
INFO 2025-07-08 20:37:29,319 autoreload Watching for file changes with StatReloader
INFO 2025-07-08 20:37:29,323 autoreload Watching for file changes with StatReloader
INFO 2025-07-08 20:37:29,568 autoreload Watching for file changes with StatReloader
INFO 2025-07-08 20:37:29,657 autoreload Watching for file changes with StatReloader
INFO 2025-07-08 20:37:29,856 autoreload Watching for file changes with StatReloader
INFO 2025-07-08 20:37:31,102 autoreload Watching for file changes with StatReloader
INFO 2025-07-08 20:37:34,711 autoreload Watching for file changes with StatReloader
INFO 2025-07-08 20:45:58,607 basehttp "GET /pdf-reader/1/ HTTP/1.1" 200 32486
INFO 2025-07-08 20:46:00,541 basehttp "GET /pdf-reader/1/view/ HTTP/1.1" 200 28443
INFO 2025-07-08 20:48:06,558 autoreload D:\sanad system\sanad_system\pdf_reader\urls.py changed, reloading.
INFO 2025-07-08 20:48:06,565 autoreload D:\sanad system\sanad_system\pdf_reader\urls.py changed, reloading.
INFO 2025-07-08 20:48:06,694 autoreload D:\sanad system\sanad_system\pdf_reader\urls.py changed, reloading.
INFO 2025-07-08 20:48:06,807 autoreload D:\sanad system\sanad_system\pdf_reader\urls.py changed, reloading.
INFO 2025-07-08 20:48:06,994 autoreload D:\sanad system\sanad_system\pdf_reader\urls.py changed, reloading.
INFO 2025-07-08 20:48:07,019 autoreload D:\sanad system\sanad_system\pdf_reader\urls.py changed, reloading.
INFO 2025-07-08 20:48:07,032 autoreload D:\sanad system\sanad_system\pdf_reader\urls.py changed, reloading.
INFO 2025-07-08 20:48:07,107 autoreload D:\sanad system\sanad_system\pdf_reader\urls.py changed, reloading.
INFO 2025-07-08 20:48:07,161 autoreload D:\sanad system\sanad_system\pdf_reader\urls.py changed, reloading.
INFO 2025-07-08 20:48:07,723 autoreload D:\sanad system\sanad_system\pdf_reader\urls.py changed, reloading.
INFO 2025-07-08 20:48:45,248 autoreload Watching for file changes with StatReloader
INFO 2025-07-08 20:48:45,248 autoreload Watching for file changes with StatReloader
INFO 2025-07-08 20:48:45,248 autoreload Watching for file changes with StatReloader
INFO 2025-07-08 20:48:45,250 autoreload Watching for file changes with StatReloader
INFO 2025-07-08 20:48:45,251 autoreload Watching for file changes with StatReloader
INFO 2025-07-08 20:48:45,251 autoreload Watching for file changes with StatReloader
INFO 2025-07-08 20:48:45,253 autoreload Watching for file changes with StatReloader
INFO 2025-07-08 20:48:45,254 autoreload Watching for file changes with StatReloader
INFO 2025-07-08 20:48:45,257 autoreload Watching for file changes with StatReloader
INFO 2025-07-08 20:48:45,566 autoreload Watching for file changes with StatReloader
INFO 2025-07-08 20:52:37,537 autoreload D:\sanad system\sanad_system\pdf_reader\views.py changed, reloading.
INFO 2025-07-08 20:52:37,581 autoreload D:\sanad system\sanad_system\pdf_reader\views.py changed, reloading.
INFO 2025-07-08 20:52:37,631 autoreload D:\sanad system\sanad_system\pdf_reader\views.py changed, reloading.
INFO 2025-07-08 20:52:37,701 autoreload D:\sanad system\sanad_system\pdf_reader\views.py changed, reloading.
INFO 2025-07-08 20:52:37,746 autoreload D:\sanad system\sanad_system\pdf_reader\views.py changed, reloading.
INFO 2025-07-08 20:52:37,922 autoreload D:\sanad system\sanad_system\pdf_reader\views.py changed, reloading.
INFO 2025-07-08 20:52:37,937 autoreload D:\sanad system\sanad_system\pdf_reader\views.py changed, reloading.
INFO 2025-07-08 20:52:38,051 autoreload D:\sanad system\sanad_system\pdf_reader\views.py changed, reloading.
INFO 2025-07-08 20:52:38,290 autoreload D:\sanad system\sanad_system\pdf_reader\views.py changed, reloading.
INFO 2025-07-08 20:52:38,437 autoreload D:\sanad system\sanad_system\pdf_reader\views.py changed, reloading.
INFO 2025-07-08 20:52:47,664 autoreload Watching for file changes with StatReloader
INFO 2025-07-08 20:52:47,665 autoreload Watching for file changes with StatReloader
INFO 2025-07-08 20:52:47,667 autoreload Watching for file changes with StatReloader
INFO 2025-07-08 20:52:47,713 autoreload Watching for file changes with StatReloader
INFO 2025-07-08 20:52:47,727 autoreload Watching for file changes with StatReloader
INFO 2025-07-08 20:52:47,692 autoreload Watching for file changes with StatReloader
INFO 2025-07-08 20:52:47,733 autoreload Watching for file changes with StatReloader
INFO 2025-07-08 20:52:47,719 autoreload Watching for file changes with StatReloader
INFO 2025-07-08 20:52:47,737 autoreload Watching for file changes with StatReloader
INFO 2025-07-08 20:52:48,044 autoreload Watching for file changes with StatReloader
INFO 2025-07-08 20:54:58,021 autoreload D:\sanad system\sanad_system\pdf_reader\views.py changed, reloading.
INFO 2025-07-08 20:54:58,059 autoreload D:\sanad system\sanad_system\pdf_reader\views.py changed, reloading.
INFO 2025-07-08 20:54:58,200 autoreload D:\sanad system\sanad_system\pdf_reader\views.py changed, reloading.
INFO 2025-07-08 20:54:58,300 autoreload D:\sanad system\sanad_system\pdf_reader\views.py changed, reloading.
INFO 2025-07-08 20:54:58,363 autoreload D:\sanad system\sanad_system\pdf_reader\views.py changed, reloading.
INFO 2025-07-08 20:54:58,401 autoreload D:\sanad system\sanad_system\pdf_reader\views.py changed, reloading.
INFO 2025-07-08 20:54:58,305 autoreload D:\sanad system\sanad_system\pdf_reader\views.py changed, reloading.
INFO 2025-07-08 20:54:58,680 autoreload D:\sanad system\sanad_system\pdf_reader\views.py changed, reloading.
INFO 2025-07-08 20:54:58,708 autoreload D:\sanad system\sanad_system\pdf_reader\views.py changed, reloading.
INFO 2025-07-08 20:54:59,132 autoreload D:\sanad system\sanad_system\pdf_reader\views.py changed, reloading.
INFO 2025-07-08 20:55:04,880 autoreload Watching for file changes with StatReloader
INFO 2025-07-08 20:55:05,625 autoreload Watching for file changes with StatReloader
INFO 2025-07-08 20:55:05,735 autoreload Watching for file changes with StatReloader
INFO 2025-07-08 20:55:05,906 autoreload Watching for file changes with StatReloader
INFO 2025-07-08 20:55:06,428 autoreload Watching for file changes with StatReloader
INFO 2025-07-08 20:55:06,782 autoreload Watching for file changes with StatReloader
INFO 2025-07-08 20:55:06,966 autoreload Watching for file changes with StatReloader
INFO 2025-07-08 20:55:07,172 autoreload Watching for file changes with StatReloader
INFO 2025-07-08 20:55:08,124 autoreload Watching for file changes with StatReloader
INFO 2025-07-08 20:55:12,760 autoreload Watching for file changes with StatReloader
INFO 2025-07-08 21:24:33,523 basehttp "GET /pdf-reader/1/ HTTP/1.1" 200 32486
INFO 2025-07-08 21:24:35,790 basehttp "GET /pdf-reader/1/view/ HTTP/1.1" 200 28443
INFO 2025-07-08 21:26:42,075 autoreload D:\sanad system\sanad_system\pdf_reader\urls.py changed, reloading.
INFO 2025-07-08 21:26:42,075 autoreload D:\sanad system\sanad_system\pdf_reader\urls.py changed, reloading.
INFO 2025-07-08 21:26:42,125 autoreload D:\sanad system\sanad_system\pdf_reader\urls.py changed, reloading.
INFO 2025-07-08 21:26:42,266 autoreload D:\sanad system\sanad_system\pdf_reader\urls.py changed, reloading.
INFO 2025-07-08 21:26:42,266 autoreload D:\sanad system\sanad_system\pdf_reader\urls.py changed, reloading.
INFO 2025-07-08 21:26:42,299 autoreload D:\sanad system\sanad_system\pdf_reader\urls.py changed, reloading.
INFO 2025-07-08 21:26:42,374 autoreload D:\sanad system\sanad_system\pdf_reader\urls.py changed, reloading.
INFO 2025-07-08 21:26:42,838 autoreload D:\sanad system\sanad_system\pdf_reader\urls.py changed, reloading.
INFO 2025-07-08 21:26:43,023 autoreload D:\sanad system\sanad_system\pdf_reader\urls.py changed, reloading.
INFO 2025-07-08 21:26:43,148 autoreload D:\sanad system\sanad_system\pdf_reader\urls.py changed, reloading.
INFO 2025-07-08 21:26:56,733 autoreload Watching for file changes with StatReloader
INFO 2025-07-08 21:27:20,929 basehttp "GET /pdf-reader/1/ HTTP/1.1" 200 32488
INFO 2025-07-08 21:27:22,464 basehttp "GET /pdf-reader/1/viewer/ HTTP/1.1" 200 28443
INFO 2025-07-08 21:29:23,267 basehttp "GET /pdf-reader/1/ HTTP/1.1" 200 32488
INFO 2025-07-08 21:29:23,744 basehttp "GET /pdf-reader/1/viewer/ HTTP/1.1" 200 28443
INFO 2025-07-08 21:29:35,604 basehttp "GET /accounts/login/?next=/pdf-reader/1/ HTTP/1.1" 302 0
INFO 2025-07-08 21:29:35,862 basehttp "GET /pdf-reader/1/viewer/ HTTP/1.1" 200 28443
INFO 2025-07-08 21:29:47,274 basehttp "GET /pdf-reader/1/ HTTP/1.1" 200 32488
INFO 2025-07-08 21:29:47,612 basehttp "GET /pdf-reader/1/viewer/ HTTP/1.1" 200 28443
INFO 2025-07-08 21:29:51,513 basehttp "GET /pdf-reader/1/edit/ HTTP/1.1" 200 31708
INFO 2025-07-08 21:30:09,929 basehttp "POST /pdf-reader/1/edit/ HTTP/1.1" 302 0
INFO 2025-07-08 21:30:11,339 basehttp "GET /pdf-reader/1/ HTTP/1.1" 200 33005
INFO 2025-07-08 21:30:14,190 basehttp "GET /pdf-reader/1/viewer/ HTTP/1.1" 200 28449
INFO 2025-07-08 21:32:02,924 autoreload D:\sanad system\sanad_system\pdf_reader\models.py changed, reloading.
INFO 2025-07-08 21:32:05,752 autoreload Watching for file changes with StatReloader
INFO 2025-07-08 21:33:25,363 autoreload D:\sanad system\sanad_system\pdf_reader\views.py changed, reloading.
INFO 2025-07-08 21:33:27,404 autoreload Watching for file changes with StatReloader
INFO 2025-07-08 21:34:05,345 autoreload D:\sanad system\sanad_system\pdf_reader\views.py changed, reloading.
INFO 2025-07-08 21:34:07,844 autoreload Watching for file changes with StatReloader
INFO 2025-07-08 21:34:17,576 autoreload D:\sanad system\sanad_system\pdf_reader\views.py changed, reloading.
INFO 2025-07-08 21:34:20,060 autoreload Watching for file changes with StatReloader
INFO 2025-07-08 21:34:50,194 autoreload D:\sanad system\sanad_system\pdf_reader\views.py changed, reloading.
INFO 2025-07-08 21:34:52,287 autoreload Watching for file changes with StatReloader
INFO 2025-07-08 21:38:47,336 autoreload D:\sanad system\sanad_system\pdf_reader\views.py changed, reloading.
INFO 2025-07-08 21:39:34,275 autoreload Watching for file changes with StatReloader
INFO 2025-07-08 21:40:23,925 autoreload D:\sanad system\sanad_system\pdf_reader\views.py changed, reloading.
INFO 2025-07-08 21:40:28,897 autoreload Watching for file changes with StatReloader
INFO 2025-07-08 21:46:08,977 basehttp "GET /pdf-reader/1/ HTTP/1.1" 200 32788
INFO 2025-07-08 21:46:17,787 basehttp "GET /pdf-reader/1/viewer/ HTTP/1.1" 200 28449
WARNING 2025-07-08 21:46:32,610 log Not Found: /.well-known/appspecific/com.chrome.devtools.json
WARNING 2025-07-08 21:46:32,611 basehttp "GET /.well-known/appspecific/com.chrome.devtools.json HTTP/1.1" 404 7579
INFO 2025-07-08 22:10:05,625 basehttp "GET /pdf-reader/1/ HTTP/1.1" 200 32795
ERROR 2025-07-08 22:10:06,655 log Internal Server Error: /pdf-reader/1/viewer/page/1/
Traceback (most recent call last):
  File "D:\sanad system\sanad_system\pdf_reader\views.py", line 349, in pdf_viewer
    response = render(request, 'pdf_reader/pdf_viewer.html', context)
  File "C:\Users\T\AppData\Roaming\Python\Python313\site-packages\django\shortcuts.py", line 24, in render
    content = loader.render_to_string(template_name, context, request, using=using)
  File "C:\Users\T\AppData\Roaming\Python\Python313\site-packages\django\template\loader.py", line 61, in render_to_string
    template = get_template(template_name, using=using)
  File "C:\Users\T\AppData\Roaming\Python\Python313\site-packages\django\template\loader.py", line 15, in get_template
    return engine.get_template(template_name)
           ~~~~~~~~~~~~~~~~~~~^^^^^^^^^^^^^^^
  File "C:\Users\T\AppData\Roaming\Python\Python313\site-packages\django\template\backends\django.py", line 33, in get_template
    return Template(self.engine.get_template(template_name), self)
                    ~~~~~~~~~~~~~~~~~~~~~~~~^^^^^^^^^^^^^^^
  File "C:\Users\T\AppData\Roaming\Python\Python313\site-packages\django\template\engine.py", line 175, in get_template
    template, origin = self.find_template(template_name)
                       ~~~~~~~~~~~~~~~~~~^^^^^^^^^^^^^^^
  File "C:\Users\T\AppData\Roaming\Python\Python313\site-packages\django\template\engine.py", line 157, in find_template
    template = loader.get_template(name, skip=skip)
  File "C:\Users\T\AppData\Roaming\Python\Python313\site-packages\django\template\loaders\cached.py", line 57, in get_template
    template = super().get_template(template_name, skip)
  File "C:\Users\T\AppData\Roaming\Python\Python313\site-packages\django\template\loaders\base.py", line 28, in get_template
    return Template(
        contents,
    ...<2 lines>...
        self.engine,
    )
  File "C:\Users\T\AppData\Roaming\Python\Python313\site-packages\django\template\base.py", line 154, in __init__
    self.nodelist = self.compile_nodelist()
                    ~~~~~~~~~~~~~~~~~~~~~^^
  File "C:\Users\T\AppData\Roaming\Python\Python313\site-packages\django\template\base.py", line 200, in compile_nodelist
    return parser.parse()
           ~~~~~~~~~~~~^^
  File "C:\Users\T\AppData\Roaming\Python\Python313\site-packages\django\template\base.py", line 513, in parse
    raise self.error(token, e)
  File "C:\Users\T\AppData\Roaming\Python\Python313\site-packages\django\template\base.py", line 511, in parse
    compiled_result = compile_func(self, token)
  File "C:\Users\T\AppData\Roaming\Python\Python313\site-packages\django\template\loader_tags.py", line 293, in do_extends
    nodelist = parser.parse()
  File "C:\Users\T\AppData\Roaming\Python\Python313\site-packages\django\template\base.py", line 513, in parse
    raise self.error(token, e)
  File "C:\Users\T\AppData\Roaming\Python\Python313\site-packages\django\template\base.py", line 511, in parse
    compiled_result = compile_func(self, token)
  File "C:\Users\T\AppData\Roaming\Python\Python313\site-packages\django\template\loader_tags.py", line 232, in do_block
    nodelist = parser.parse(("endblock",))
  File "C:\Users\T\AppData\Roaming\Python\Python313\site-packages\django\template\base.py", line 513, in parse
    raise self.error(token, e)
  File "C:\Users\T\AppData\Roaming\Python\Python313\site-packages\django\template\base.py", line 511, in parse
    compiled_result = compile_func(self, token)
  File "C:\Users\T\AppData\Roaming\Python\Python313\site-packages\django\template\defaulttags.py", line 1372, in url
    viewname = parser.compile_filter(bits[1])
  File "C:\Users\T\AppData\Roaming\Python\Python313\site-packages\django\template\base.py", line 600, in compile_filter
    return FilterExpression(token, self)
  File "C:\Users\T\AppData\Roaming\Python\Python313\site-packages\django\template\base.py", line 703, in __init__
    raise TemplateSyntaxError(
    ...<2 lines>...
    )
django.template.exceptions.TemplateSyntaxError: Could not parse the remainder: '\'pdf_reader:document_detail\'' from '\'pdf_reader:document_detail\''

During handling of the above exception, another exception occurred:

Traceback (most recent call last):
  File "C:\Users\T\AppData\Roaming\Python\Python313\site-packages\django\core\handlers\exception.py", line 55, in inner
    response = get_response(request)
  File "C:\Users\T\AppData\Roaming\Python\Python313\site-packages\django\core\handlers\base.py", line 197, in _get_response
    response = wrapped_callback(request, *callback_args, **callback_kwargs)
  File "C:\Users\T\AppData\Roaming\Python\Python313\site-packages\django\contrib\auth\decorators.py", line 23, in _wrapper_view
    return view_func(request, *args, **kwargs)
  File "C:\Users\T\AppData\Roaming\Python\Python313\site-packages\django\contrib\auth\decorators.py", line 23, in _wrapper_view
    return view_func(request, *args, **kwargs)
  File "D:\sanad system\sanad_system\pdf_reader\views.py", line 376, in pdf_viewer
    response = render(request, 'pdf_reader/pdf_viewer.html', context)
  File "C:\Users\T\AppData\Roaming\Python\Python313\site-packages\django\shortcuts.py", line 24, in render
    content = loader.render_to_string(template_name, context, request, using=using)
  File "C:\Users\T\AppData\Roaming\Python\Python313\site-packages\django\template\loader.py", line 61, in render_to_string
    template = get_template(template_name, using=using)
  File "C:\Users\T\AppData\Roaming\Python\Python313\site-packages\django\template\loader.py", line 15, in get_template
    return engine.get_template(template_name)
           ~~~~~~~~~~~~~~~~~~~^^^^^^^^^^^^^^^
  File "C:\Users\T\AppData\Roaming\Python\Python313\site-packages\django\template\backends\django.py", line 33, in get_template
    return Template(self.engine.get_template(template_name), self)
                    ~~~~~~~~~~~~~~~~~~~~~~~~^^^^^^^^^^^^^^^
  File "C:\Users\T\AppData\Roaming\Python\Python313\site-packages\django\template\engine.py", line 175, in get_template
    template, origin = self.find_template(template_name)
                       ~~~~~~~~~~~~~~~~~~^^^^^^^^^^^^^^^
  File "C:\Users\T\AppData\Roaming\Python\Python313\site-packages\django\template\engine.py", line 157, in find_template
    template = loader.get_template(name, skip=skip)
  File "C:\Users\T\AppData\Roaming\Python\Python313\site-packages\django\template\loaders\cached.py", line 57, in get_template
    template = super().get_template(template_name, skip)
  File "C:\Users\T\AppData\Roaming\Python\Python313\site-packages\django\template\loaders\base.py", line 28, in get_template
    return Template(
        contents,
    ...<2 lines>...
        self.engine,
    )
  File "C:\Users\T\AppData\Roaming\Python\Python313\site-packages\django\template\base.py", line 154, in __init__
    self.nodelist = self.compile_nodelist()
                    ~~~~~~~~~~~~~~~~~~~~~^^
  File "C:\Users\T\AppData\Roaming\Python\Python313\site-packages\django\template\base.py", line 200, in compile_nodelist
    return parser.parse()
           ~~~~~~~~~~~~^^
  File "C:\Users\T\AppData\Roaming\Python\Python313\site-packages\django\template\base.py", line 513, in parse
    raise self.error(token, e)
  File "C:\Users\T\AppData\Roaming\Python\Python313\site-packages\django\template\base.py", line 511, in parse
    compiled_result = compile_func(self, token)
  File "C:\Users\T\AppData\Roaming\Python\Python313\site-packages\django\template\loader_tags.py", line 293, in do_extends
    nodelist = parser.parse()
  File "C:\Users\T\AppData\Roaming\Python\Python313\site-packages\django\template\base.py", line 513, in parse
    raise self.error(token, e)
  File "C:\Users\T\AppData\Roaming\Python\Python313\site-packages\django\template\base.py", line 511, in parse
    compiled_result = compile_func(self, token)
  File "C:\Users\T\AppData\Roaming\Python\Python313\site-packages\django\template\loader_tags.py", line 232, in do_block
    nodelist = parser.parse(("endblock",))
  File "C:\Users\T\AppData\Roaming\Python\Python313\site-packages\django\template\base.py", line 513, in parse
    raise self.error(token, e)
  File "C:\Users\T\AppData\Roaming\Python\Python313\site-packages\django\template\base.py", line 511, in parse
    compiled_result = compile_func(self, token)
  File "C:\Users\T\AppData\Roaming\Python\Python313\site-packages\django\template\defaulttags.py", line 1372, in url
    viewname = parser.compile_filter(bits[1])
  File "C:\Users\T\AppData\Roaming\Python\Python313\site-packages\django\template\base.py", line 600, in compile_filter
    return FilterExpression(token, self)
  File "C:\Users\T\AppData\Roaming\Python\Python313\site-packages\django\template\base.py", line 703, in __init__
    raise TemplateSyntaxError(
    ...<2 lines>...
    )
django.template.exceptions.TemplateSyntaxError: Could not parse the remainder: '\'pdf_reader:document_detail\'' from '\'pdf_reader:document_detail\''
ERROR 2025-07-08 22:10:06,705 basehttp "GET /pdf-reader/1/viewer/page/1/ HTTP/1.1" 500 355935
INFO 2025-07-08 22:12:37,297 basehttp "GET /pdf-reader/1/ HTTP/1.1" 200 32795
ERROR 2025-07-08 22:12:37,994 log Internal Server Error: /pdf-reader/1/viewer/page/1/
Traceback (most recent call last):
  File "D:\sanad system\sanad_system\pdf_reader\views.py", line 349, in pdf_viewer
    response = render(request, 'pdf_reader/pdf_viewer.html', context)
  File "C:\Users\T\AppData\Roaming\Python\Python313\site-packages\django\shortcuts.py", line 24, in render
    content = loader.render_to_string(template_name, context, request, using=using)
  File "C:\Users\T\AppData\Roaming\Python\Python313\site-packages\django\template\loader.py", line 61, in render_to_string
    template = get_template(template_name, using=using)
  File "C:\Users\T\AppData\Roaming\Python\Python313\site-packages\django\template\loader.py", line 15, in get_template
    return engine.get_template(template_name)
           ~~~~~~~~~~~~~~~~~~~^^^^^^^^^^^^^^^
  File "C:\Users\T\AppData\Roaming\Python\Python313\site-packages\django\template\backends\django.py", line 33, in get_template
    return Template(self.engine.get_template(template_name), self)
                    ~~~~~~~~~~~~~~~~~~~~~~~~^^^^^^^^^^^^^^^
  File "C:\Users\T\AppData\Roaming\Python\Python313\site-packages\django\template\engine.py", line 175, in get_template
    template, origin = self.find_template(template_name)
                       ~~~~~~~~~~~~~~~~~~^^^^^^^^^^^^^^^
  File "C:\Users\T\AppData\Roaming\Python\Python313\site-packages\django\template\engine.py", line 157, in find_template
    template = loader.get_template(name, skip=skip)
  File "C:\Users\T\AppData\Roaming\Python\Python313\site-packages\django\template\loaders\cached.py", line 57, in get_template
    template = super().get_template(template_name, skip)
  File "C:\Users\T\AppData\Roaming\Python\Python313\site-packages\django\template\loaders\base.py", line 28, in get_template
    return Template(
        contents,
    ...<2 lines>...
        self.engine,
    )
  File "C:\Users\T\AppData\Roaming\Python\Python313\site-packages\django\template\base.py", line 154, in __init__
    self.nodelist = self.compile_nodelist()
                    ~~~~~~~~~~~~~~~~~~~~~^^
  File "C:\Users\T\AppData\Roaming\Python\Python313\site-packages\django\template\base.py", line 200, in compile_nodelist
    return parser.parse()
           ~~~~~~~~~~~~^^
  File "C:\Users\T\AppData\Roaming\Python\Python313\site-packages\django\template\base.py", line 513, in parse
    raise self.error(token, e)
  File "C:\Users\T\AppData\Roaming\Python\Python313\site-packages\django\template\base.py", line 511, in parse
    compiled_result = compile_func(self, token)
  File "C:\Users\T\AppData\Roaming\Python\Python313\site-packages\django\template\loader_tags.py", line 293, in do_extends
    nodelist = parser.parse()
  File "C:\Users\T\AppData\Roaming\Python\Python313\site-packages\django\template\base.py", line 513, in parse
    raise self.error(token, e)
  File "C:\Users\T\AppData\Roaming\Python\Python313\site-packages\django\template\base.py", line 511, in parse
    compiled_result = compile_func(self, token)
  File "C:\Users\T\AppData\Roaming\Python\Python313\site-packages\django\template\loader_tags.py", line 232, in do_block
    nodelist = parser.parse(("endblock",))
  File "C:\Users\T\AppData\Roaming\Python\Python313\site-packages\django\template\base.py", line 513, in parse
    raise self.error(token, e)
  File "C:\Users\T\AppData\Roaming\Python\Python313\site-packages\django\template\base.py", line 511, in parse
    compiled_result = compile_func(self, token)
  File "C:\Users\T\AppData\Roaming\Python\Python313\site-packages\django\template\defaulttags.py", line 1372, in url
    viewname = parser.compile_filter(bits[1])
  File "C:\Users\T\AppData\Roaming\Python\Python313\site-packages\django\template\base.py", line 600, in compile_filter
    return FilterExpression(token, self)
  File "C:\Users\T\AppData\Roaming\Python\Python313\site-packages\django\template\base.py", line 703, in __init__
    raise TemplateSyntaxError(
    ...<2 lines>...
    )
django.template.exceptions.TemplateSyntaxError: Could not parse the remainder: '\'pdf_reader:document_detail\'' from '\'pdf_reader:document_detail\''

During handling of the above exception, another exception occurred:

Traceback (most recent call last):
  File "C:\Users\T\AppData\Roaming\Python\Python313\site-packages\django\core\handlers\exception.py", line 55, in inner
    response = get_response(request)
  File "C:\Users\T\AppData\Roaming\Python\Python313\site-packages\django\core\handlers\base.py", line 197, in _get_response
    response = wrapped_callback(request, *callback_args, **callback_kwargs)
  File "C:\Users\T\AppData\Roaming\Python\Python313\site-packages\django\contrib\auth\decorators.py", line 23, in _wrapper_view
    return view_func(request, *args, **kwargs)
  File "C:\Users\T\AppData\Roaming\Python\Python313\site-packages\django\contrib\auth\decorators.py", line 23, in _wrapper_view
    return view_func(request, *args, **kwargs)
  File "D:\sanad system\sanad_system\pdf_reader\views.py", line 376, in pdf_viewer
    response = render(request, 'pdf_reader/pdf_viewer.html', context)
  File "C:\Users\T\AppData\Roaming\Python\Python313\site-packages\django\shortcuts.py", line 24, in render
    content = loader.render_to_string(template_name, context, request, using=using)
  File "C:\Users\T\AppData\Roaming\Python\Python313\site-packages\django\template\loader.py", line 61, in render_to_string
    template = get_template(template_name, using=using)
  File "C:\Users\T\AppData\Roaming\Python\Python313\site-packages\django\template\loader.py", line 15, in get_template
    return engine.get_template(template_name)
           ~~~~~~~~~~~~~~~~~~~^^^^^^^^^^^^^^^
  File "C:\Users\T\AppData\Roaming\Python\Python313\site-packages\django\template\backends\django.py", line 33, in get_template
    return Template(self.engine.get_template(template_name), self)
                    ~~~~~~~~~~~~~~~~~~~~~~~~^^^^^^^^^^^^^^^
  File "C:\Users\T\AppData\Roaming\Python\Python313\site-packages\django\template\engine.py", line 175, in get_template
    template, origin = self.find_template(template_name)
                       ~~~~~~~~~~~~~~~~~~^^^^^^^^^^^^^^^
  File "C:\Users\T\AppData\Roaming\Python\Python313\site-packages\django\template\engine.py", line 157, in find_template
    template = loader.get_template(name, skip=skip)
  File "C:\Users\T\AppData\Roaming\Python\Python313\site-packages\django\template\loaders\cached.py", line 57, in get_template
    template = super().get_template(template_name, skip)
  File "C:\Users\T\AppData\Roaming\Python\Python313\site-packages\django\template\loaders\base.py", line 28, in get_template
    return Template(
        contents,
    ...<2 lines>...
        self.engine,
    )
  File "C:\Users\T\AppData\Roaming\Python\Python313\site-packages\django\template\base.py", line 154, in __init__
    self.nodelist = self.compile_nodelist()
                    ~~~~~~~~~~~~~~~~~~~~~^^
  File "C:\Users\T\AppData\Roaming\Python\Python313\site-packages\django\template\base.py", line 200, in compile_nodelist
    return parser.parse()
           ~~~~~~~~~~~~^^
  File "C:\Users\T\AppData\Roaming\Python\Python313\site-packages\django\template\base.py", line 513, in parse
    raise self.error(token, e)
  File "C:\Users\T\AppData\Roaming\Python\Python313\site-packages\django\template\base.py", line 511, in parse
    compiled_result = compile_func(self, token)
  File "C:\Users\T\AppData\Roaming\Python\Python313\site-packages\django\template\loader_tags.py", line 293, in do_extends
    nodelist = parser.parse()
  File "C:\Users\T\AppData\Roaming\Python\Python313\site-packages\django\template\base.py", line 513, in parse
    raise self.error(token, e)
  File "C:\Users\T\AppData\Roaming\Python\Python313\site-packages\django\template\base.py", line 511, in parse
    compiled_result = compile_func(self, token)
  File "C:\Users\T\AppData\Roaming\Python\Python313\site-packages\django\template\loader_tags.py", line 232, in do_block
    nodelist = parser.parse(("endblock",))
  File "C:\Users\T\AppData\Roaming\Python\Python313\site-packages\django\template\base.py", line 513, in parse
    raise self.error(token, e)
  File "C:\Users\T\AppData\Roaming\Python\Python313\site-packages\django\template\base.py", line 511, in parse
    compiled_result = compile_func(self, token)
  File "C:\Users\T\AppData\Roaming\Python\Python313\site-packages\django\template\defaulttags.py", line 1372, in url
    viewname = parser.compile_filter(bits[1])
  File "C:\Users\T\AppData\Roaming\Python\Python313\site-packages\django\template\base.py", line 600, in compile_filter
    return FilterExpression(token, self)
  File "C:\Users\T\AppData\Roaming\Python\Python313\site-packages\django\template\base.py", line 703, in __init__
    raise TemplateSyntaxError(
    ...<2 lines>...
    )
django.template.exceptions.TemplateSyntaxError: Could not parse the remainder: '\'pdf_reader:document_detail\'' from '\'pdf_reader:document_detail\''
ERROR 2025-07-08 22:12:38,045 basehttp "GET /pdf-reader/1/viewer/page/1/ HTTP/1.1" 500 354673
INFO 2025-07-08 22:12:55,344 basehttp "GET /pdf-reader/1/view/ HTTP/1.1" 200 32795
ERROR 2025-07-08 22:12:56,122 log Internal Server Error: /pdf-reader/1/viewer/page/1/
Traceback (most recent call last):
  File "D:\sanad system\sanad_system\pdf_reader\views.py", line 349, in pdf_viewer
    response = render(request, 'pdf_reader/pdf_viewer.html', context)
  File "C:\Users\T\AppData\Roaming\Python\Python313\site-packages\django\shortcuts.py", line 24, in render
    content = loader.render_to_string(template_name, context, request, using=using)
  File "C:\Users\T\AppData\Roaming\Python\Python313\site-packages\django\template\loader.py", line 61, in render_to_string
    template = get_template(template_name, using=using)
  File "C:\Users\T\AppData\Roaming\Python\Python313\site-packages\django\template\loader.py", line 15, in get_template
    return engine.get_template(template_name)
           ~~~~~~~~~~~~~~~~~~~^^^^^^^^^^^^^^^
  File "C:\Users\T\AppData\Roaming\Python\Python313\site-packages\django\template\backends\django.py", line 33, in get_template
    return Template(self.engine.get_template(template_name), self)
                    ~~~~~~~~~~~~~~~~~~~~~~~~^^^^^^^^^^^^^^^
  File "C:\Users\T\AppData\Roaming\Python\Python313\site-packages\django\template\engine.py", line 175, in get_template
    template, origin = self.find_template(template_name)
                       ~~~~~~~~~~~~~~~~~~^^^^^^^^^^^^^^^
  File "C:\Users\T\AppData\Roaming\Python\Python313\site-packages\django\template\engine.py", line 157, in find_template
    template = loader.get_template(name, skip=skip)
  File "C:\Users\T\AppData\Roaming\Python\Python313\site-packages\django\template\loaders\cached.py", line 57, in get_template
    template = super().get_template(template_name, skip)
  File "C:\Users\T\AppData\Roaming\Python\Python313\site-packages\django\template\loaders\base.py", line 28, in get_template
    return Template(
        contents,
    ...<2 lines>...
        self.engine,
    )
  File "C:\Users\T\AppData\Roaming\Python\Python313\site-packages\django\template\base.py", line 154, in __init__
    self.nodelist = self.compile_nodelist()
                    ~~~~~~~~~~~~~~~~~~~~~^^
  File "C:\Users\T\AppData\Roaming\Python\Python313\site-packages\django\template\base.py", line 200, in compile_nodelist
    return parser.parse()
           ~~~~~~~~~~~~^^
  File "C:\Users\T\AppData\Roaming\Python\Python313\site-packages\django\template\base.py", line 513, in parse
    raise self.error(token, e)
  File "C:\Users\T\AppData\Roaming\Python\Python313\site-packages\django\template\base.py", line 511, in parse
    compiled_result = compile_func(self, token)
  File "C:\Users\T\AppData\Roaming\Python\Python313\site-packages\django\template\loader_tags.py", line 293, in do_extends
    nodelist = parser.parse()
  File "C:\Users\T\AppData\Roaming\Python\Python313\site-packages\django\template\base.py", line 513, in parse
    raise self.error(token, e)
  File "C:\Users\T\AppData\Roaming\Python\Python313\site-packages\django\template\base.py", line 511, in parse
    compiled_result = compile_func(self, token)
  File "C:\Users\T\AppData\Roaming\Python\Python313\site-packages\django\template\loader_tags.py", line 232, in do_block
    nodelist = parser.parse(("endblock",))
  File "C:\Users\T\AppData\Roaming\Python\Python313\site-packages\django\template\base.py", line 513, in parse
    raise self.error(token, e)
  File "C:\Users\T\AppData\Roaming\Python\Python313\site-packages\django\template\base.py", line 511, in parse
    compiled_result = compile_func(self, token)
  File "C:\Users\T\AppData\Roaming\Python\Python313\site-packages\django\template\defaulttags.py", line 1372, in url
    viewname = parser.compile_filter(bits[1])
  File "C:\Users\T\AppData\Roaming\Python\Python313\site-packages\django\template\base.py", line 600, in compile_filter
    return FilterExpression(token, self)
  File "C:\Users\T\AppData\Roaming\Python\Python313\site-packages\django\template\base.py", line 703, in __init__
    raise TemplateSyntaxError(
    ...<2 lines>...
    )
django.template.exceptions.TemplateSyntaxError: Could not parse the remainder: '\'pdf_reader:document_detail\'' from '\'pdf_reader:document_detail\''

During handling of the above exception, another exception occurred:

Traceback (most recent call last):
  File "C:\Users\T\AppData\Roaming\Python\Python313\site-packages\django\core\handlers\exception.py", line 55, in inner
    response = get_response(request)
  File "C:\Users\T\AppData\Roaming\Python\Python313\site-packages\django\core\handlers\base.py", line 197, in _get_response
    response = wrapped_callback(request, *callback_args, **callback_kwargs)
  File "C:\Users\T\AppData\Roaming\Python\Python313\site-packages\django\contrib\auth\decorators.py", line 23, in _wrapper_view
    return view_func(request, *args, **kwargs)
  File "C:\Users\T\AppData\Roaming\Python\Python313\site-packages\django\contrib\auth\decorators.py", line 23, in _wrapper_view
    return view_func(request, *args, **kwargs)
  File "D:\sanad system\sanad_system\pdf_reader\views.py", line 376, in pdf_viewer
    response = render(request, 'pdf_reader/pdf_viewer.html', context)
  File "C:\Users\T\AppData\Roaming\Python\Python313\site-packages\django\shortcuts.py", line 24, in render
    content = loader.render_to_string(template_name, context, request, using=using)
  File "C:\Users\T\AppData\Roaming\Python\Python313\site-packages\django\template\loader.py", line 61, in render_to_string
    template = get_template(template_name, using=using)
  File "C:\Users\T\AppData\Roaming\Python\Python313\site-packages\django\template\loader.py", line 15, in get_template
    return engine.get_template(template_name)
           ~~~~~~~~~~~~~~~~~~~^^^^^^^^^^^^^^^
  File "C:\Users\T\AppData\Roaming\Python\Python313\site-packages\django\template\backends\django.py", line 33, in get_template
    return Template(self.engine.get_template(template_name), self)
                    ~~~~~~~~~~~~~~~~~~~~~~~~^^^^^^^^^^^^^^^
  File "C:\Users\T\AppData\Roaming\Python\Python313\site-packages\django\template\engine.py", line 175, in get_template
    template, origin = self.find_template(template_name)
                       ~~~~~~~~~~~~~~~~~~^^^^^^^^^^^^^^^
  File "C:\Users\T\AppData\Roaming\Python\Python313\site-packages\django\template\engine.py", line 157, in find_template
    template = loader.get_template(name, skip=skip)
  File "C:\Users\T\AppData\Roaming\Python\Python313\site-packages\django\template\loaders\cached.py", line 57, in get_template
    template = super().get_template(template_name, skip)
  File "C:\Users\T\AppData\Roaming\Python\Python313\site-packages\django\template\loaders\base.py", line 28, in get_template
    return Template(
        contents,
    ...<2 lines>...
        self.engine,
    )
  File "C:\Users\T\AppData\Roaming\Python\Python313\site-packages\django\template\base.py", line 154, in __init__
    self.nodelist = self.compile_nodelist()
                    ~~~~~~~~~~~~~~~~~~~~~^^
  File "C:\Users\T\AppData\Roaming\Python\Python313\site-packages\django\template\base.py", line 200, in compile_nodelist
    return parser.parse()
           ~~~~~~~~~~~~^^
  File "C:\Users\T\AppData\Roaming\Python\Python313\site-packages\django\template\base.py", line 513, in parse
    raise self.error(token, e)
  File "C:\Users\T\AppData\Roaming\Python\Python313\site-packages\django\template\base.py", line 511, in parse
    compiled_result = compile_func(self, token)
  File "C:\Users\T\AppData\Roaming\Python\Python313\site-packages\django\template\loader_tags.py", line 293, in do_extends
    nodelist = parser.parse()
  File "C:\Users\T\AppData\Roaming\Python\Python313\site-packages\django\template\base.py", line 513, in parse
    raise self.error(token, e)
  File "C:\Users\T\AppData\Roaming\Python\Python313\site-packages\django\template\base.py", line 511, in parse
    compiled_result = compile_func(self, token)
  File "C:\Users\T\AppData\Roaming\Python\Python313\site-packages\django\template\loader_tags.py", line 232, in do_block
    nodelist = parser.parse(("endblock",))
  File "C:\Users\T\AppData\Roaming\Python\Python313\site-packages\django\template\base.py", line 513, in parse
    raise self.error(token, e)
  File "C:\Users\T\AppData\Roaming\Python\Python313\site-packages\django\template\base.py", line 511, in parse
    compiled_result = compile_func(self, token)
  File "C:\Users\T\AppData\Roaming\Python\Python313\site-packages\django\template\defaulttags.py", line 1372, in url
    viewname = parser.compile_filter(bits[1])
  File "C:\Users\T\AppData\Roaming\Python\Python313\site-packages\django\template\base.py", line 600, in compile_filter
    return FilterExpression(token, self)
  File "C:\Users\T\AppData\Roaming\Python\Python313\site-packages\django\template\base.py", line 703, in __init__
    raise TemplateSyntaxError(
    ...<2 lines>...
    )
django.template.exceptions.TemplateSyntaxError: Could not parse the remainder: '\'pdf_reader:document_detail\'' from '\'pdf_reader:document_detail\''
ERROR 2025-07-08 22:12:56,200 basehttp "GET /pdf-reader/1/viewer/page/1/ HTTP/1.1" 500 355940
INFO 2025-07-08 22:15:13,097 autoreload D:\sanad system\sanad_system\pdf_reader\views.py changed, reloading.
INFO 2025-07-08 22:15:18,104 autoreload Watching for file changes with StatReloader
INFO 2025-07-08 22:15:51,598 autoreload D:\sanad system\sanad_system\pdf_reader\views.py changed, reloading.
INFO 2025-07-08 22:15:53,974 autoreload Watching for file changes with StatReloader
INFO 2025-07-08 22:16:08,341 autoreload D:\sanad system\sanad_system\sanad_system\settings.py changed, reloading.
INFO 2025-07-08 22:16:09,831 autoreload Watching for file changes with StatReloader
INFO 2025-07-08 22:16:25,033 basehttp "GET /pdf-reader/1/ HTTP/1.1" 200 32795
ERROR 2025-07-08 22:16:30,717 log Internal Server Error: /pdf-reader/1/viewer/page/1/
Traceback (most recent call last):
  File "D:\sanad system\sanad_system\pdf_reader\views.py", line 360, in pdf_viewer
    response = render(request, 'pdf_reader/pdf_viewer.html', context)
  File "C:\Users\T\AppData\Roaming\Python\Python313\site-packages\django\shortcuts.py", line 24, in render
    content = loader.render_to_string(template_name, context, request, using=using)
  File "C:\Users\T\AppData\Roaming\Python\Python313\site-packages\django\template\loader.py", line 61, in render_to_string
    template = get_template(template_name, using=using)
  File "C:\Users\T\AppData\Roaming\Python\Python313\site-packages\django\template\loader.py", line 15, in get_template
    return engine.get_template(template_name)
           ~~~~~~~~~~~~~~~~~~~^^^^^^^^^^^^^^^
  File "C:\Users\T\AppData\Roaming\Python\Python313\site-packages\django\template\backends\django.py", line 33, in get_template
    return Template(self.engine.get_template(template_name), self)
                    ~~~~~~~~~~~~~~~~~~~~~~~~^^^^^^^^^^^^^^^
  File "C:\Users\T\AppData\Roaming\Python\Python313\site-packages\django\template\engine.py", line 175, in get_template
    template, origin = self.find_template(template_name)
                       ~~~~~~~~~~~~~~~~~~^^^^^^^^^^^^^^^
  File "C:\Users\T\AppData\Roaming\Python\Python313\site-packages\django\template\engine.py", line 157, in find_template
    template = loader.get_template(name, skip=skip)
  File "C:\Users\T\AppData\Roaming\Python\Python313\site-packages\django\template\loaders\cached.py", line 57, in get_template
    template = super().get_template(template_name, skip)
  File "C:\Users\T\AppData\Roaming\Python\Python313\site-packages\django\template\loaders\base.py", line 28, in get_template
    return Template(
        contents,
    ...<2 lines>...
        self.engine,
    )
  File "C:\Users\T\AppData\Roaming\Python\Python313\site-packages\django\template\base.py", line 154, in __init__
    self.nodelist = self.compile_nodelist()
                    ~~~~~~~~~~~~~~~~~~~~~^^
  File "C:\Users\T\AppData\Roaming\Python\Python313\site-packages\django\template\base.py", line 200, in compile_nodelist
    return parser.parse()
           ~~~~~~~~~~~~^^
  File "C:\Users\T\AppData\Roaming\Python\Python313\site-packages\django\template\base.py", line 513, in parse
    raise self.error(token, e)
  File "C:\Users\T\AppData\Roaming\Python\Python313\site-packages\django\template\base.py", line 511, in parse
    compiled_result = compile_func(self, token)
  File "C:\Users\T\AppData\Roaming\Python\Python313\site-packages\django\template\loader_tags.py", line 293, in do_extends
    nodelist = parser.parse()
  File "C:\Users\T\AppData\Roaming\Python\Python313\site-packages\django\template\base.py", line 513, in parse
    raise self.error(token, e)
  File "C:\Users\T\AppData\Roaming\Python\Python313\site-packages\django\template\base.py", line 511, in parse
    compiled_result = compile_func(self, token)
  File "C:\Users\T\AppData\Roaming\Python\Python313\site-packages\django\template\loader_tags.py", line 232, in do_block
    nodelist = parser.parse(("endblock",))
  File "C:\Users\T\AppData\Roaming\Python\Python313\site-packages\django\template\base.py", line 513, in parse
    raise self.error(token, e)
  File "C:\Users\T\AppData\Roaming\Python\Python313\site-packages\django\template\base.py", line 511, in parse
    compiled_result = compile_func(self, token)
  File "C:\Users\T\AppData\Roaming\Python\Python313\site-packages\django\template\defaulttags.py", line 1372, in url
    viewname = parser.compile_filter(bits[1])
  File "C:\Users\T\AppData\Roaming\Python\Python313\site-packages\django\template\base.py", line 600, in compile_filter
    return FilterExpression(token, self)
  File "C:\Users\T\AppData\Roaming\Python\Python313\site-packages\django\template\base.py", line 703, in __init__
    raise TemplateSyntaxError(
    ...<2 lines>...
    )
django.template.exceptions.TemplateSyntaxError: Could not parse the remainder: '\'pdf_reader:document_detail\'' from '\'pdf_reader:document_detail\''

During handling of the above exception, another exception occurred:

Traceback (most recent call last):
  File "C:\Users\T\AppData\Roaming\Python\Python313\site-packages\django\core\handlers\exception.py", line 55, in inner
    response = get_response(request)
  File "C:\Users\T\AppData\Roaming\Python\Python313\site-packages\django\core\handlers\base.py", line 197, in _get_response
    response = wrapped_callback(request, *callback_args, **callback_kwargs)
  File "C:\Users\T\AppData\Roaming\Python\Python313\site-packages\django\contrib\auth\decorators.py", line 23, in _wrapper_view
    return view_func(request, *args, **kwargs)
  File "C:\Users\T\AppData\Roaming\Python\Python313\site-packages\django\contrib\auth\decorators.py", line 23, in _wrapper_view
    return view_func(request, *args, **kwargs)
  File "D:\sanad system\sanad_system\pdf_reader\views.py", line 387, in pdf_viewer
    response = render(request, 'pdf_reader/pdf_viewer.html', context)
  File "C:\Users\T\AppData\Roaming\Python\Python313\site-packages\django\shortcuts.py", line 24, in render
    content = loader.render_to_string(template_name, context, request, using=using)
  File "C:\Users\T\AppData\Roaming\Python\Python313\site-packages\django\template\loader.py", line 61, in render_to_string
    template = get_template(template_name, using=using)
  File "C:\Users\T\AppData\Roaming\Python\Python313\site-packages\django\template\loader.py", line 15, in get_template
    return engine.get_template(template_name)
           ~~~~~~~~~~~~~~~~~~~^^^^^^^^^^^^^^^
  File "C:\Users\T\AppData\Roaming\Python\Python313\site-packages\django\template\backends\django.py", line 33, in get_template
    return Template(self.engine.get_template(template_name), self)
                    ~~~~~~~~~~~~~~~~~~~~~~~~^^^^^^^^^^^^^^^
  File "C:\Users\T\AppData\Roaming\Python\Python313\site-packages\django\template\engine.py", line 175, in get_template
    template, origin = self.find_template(template_name)
                       ~~~~~~~~~~~~~~~~~~^^^^^^^^^^^^^^^
  File "C:\Users\T\AppData\Roaming\Python\Python313\site-packages\django\template\engine.py", line 157, in find_template
    template = loader.get_template(name, skip=skip)
  File "C:\Users\T\AppData\Roaming\Python\Python313\site-packages\django\template\loaders\cached.py", line 57, in get_template
    template = super().get_template(template_name, skip)
  File "C:\Users\T\AppData\Roaming\Python\Python313\site-packages\django\template\loaders\base.py", line 28, in get_template
    return Template(
        contents,
    ...<2 lines>...
        self.engine,
    )
  File "C:\Users\T\AppData\Roaming\Python\Python313\site-packages\django\template\base.py", line 154, in __init__
    self.nodelist = self.compile_nodelist()
                    ~~~~~~~~~~~~~~~~~~~~~^^
  File "C:\Users\T\AppData\Roaming\Python\Python313\site-packages\django\template\base.py", line 200, in compile_nodelist
    return parser.parse()
           ~~~~~~~~~~~~^^
  File "C:\Users\T\AppData\Roaming\Python\Python313\site-packages\django\template\base.py", line 513, in parse
    raise self.error(token, e)
  File "C:\Users\T\AppData\Roaming\Python\Python313\site-packages\django\template\base.py", line 511, in parse
    compiled_result = compile_func(self, token)
  File "C:\Users\T\AppData\Roaming\Python\Python313\site-packages\django\template\loader_tags.py", line 293, in do_extends
    nodelist = parser.parse()
  File "C:\Users\T\AppData\Roaming\Python\Python313\site-packages\django\template\base.py", line 513, in parse
    raise self.error(token, e)
  File "C:\Users\T\AppData\Roaming\Python\Python313\site-packages\django\template\base.py", line 511, in parse
    compiled_result = compile_func(self, token)
  File "C:\Users\T\AppData\Roaming\Python\Python313\site-packages\django\template\loader_tags.py", line 232, in do_block
    nodelist = parser.parse(("endblock",))
  File "C:\Users\T\AppData\Roaming\Python\Python313\site-packages\django\template\base.py", line 513, in parse
    raise self.error(token, e)
  File "C:\Users\T\AppData\Roaming\Python\Python313\site-packages\django\template\base.py", line 511, in parse
    compiled_result = compile_func(self, token)
  File "C:\Users\T\AppData\Roaming\Python\Python313\site-packages\django\template\defaulttags.py", line 1372, in url
    viewname = parser.compile_filter(bits[1])
  File "C:\Users\T\AppData\Roaming\Python\Python313\site-packages\django\template\base.py", line 600, in compile_filter
    return FilterExpression(token, self)
  File "C:\Users\T\AppData\Roaming\Python\Python313\site-packages\django\template\base.py", line 703, in __init__
    raise TemplateSyntaxError(
    ...<2 lines>...
    )
django.template.exceptions.TemplateSyntaxError: Could not parse the remainder: '\'pdf_reader:document_detail\'' from '\'pdf_reader:document_detail\''
ERROR 2025-07-08 22:16:30,756 basehttp "GET /pdf-reader/1/viewer/page/1/ HTTP/1.1" 500 354999
INFO 2025-07-08 22:17:30,811 basehttp "GET /pdf-reader/1/ HTTP/1.1" 200 32795
INFO 2025-07-08 22:17:31,242 basehttp "GET /pdf-reader/1/viewer/page/1/ HTTP/1.1" 200 28638
INFO 2025-07-08 22:22:16,969 autoreload D:\sanad system\sanad_system\pdf_reader\views.py changed, reloading.
INFO 2025-07-08 22:22:20,171 autoreload Watching for file changes with StatReloader
INFO 2025-07-08 22:23:27,236 autoreload D:\sanad system\sanad_system\pdf_reader\views.py changed, reloading.
INFO 2025-07-08 22:23:30,388 autoreload Watching for file changes with StatReloader
INFO 2025-07-08 22:24:10,214 autoreload D:\sanad system\sanad_system\pdf_reader\views.py changed, reloading.
INFO 2025-07-08 22:24:12,293 autoreload Watching for file changes with StatReloader
INFO 2025-07-08 22:25:46,106 autoreload D:\sanad system\sanad_system\pdf_reader\views.py changed, reloading.
INFO 2025-07-08 22:25:48,816 autoreload Watching for file changes with StatReloader
INFO 2025-07-08 22:26:08,291 autoreload D:\sanad system\sanad_system\pdf_reader\views.py changed, reloading.
INFO 2025-07-08 22:26:11,695 autoreload Watching for file changes with StatReloader
INFO 2025-07-08 22:27:27,221 autoreload D:\sanad system\sanad_system\pdf_reader\views.py changed, reloading.
INFO 2025-07-08 22:27:29,730 autoreload Watching for file changes with StatReloader
INFO 2025-07-08 22:27:52,428 autoreload D:\sanad system\sanad_system\pdf_reader\views.py changed, reloading.
INFO 2025-07-08 22:27:54,327 autoreload Watching for file changes with StatReloader
INFO 2025-07-08 22:29:08,304 basehttp "GET /pdf-reader/1/ HTTP/1.1" 200 33238
INFO 2025-07-08 22:29:08,557 basehttp "GET /pdf-reader/1/viewer/ HTTP/1.1" 200 28851
INFO 2025-07-08 22:31:39,006 basehttp "GET /pdf-reader/1/ HTTP/1.1" 200 33597
INFO 2025-07-08 22:31:39,234 basehttp "GET /pdf-reader/1/viewer/ HTTP/1.1" 200 29218
INFO 2025-07-08 22:31:40,910 basehttp "GET /pdf-reader/1/ HTTP/1.1" 200 33597
INFO 2025-07-08 22:31:41,092 basehttp "GET /pdf-reader/1/viewer/ HTTP/1.1" 200 29218
INFO 2025-07-08 22:33:26,160 basehttp "GET /pdf-reader/1/ HTTP/1.1" 200 34219
INFO 2025-07-08 22:33:26,399 basehttp "GET /pdf-reader/1/viewer/ HTTP/1.1" 200 29218
INFO 2025-07-08 22:33:28,015 basehttp "GET /pdf-reader/1/ HTTP/1.1" 200 34219
INFO 2025-07-08 22:33:28,341 basehttp "GET /pdf-reader/1/viewer/ HTTP/1.1" 200 29218
INFO 2025-07-08 22:34:33,202 basehttp "GET /pdf-reader/1/ HTTP/1.1" 200 34219
INFO 2025-07-08 22:34:33,397 basehttp "GET /pdf-reader/1/viewer/ HTTP/1.1" 200 29170
INFO 2025-07-08 22:34:35,661 basehttp "GET /pdf-reader/1/ HTTP/1.1" 200 34219
INFO 2025-07-08 22:34:35,887 basehttp "GET /pdf-reader/1/viewer/ HTTP/1.1" 200 29170
INFO 2025-07-08 22:35:16,639 autoreload D:\sanad system\sanad_system\pdf_reader\urls.py changed, reloading.
INFO 2025-07-08 22:35:19,328 autoreload Watching for file changes with StatReloader
INFO 2025-07-08 22:36:42,830 basehttp "GET /pdf-reader/1/ HTTP/1.1" 302 0
INFO 2025-07-08 22:36:43,046 basehttp "GET /pdf-reader/1/viewer/ HTTP/1.1" 200 29186
INFO 2025-07-08 22:40:12,801 basehttp "GET /pdf-reader/1/ HTTP/1.1" 302 0
INFO 2025-07-08 22:40:12,895 basehttp "GET /pdf-reader/1/viewer/ HTTP/1.1" 200 29186
INFO 2025-07-08 22:40:36,891 autoreload Watching for file changes with StatReloader
INFO 2025-07-08 22:40:53,322 basehttp "GET /pdf-reader/1/viewer/ HTTP/1.1" 302 0
INFO 2025-07-08 22:40:53,496 basehttp "GET /accounts/login/?next=/pdf-reader/1/viewer/ HTTP/1.1" 200 28473
INFO 2025-07-08 22:40:53,529 basehttp "GET /pdf-reader/1/viewer/ HTTP/1.1" 302 0
INFO 2025-07-08 22:40:53,545 basehttp "GET /accounts/login/?next=/pdf-reader/1/viewer/ HTTP/1.1" 200 28473
INFO 2025-07-08 22:40:54,247 basehttp "GET /static/js/main.js HTTP/1.1" 200 4545
INFO 2025-07-08 22:40:54,281 basehttp "GET /static/css/style.css HTTP/1.1" 200 3543
INFO 2025-07-08 22:41:06,652 basehttp "POST /accounts/login/?next=/pdf-reader/1/viewer/ HTTP/1.1" 302 0
INFO 2025-07-08 22:41:06,934 basehttp "GET /pdf-reader/1/viewer/ HTTP/1.1" 200 29186
INFO 2025-07-08 22:41:06,988 basehttp "GET /static/css/style.css HTTP/1.1" 200 3543
INFO 2025-07-08 22:41:06,992 basehttp "GET /static/js/main.js HTTP/1.1" 200 4545
INFO 2025-07-08 22:44:30,691 basehttp "GET / HTTP/1.1" 200 26875
INFO 2025-07-08 22:44:30,837 basehttp "GET /static/css/style.css HTTP/1.1" 200 3543
WARNING 2025-07-08 22:44:31,543 log Not Found: /favicon.ico
INFO 2025-07-08 22:44:31,545 basehttp - Broken pipe from ('127.0.0.1', 50864)
INFO 2025-07-08 22:44:32,895 basehttp "GET /pdf-reader/ HTTP/1.1" 200 30036
INFO 2025-07-08 22:44:36,232 basehttp "GET /pdf-reader/1/details/ HTTP/1.1" 200 34219
INFO 2025-07-08 22:44:36,476 basehttp "GET /pdf-reader/1/viewer/ HTTP/1.1" 200 29186
INFO 2025-07-08 22:50:00,935 autoreload D:\sanad system\sanad_system\pdf_reader\views.py changed, reloading.
INFO 2025-07-08 22:50:01,276 autoreload D:\sanad system\sanad_system\pdf_reader\views.py changed, reloading.
INFO 2025-07-08 22:50:04,329 autoreload Watching for file changes with StatReloader
INFO 2025-07-08 22:50:04,358 autoreload Watching for file changes with StatReloader
INFO 2025-07-08 22:50:20,328 autoreload D:\sanad system\sanad_system\pdf_reader\urls.py changed, reloading.
INFO 2025-07-08 22:50:20,384 autoreload D:\sanad system\sanad_system\pdf_reader\urls.py changed, reloading.
INFO 2025-07-08 22:50:23,831 autoreload Watching for file changes with StatReloader
INFO 2025-07-08 22:50:23,848 autoreload Watching for file changes with StatReloader
INFO 2025-07-08 22:52:31,295 basehttp "GET /pdf-reader/1/details/ HTTP/1.1" 200 34219
INFO 2025-07-08 22:52:31,474 basehttp "GET /pdf-reader/1/viewer/ HTTP/1.1" 200 30096
INFO 2025-07-08 22:52:38,898 basehttp "GET /pdf-reader/1/details/ HTTP/1.1" 200 34219
INFO 2025-07-08 22:52:39,084 basehttp "GET /pdf-reader/1/viewer/ HTTP/1.1" 200 30096
ERROR 2025-07-08 22:59:59,722 basehttp "GET /pdf-reader/1/details/ HTTP/1.1" 500 244038
ERROR 2025-07-08 23:01:20,946 log Internal Server Error: /pdf-reader/1/details/
Traceback (most recent call last):
  File "C:\Users\T\AppData\Roaming\Python\Python313\site-packages\django\core\handlers\exception.py", line 55, in inner
    response = get_response(request)
  File "C:\Users\T\AppData\Roaming\Python\Python313\site-packages\django\core\handlers\base.py", line 220, in _get_response
    response = response.render()
  File "C:\Users\T\AppData\Roaming\Python\Python313\site-packages\django\template\response.py", line 114, in render
    self.content = self.rendered_content
                   ^^^^^^^^^^^^^^^^^^^^^
  File "C:\Users\T\AppData\Roaming\Python\Python313\site-packages\django\template\response.py", line 90, in rendered_content
    template = self.resolve_template(self.template_name)
  File "C:\Users\T\AppData\Roaming\Python\Python313\site-packages\django\template\response.py", line 72, in resolve_template
    return select_template(template, using=self.using)
  File "C:\Users\T\AppData\Roaming\Python\Python313\site-packages\django\template\loader.py", line 42, in select_template
    return engine.get_template(template_name)
           ~~~~~~~~~~~~~~~~~~~^^^^^^^^^^^^^^^
  File "C:\Users\T\AppData\Roaming\Python\Python313\site-packages\django\template\backends\django.py", line 33, in get_template
    return Template(self.engine.get_template(template_name), self)
                    ~~~~~~~~~~~~~~~~~~~~~~~~^^^^^^^^^^^^^^^
  File "C:\Users\T\AppData\Roaming\Python\Python313\site-packages\django\template\engine.py", line 175, in get_template
    template, origin = self.find_template(template_name)
                       ~~~~~~~~~~~~~~~~~~^^^^^^^^^^^^^^^
  File "C:\Users\T\AppData\Roaming\Python\Python313\site-packages\django\template\engine.py", line 157, in find_template
    template = loader.get_template(name, skip=skip)
  File "C:\Users\T\AppData\Roaming\Python\Python313\site-packages\django\template\loaders\cached.py", line 57, in get_template
    template = super().get_template(template_name, skip)
  File "C:\Users\T\AppData\Roaming\Python\Python313\site-packages\django\template\loaders\base.py", line 28, in get_template
    return Template(
        contents,
    ...<2 lines>...
        self.engine,
    )
  File "C:\Users\T\AppData\Roaming\Python\Python313\site-packages\django\template\base.py", line 154, in __init__
    self.nodelist = self.compile_nodelist()
                    ~~~~~~~~~~~~~~~~~~~~~^^
  File "C:\Users\T\AppData\Roaming\Python\Python313\site-packages\django\template\base.py", line 200, in compile_nodelist
    return parser.parse()
           ~~~~~~~~~~~~^^
  File "C:\Users\T\AppData\Roaming\Python\Python313\site-packages\django\template\base.py", line 513, in parse
    raise self.error(token, e)
  File "C:\Users\T\AppData\Roaming\Python\Python313\site-packages\django\template\base.py", line 511, in parse
    compiled_result = compile_func(self, token)
  File "C:\Users\T\AppData\Roaming\Python\Python313\site-packages\django\template\loader_tags.py", line 293, in do_extends
    nodelist = parser.parse()
  File "C:\Users\T\AppData\Roaming\Python\Python313\site-packages\django\template\base.py", line 513, in parse
    raise self.error(token, e)
  File "C:\Users\T\AppData\Roaming\Python\Python313\site-packages\django\template\base.py", line 511, in parse
    compiled_result = compile_func(self, token)
  File "C:\Users\T\AppData\Roaming\Python\Python313\site-packages\django\template\loader_tags.py", line 232, in do_block
    nodelist = parser.parse(("endblock",))
  File "C:\Users\T\AppData\Roaming\Python\Python313\site-packages\django\template\base.py", line 518, in parse
    self.unclosed_block_tag(parse_until)
    ~~~~~~~~~~~~~~~~~~~~~~~^^^^^^^^^^^^^
  File "C:\Users\T\AppData\Roaming\Python\Python313\site-packages\django\template\base.py", line 581, in unclosed_block_tag
    raise self.error(token, msg)
django.template.exceptions.TemplateSyntaxError: Unclosed tag on line 6: 'block'. Looking for one of: endblock.
ERROR 2025-07-08 23:01:20,952 basehttp "GET /pdf-reader/1/details/ HTTP/1.1" 500 188256
ERROR 2025-07-08 23:01:22,004 log Internal Server Error: /pdf-reader/1/details/
Traceback (most recent call last):
  File "C:\Users\T\AppData\Roaming\Python\Python313\site-packages\django\core\handlers\exception.py", line 55, in inner
    response = get_response(request)
  File "C:\Users\T\AppData\Roaming\Python\Python313\site-packages\django\core\handlers\base.py", line 220, in _get_response
    response = response.render()
  File "C:\Users\T\AppData\Roaming\Python\Python313\site-packages\django\template\response.py", line 114, in render
    self.content = self.rendered_content
                   ^^^^^^^^^^^^^^^^^^^^^
  File "C:\Users\T\AppData\Roaming\Python\Python313\site-packages\django\template\response.py", line 90, in rendered_content
    template = self.resolve_template(self.template_name)
  File "C:\Users\T\AppData\Roaming\Python\Python313\site-packages\django\template\response.py", line 72, in resolve_template
    return select_template(template, using=self.using)
  File "C:\Users\T\AppData\Roaming\Python\Python313\site-packages\django\template\loader.py", line 42, in select_template
    return engine.get_template(template_name)
           ~~~~~~~~~~~~~~~~~~~^^^^^^^^^^^^^^^
  File "C:\Users\T\AppData\Roaming\Python\Python313\site-packages\django\template\backends\django.py", line 33, in get_template
    return Template(self.engine.get_template(template_name), self)
                    ~~~~~~~~~~~~~~~~~~~~~~~~^^^^^^^^^^^^^^^
  File "C:\Users\T\AppData\Roaming\Python\Python313\site-packages\django\template\engine.py", line 175, in get_template
    template, origin = self.find_template(template_name)
                       ~~~~~~~~~~~~~~~~~~^^^^^^^^^^^^^^^
  File "C:\Users\T\AppData\Roaming\Python\Python313\site-packages\django\template\engine.py", line 157, in find_template
    template = loader.get_template(name, skip=skip)
  File "C:\Users\T\AppData\Roaming\Python\Python313\site-packages\django\template\loaders\cached.py", line 57, in get_template
    template = super().get_template(template_name, skip)
  File "C:\Users\T\AppData\Roaming\Python\Python313\site-packages\django\template\loaders\base.py", line 28, in get_template
    return Template(
        contents,
    ...<2 lines>...
        self.engine,
    )
  File "C:\Users\T\AppData\Roaming\Python\Python313\site-packages\django\template\base.py", line 154, in __init__
    self.nodelist = self.compile_nodelist()
                    ~~~~~~~~~~~~~~~~~~~~~^^
  File "C:\Users\T\AppData\Roaming\Python\Python313\site-packages\django\template\base.py", line 200, in compile_nodelist
    return parser.parse()
           ~~~~~~~~~~~~^^
  File "C:\Users\T\AppData\Roaming\Python\Python313\site-packages\django\template\base.py", line 513, in parse
    raise self.error(token, e)
  File "C:\Users\T\AppData\Roaming\Python\Python313\site-packages\django\template\base.py", line 511, in parse
    compiled_result = compile_func(self, token)
  File "C:\Users\T\AppData\Roaming\Python\Python313\site-packages\django\template\loader_tags.py", line 293, in do_extends
    nodelist = parser.parse()
  File "C:\Users\T\AppData\Roaming\Python\Python313\site-packages\django\template\base.py", line 513, in parse
    raise self.error(token, e)
  File "C:\Users\T\AppData\Roaming\Python\Python313\site-packages\django\template\base.py", line 511, in parse
    compiled_result = compile_func(self, token)
  File "C:\Users\T\AppData\Roaming\Python\Python313\site-packages\django\template\loader_tags.py", line 232, in do_block
    nodelist = parser.parse(("endblock",))
  File "C:\Users\T\AppData\Roaming\Python\Python313\site-packages\django\template\base.py", line 518, in parse
    self.unclosed_block_tag(parse_until)
    ~~~~~~~~~~~~~~~~~~~~~~~^^^^^^^^^^^^^
  File "C:\Users\T\AppData\Roaming\Python\Python313\site-packages\django\template\base.py", line 581, in unclosed_block_tag
    raise self.error(token, msg)
django.template.exceptions.TemplateSyntaxError: Unclosed tag on line 6: 'block'. Looking for one of: endblock.
ERROR 2025-07-08 23:01:22,011 basehttp "GET /pdf-reader/1/details/ HTTP/1.1" 500 188256
INFO 2025-07-09 05:49:37,165 autoreload Watching for file changes with StatReloader
INFO 2025-07-09 05:50:03,338 basehttp "GET / HTTP/1.1" 200 26875
INFO 2025-07-09 05:50:05,769 basehttp "GET /static/js/main.js HTTP/1.1" 304 0
INFO 2025-07-09 05:50:06,760 basehttp - Broken pipe from ('127.0.0.1', 49453)
INFO 2025-07-09 05:50:20,470 basehttp "GET /pdf-reader/ HTTP/1.1" 200 30036
INFO 2025-07-09 05:50:25,160 basehttp "GET /pdf-reader/1/details/ HTTP/1.1" 200 35262
INFO 2025-07-09 05:50:48,633 basehttp "GET /media/documents/hgh_20250708151425.pdf HTTP/1.1" 200 8079021
WARNING 2025-07-09 05:50:48,679 log Not Found: /favicon.ico
WARNING 2025-07-09 05:50:48,681 basehttp "GET /favicon.ico HTTP/1.1" 404 7468
INFO 2025-07-09 06:02:26,653 autoreload Watching for file changes with StatReloader
INFO 2025-07-09 06:02:38,687 basehttp "GET /pdf-reader/1/details/ HTTP/1.1" 200 35262
INFO 2025-07-09 06:02:46,065 basehttp "GET /pdf-reader/1/viewer/ HTTP/1.1" 200 30096
WARNING 2025-07-09 06:02:53,406 log Not Found: /favicon.ico
WARNING 2025-07-09 06:02:53,410 basehttp "GET /favicon.ico HTTP/1.1" 404 7468
INFO 2025-07-09 06:05:07,453 autoreload D:\sanad system\sanad_system\pdf_reader\views.py changed, reloading.
INFO 2025-07-09 06:05:14,956 autoreload Watching for file changes with StatReloader
INFO 2025-07-09 06:05:27,787 autoreload D:\sanad system\sanad_system\pdf_reader\views.py changed, reloading.
INFO 2025-07-09 06:05:33,157 autoreload Watching for file changes with StatReloader
INFO 2025-07-09 06:09:21,791 basehttp "GET /pdf-reader/1/details/ HTTP/1.1" 200 35262
INFO 2025-07-09 06:09:28,400 basehttp "GET /pdf-reader/1/viewer/ HTTP/1.1" 200 30096
WARNING 2025-07-09 06:09:32,500 log Not Found: /favicon.ico
WARNING 2025-07-09 06:09:32,504 basehttp "GET /favicon.ico HTTP/1.1" 404 7468
INFO 2025-07-09 06:22:13,356 basehttp "GET / HTTP/1.1" 200 26875
INFO 2025-07-09 06:22:17,786 basehttp - Broken pipe from ('127.0.0.1', 53741)
WARNING 2025-07-09 06:22:18,055 log Not Found: /favicon.ico
INFO 2025-07-09 06:22:18,061 basehttp - Broken pipe from ('127.0.0.1', 53751)
INFO 2025-07-09 06:22:24,383 basehttp "GET /pdf-reader/ HTTP/1.1" 200 30036
INFO 2025-07-09 06:22:40,135 basehttp "GET /pdf-reader/1/details/ HTTP/1.1" 200 36469
INFO 2025-07-09 06:23:15,348 basehttp "GET /pdf-reader/1/viewer/ HTTP/1.1" 200 30096
WARNING 2025-07-09 06:23:19,237 log Not Found: /favicon.ico
WARNING 2025-07-09 06:23:19,238 basehttp "GET /favicon.ico HTTP/1.1" 404 7468
INFO 2025-07-09 06:26:25,703 basehttp "GET /pdf-reader/1/details/ HTTP/1.1" 200 36469
INFO 2025-07-09 06:26:35,346 basehttp "GET /pdf-reader/1/viewer/ HTTP/1.1" 200 30096
WARNING 2025-07-09 06:26:39,163 log Not Found: /favicon.ico
WARNING 2025-07-09 06:26:39,168 basehttp "GET /favicon.ico HTTP/1.1" 404 7468
INFO 2025-07-09 06:37:11,445 basehttp "GET /pdf-reader/1/details/ HTTP/1.1" 200 37236
INFO 2025-07-09 06:37:14,129 basehttp "GET /pdf-reader/1/details/ HTTP/1.1" 200 37236
INFO 2025-07-09 06:37:26,047 basehttp "GET /pdf-reader/1/details/ HTTP/1.1" 200 37236
WARNING 2025-07-09 06:37:38,309 log Not Found: /favicon.ico
WARNING 2025-07-09 06:37:38,310 basehttp "GET /favicon.ico HTTP/1.1" 404 7468
ERROR 2025-07-09 06:44:31,223 log Internal Server Error: /pdf-reader/1/details/
Traceback (most recent call last):
  File "C:\Users\T\AppData\Roaming\Python\Python313\site-packages\django\core\handlers\exception.py", line 55, in inner
    response = get_response(request)
  File "C:\Users\T\AppData\Roaming\Python\Python313\site-packages\django\core\handlers\base.py", line 220, in _get_response
    response = response.render()
  File "C:\Users\T\AppData\Roaming\Python\Python313\site-packages\django\template\response.py", line 114, in render
    self.content = self.rendered_content
                   ^^^^^^^^^^^^^^^^^^^^^
  File "C:\Users\T\AppData\Roaming\Python\Python313\site-packages\django\template\response.py", line 90, in rendered_content
    template = self.resolve_template(self.template_name)
  File "C:\Users\T\AppData\Roaming\Python\Python313\site-packages\django\template\response.py", line 72, in resolve_template
    return select_template(template, using=self.using)
  File "C:\Users\T\AppData\Roaming\Python\Python313\site-packages\django\template\loader.py", line 42, in select_template
    return engine.get_template(template_name)
           ~~~~~~~~~~~~~~~~~~~^^^^^^^^^^^^^^^
  File "C:\Users\T\AppData\Roaming\Python\Python313\site-packages\django\template\backends\django.py", line 33, in get_template
    return Template(self.engine.get_template(template_name), self)
                    ~~~~~~~~~~~~~~~~~~~~~~~~^^^^^^^^^^^^^^^
  File "C:\Users\T\AppData\Roaming\Python\Python313\site-packages\django\template\engine.py", line 175, in get_template
    template, origin = self.find_template(template_name)
                       ~~~~~~~~~~~~~~~~~~^^^^^^^^^^^^^^^
  File "C:\Users\T\AppData\Roaming\Python\Python313\site-packages\django\template\engine.py", line 157, in find_template
    template = loader.get_template(name, skip=skip)
  File "C:\Users\T\AppData\Roaming\Python\Python313\site-packages\django\template\loaders\cached.py", line 57, in get_template
    template = super().get_template(template_name, skip)
  File "C:\Users\T\AppData\Roaming\Python\Python313\site-packages\django\template\loaders\base.py", line 28, in get_template
    return Template(
        contents,
    ...<2 lines>...
        self.engine,
    )
  File "C:\Users\T\AppData\Roaming\Python\Python313\site-packages\django\template\base.py", line 154, in __init__
    self.nodelist = self.compile_nodelist()
                    ~~~~~~~~~~~~~~~~~~~~~^^
  File "C:\Users\T\AppData\Roaming\Python\Python313\site-packages\django\template\base.py", line 200, in compile_nodelist
    return parser.parse()
           ~~~~~~~~~~~~^^
  File "C:\Users\T\AppData\Roaming\Python\Python313\site-packages\django\template\base.py", line 513, in parse
    raise self.error(token, e)
  File "C:\Users\T\AppData\Roaming\Python\Python313\site-packages\django\template\base.py", line 511, in parse
    compiled_result = compile_func(self, token)
  File "C:\Users\T\AppData\Roaming\Python\Python313\site-packages\django\template\loader_tags.py", line 293, in do_extends
    nodelist = parser.parse()
  File "C:\Users\T\AppData\Roaming\Python\Python313\site-packages\django\template\base.py", line 513, in parse
    raise self.error(token, e)
  File "C:\Users\T\AppData\Roaming\Python\Python313\site-packages\django\template\base.py", line 511, in parse
    compiled_result = compile_func(self, token)
  File "C:\Users\T\AppData\Roaming\Python\Python313\site-packages\django\template\loader_tags.py", line 232, in do_block
    nodelist = parser.parse(("endblock",))
  File "C:\Users\T\AppData\Roaming\Python\Python313\site-packages\django\template\base.py", line 518, in parse
    self.unclosed_block_tag(parse_until)
    ~~~~~~~~~~~~~~~~~~~~~~~^^^^^^^^^^^^^
  File "C:\Users\T\AppData\Roaming\Python\Python313\site-packages\django\template\base.py", line 581, in unclosed_block_tag
    raise self.error(token, msg)
django.template.exceptions.TemplateSyntaxError: Unclosed tag on line 6: 'block'. Looking for one of: endblock.
ERROR 2025-07-09 06:44:31,284 basehttp "GET /pdf-reader/1/details/ HTTP/1.1" 500 186625
INFO 2025-07-09 06:45:28,927 basehttp "GET /pdf-reader/1/details/ HTTP/1.1" 200 37236
INFO 2025-07-09 06:45:54,772 basehttp "GET /pdf-reader/1/viewer/ HTTP/1.1" 200 30096
WARNING 2025-07-09 06:45:58,492 log Not Found: /favicon.ico
WARNING 2025-07-09 06:45:58,494 basehttp "GET /favicon.ico HTTP/1.1" 404 7468
INFO 2025-07-09 06:48:34,195 basehttp "GET /pdf-reader/1/viewer/ HTTP/1.1" 200 30096
INFO 2025-07-09 06:48:41,584 basehttp "GET /pdf-reader/1/details/ HTTP/1.1" 200 37236
INFO 2025-07-09 06:55:56,298 basehttp "GET /pdf-reader/1/details/ HTTP/1.1" 200 37236
INFO 2025-07-09 06:55:56,605 basehttp "GET /media/documents/hgh_20250708151425.pdf HTTP/1.1" 304 0
INFO 2025-07-09 06:56:06,587 basehttp "GET /pdf-reader/1/viewer/ HTTP/1.1" 200 30096
WARNING 2025-07-09 06:56:09,578 log Not Found: /favicon.ico
WARNING 2025-07-09 06:56:09,579 basehttp "GET /favicon.ico HTTP/1.1" 404 7468
INFO 2025-07-09 07:18:08,525 autoreload Watching for file changes with StatReloader
ERROR 2025-07-09 07:18:17,226 log Internal Server Error: /pdf-reader/1/details/
Traceback (most recent call last):
  File "C:\Users\T\AppData\Roaming\Python\Python313\site-packages\django\core\handlers\exception.py", line 55, in inner
    response = get_response(request)
  File "C:\Users\T\AppData\Roaming\Python\Python313\site-packages\django\core\handlers\base.py", line 220, in _get_response
    response = response.render()
  File "C:\Users\T\AppData\Roaming\Python\Python313\site-packages\django\template\response.py", line 114, in render
    self.content = self.rendered_content
                   ^^^^^^^^^^^^^^^^^^^^^
  File "C:\Users\T\AppData\Roaming\Python\Python313\site-packages\django\template\response.py", line 90, in rendered_content
    template = self.resolve_template(self.template_name)
  File "C:\Users\T\AppData\Roaming\Python\Python313\site-packages\django\template\response.py", line 72, in resolve_template
    return select_template(template, using=self.using)
  File "C:\Users\T\AppData\Roaming\Python\Python313\site-packages\django\template\loader.py", line 42, in select_template
    return engine.get_template(template_name)
           ~~~~~~~~~~~~~~~~~~~^^^^^^^^^^^^^^^
  File "C:\Users\T\AppData\Roaming\Python\Python313\site-packages\django\template\backends\django.py", line 33, in get_template
    return Template(self.engine.get_template(template_name), self)
                    ~~~~~~~~~~~~~~~~~~~~~~~~^^^^^^^^^^^^^^^
  File "C:\Users\T\AppData\Roaming\Python\Python313\site-packages\django\template\engine.py", line 175, in get_template
    template, origin = self.find_template(template_name)
                       ~~~~~~~~~~~~~~~~~~^^^^^^^^^^^^^^^
  File "C:\Users\T\AppData\Roaming\Python\Python313\site-packages\django\template\engine.py", line 157, in find_template
    template = loader.get_template(name, skip=skip)
  File "C:\Users\T\AppData\Roaming\Python\Python313\site-packages\django\template\loaders\cached.py", line 57, in get_template
    template = super().get_template(template_name, skip)
  File "C:\Users\T\AppData\Roaming\Python\Python313\site-packages\django\template\loaders\base.py", line 28, in get_template
    return Template(
        contents,
    ...<2 lines>...
        self.engine,
    )
  File "C:\Users\T\AppData\Roaming\Python\Python313\site-packages\django\template\base.py", line 154, in __init__
    self.nodelist = self.compile_nodelist()
                    ~~~~~~~~~~~~~~~~~~~~~^^
  File "C:\Users\T\AppData\Roaming\Python\Python313\site-packages\django\template\base.py", line 200, in compile_nodelist
    return parser.parse()
           ~~~~~~~~~~~~^^
  File "C:\Users\T\AppData\Roaming\Python\Python313\site-packages\django\template\base.py", line 513, in parse
    raise self.error(token, e)
  File "C:\Users\T\AppData\Roaming\Python\Python313\site-packages\django\template\base.py", line 511, in parse
    compiled_result = compile_func(self, token)
  File "C:\Users\T\AppData\Roaming\Python\Python313\site-packages\django\template\loader_tags.py", line 293, in do_extends
    nodelist = parser.parse()
  File "C:\Users\T\AppData\Roaming\Python\Python313\site-packages\django\template\base.py", line 513, in parse
    raise self.error(token, e)
  File "C:\Users\T\AppData\Roaming\Python\Python313\site-packages\django\template\base.py", line 511, in parse
    compiled_result = compile_func(self, token)
  File "C:\Users\T\AppData\Roaming\Python\Python313\site-packages\django\template\loader_tags.py", line 226, in do_block
    raise TemplateSyntaxError(
        "'%s' tag with name '%s' appears more than once" % (bits[0], block_name)
    )
django.template.exceptions.TemplateSyntaxError: 'block' tag with name 'extra_css' appears more than once
ERROR 2025-07-09 07:18:17,277 basehttp "GET /pdf-reader/1/details/ HTTP/1.1" 500 198567
ERROR 2025-07-09 07:23:03,393 log Internal Server Error: /pdf-reader/1/details/
Traceback (most recent call last):
  File "C:\Users\T\AppData\Roaming\Python\Python313\site-packages\django\core\handlers\exception.py", line 55, in inner
    response = get_response(request)
  File "C:\Users\T\AppData\Roaming\Python\Python313\site-packages\django\core\handlers\base.py", line 220, in _get_response
    response = response.render()
  File "C:\Users\T\AppData\Roaming\Python\Python313\site-packages\django\template\response.py", line 114, in render
    self.content = self.rendered_content
                   ^^^^^^^^^^^^^^^^^^^^^
  File "C:\Users\T\AppData\Roaming\Python\Python313\site-packages\django\template\response.py", line 90, in rendered_content
    template = self.resolve_template(self.template_name)
  File "C:\Users\T\AppData\Roaming\Python\Python313\site-packages\django\template\response.py", line 72, in resolve_template
    return select_template(template, using=self.using)
  File "C:\Users\T\AppData\Roaming\Python\Python313\site-packages\django\template\loader.py", line 42, in select_template
    return engine.get_template(template_name)
           ~~~~~~~~~~~~~~~~~~~^^^^^^^^^^^^^^^
  File "C:\Users\T\AppData\Roaming\Python\Python313\site-packages\django\template\backends\django.py", line 33, in get_template
    return Template(self.engine.get_template(template_name), self)
                    ~~~~~~~~~~~~~~~~~~~~~~~~^^^^^^^^^^^^^^^
  File "C:\Users\T\AppData\Roaming\Python\Python313\site-packages\django\template\engine.py", line 175, in get_template
    template, origin = self.find_template(template_name)
                       ~~~~~~~~~~~~~~~~~~^^^^^^^^^^^^^^^
  File "C:\Users\T\AppData\Roaming\Python\Python313\site-packages\django\template\engine.py", line 157, in find_template
    template = loader.get_template(name, skip=skip)
  File "C:\Users\T\AppData\Roaming\Python\Python313\site-packages\django\template\loaders\cached.py", line 57, in get_template
    template = super().get_template(template_name, skip)
  File "C:\Users\T\AppData\Roaming\Python\Python313\site-packages\django\template\loaders\base.py", line 28, in get_template
    return Template(
        contents,
    ...<2 lines>...
        self.engine,
    )
  File "C:\Users\T\AppData\Roaming\Python\Python313\site-packages\django\template\base.py", line 154, in __init__
    self.nodelist = self.compile_nodelist()
                    ~~~~~~~~~~~~~~~~~~~~~^^
  File "C:\Users\T\AppData\Roaming\Python\Python313\site-packages\django\template\base.py", line 200, in compile_nodelist
    return parser.parse()
           ~~~~~~~~~~~~^^
  File "C:\Users\T\AppData\Roaming\Python\Python313\site-packages\django\template\base.py", line 513, in parse
    raise self.error(token, e)
  File "C:\Users\T\AppData\Roaming\Python\Python313\site-packages\django\template\base.py", line 511, in parse
    compiled_result = compile_func(self, token)
  File "C:\Users\T\AppData\Roaming\Python\Python313\site-packages\django\template\loader_tags.py", line 293, in do_extends
    nodelist = parser.parse()
  File "C:\Users\T\AppData\Roaming\Python\Python313\site-packages\django\template\base.py", line 513, in parse
    raise self.error(token, e)
  File "C:\Users\T\AppData\Roaming\Python\Python313\site-packages\django\template\base.py", line 511, in parse
    compiled_result = compile_func(self, token)
  File "C:\Users\T\AppData\Roaming\Python\Python313\site-packages\django\template\loader_tags.py", line 226, in do_block
    raise TemplateSyntaxError(
        "'%s' tag with name '%s' appears more than once" % (bits[0], block_name)
    )
django.template.exceptions.TemplateSyntaxError: 'block' tag with name 'title' appears more than once
ERROR 2025-07-09 07:23:03,413 basehttp "GET /pdf-reader/1/details/ HTTP/1.1" 500 214004
ERROR 2025-07-09 07:23:40,859 log Internal Server Error: /pdf-reader/1/details/
Traceback (most recent call last):
  File "C:\Users\T\AppData\Roaming\Python\Python313\site-packages\django\template\base.py", line 505, in parse
    compile_func = self.tags[command]
                   ~~~~~~~~~^^^^^^^^^
KeyError: 'endblock'

During handling of the above exception, another exception occurred:

Traceback (most recent call last):
  File "C:\Users\T\AppData\Roaming\Python\Python313\site-packages\django\core\handlers\exception.py", line 55, in inner
    response = get_response(request)
  File "C:\Users\T\AppData\Roaming\Python\Python313\site-packages\django\core\handlers\base.py", line 220, in _get_response
    response = response.render()
  File "C:\Users\T\AppData\Roaming\Python\Python313\site-packages\django\template\response.py", line 114, in render
    self.content = self.rendered_content
                   ^^^^^^^^^^^^^^^^^^^^^
  File "C:\Users\T\AppData\Roaming\Python\Python313\site-packages\django\template\response.py", line 90, in rendered_content
    template = self.resolve_template(self.template_name)
  File "C:\Users\T\AppData\Roaming\Python\Python313\site-packages\django\template\response.py", line 72, in resolve_template
    return select_template(template, using=self.using)
  File "C:\Users\T\AppData\Roaming\Python\Python313\site-packages\django\template\loader.py", line 42, in select_template
    return engine.get_template(template_name)
           ~~~~~~~~~~~~~~~~~~~^^^^^^^^^^^^^^^
  File "C:\Users\T\AppData\Roaming\Python\Python313\site-packages\django\template\backends\django.py", line 33, in get_template
    return Template(self.engine.get_template(template_name), self)
                    ~~~~~~~~~~~~~~~~~~~~~~~~^^^^^^^^^^^^^^^
  File "C:\Users\T\AppData\Roaming\Python\Python313\site-packages\django\template\engine.py", line 175, in get_template
    template, origin = self.find_template(template_name)
                       ~~~~~~~~~~~~~~~~~~^^^^^^^^^^^^^^^
  File "C:\Users\T\AppData\Roaming\Python\Python313\site-packages\django\template\engine.py", line 157, in find_template
    template = loader.get_template(name, skip=skip)
  File "C:\Users\T\AppData\Roaming\Python\Python313\site-packages\django\template\loaders\cached.py", line 57, in get_template
    template = super().get_template(template_name, skip)
  File "C:\Users\T\AppData\Roaming\Python\Python313\site-packages\django\template\loaders\base.py", line 28, in get_template
    return Template(
        contents,
    ...<2 lines>...
        self.engine,
    )
  File "C:\Users\T\AppData\Roaming\Python\Python313\site-packages\django\template\base.py", line 154, in __init__
    self.nodelist = self.compile_nodelist()
                    ~~~~~~~~~~~~~~~~~~~~~^^
  File "C:\Users\T\AppData\Roaming\Python\Python313\site-packages\django\template\base.py", line 200, in compile_nodelist
    return parser.parse()
           ~~~~~~~~~~~~^^
  File "C:\Users\T\AppData\Roaming\Python\Python313\site-packages\django\template\base.py", line 513, in parse
    raise self.error(token, e)
  File "C:\Users\T\AppData\Roaming\Python\Python313\site-packages\django\template\base.py", line 511, in parse
    compiled_result = compile_func(self, token)
  File "C:\Users\T\AppData\Roaming\Python\Python313\site-packages\django\template\loader_tags.py", line 293, in do_extends
    nodelist = parser.parse()
  File "C:\Users\T\AppData\Roaming\Python\Python313\site-packages\django\template\base.py", line 507, in parse
    self.invalid_block_tag(token, command, parse_until)
    ~~~~~~~~~~~~~~~~~~~~~~^^^^^^^^^^^^^^^^^^^^^^^^^^^^^
  File "C:\Users\T\AppData\Roaming\Python\Python313\site-packages\django\template\base.py", line 568, in invalid_block_tag
    raise self.error(
    ...<3 lines>...
    )
django.template.exceptions.TemplateSyntaxError: Invalid block tag on line 512: 'endblock'. Did you forget to register or load this tag?
ERROR 2025-07-09 07:23:40,877 basehttp "GET /pdf-reader/1/details/ HTTP/1.1" 500 197800
INFO 2025-07-09 07:25:06,489 basehttp "GET /pdf-reader/1/details/ HTTP/1.1" 200 39220
INFO 2025-07-09 07:28:10,611 basehttp "GET /pdf-reader/1/details/ HTTP/1.1" 200 39202
INFO 2025-07-09 07:28:19,681 basehttp "GET /pdf-reader/1/viewer/ HTTP/1.1" 200 30096
INFO 2025-07-09 07:28:40,627 basehttp "GET /pdf-reader/1/viewer/ HTTP/1.1" 200 30096
INFO 2025-07-09 07:32:43,060 basehttp "GET /pdf-reader/1/details/ HTTP/1.1" 200 41011
INFO 2025-07-09 07:32:54,493 basehttp "GET /pdf-reader/1/view/ HTTP/1.1" 200 41011
INFO 2025-07-09 07:33:08,060 basehttp "GET /pdf-reader/ HTTP/1.1" 200 30036
INFO 2025-07-09 07:33:10,154 basehttp "GET /pdf-reader/1/details/ HTTP/1.1" 200 41011
INFO 2025-07-09 07:36:10,216 basehttp "GET /pdf-reader/1/details/ HTTP/1.1" 200 43165
INFO 2025-07-09 07:36:27,509 basehttp "GET /pdf-reader/1/details/ HTTP/1.1" 200 43165
INFO 2025-07-09 07:36:36,490 basehttp "GET /pdf-reader/1/view/ HTTP/1.1" 200 43165
INFO 2025-07-09 07:38:47,576 basehttp "GET /pdf-reader/1/details/ HTTP/1.1" 200 45909
INFO 2025-07-09 07:42:45,159 basehttp "GET /pdf-reader/1/details/ HTTP/1.1" 200 46126
INFO 2025-07-09 07:45:35,456 autoreload D:\sanad system\sanad_system\pdf_reader\views.py changed, reloading.
INFO 2025-07-09 07:45:39,567 autoreload Watching for file changes with StatReloader
INFO 2025-07-09 07:45:57,099 autoreload D:\sanad system\sanad_system\pdf_reader\views.py changed, reloading.
INFO 2025-07-09 07:45:58,947 autoreload Watching for file changes with StatReloader
INFO 2025-07-09 07:46:13,312 autoreload D:\sanad system\sanad_system\pdf_reader\models.py changed, reloading.
INFO 2025-07-09 07:46:14,902 autoreload Watching for file changes with StatReloader
INFO 2025-07-09 07:46:54,231 autoreload D:\sanad system\sanad_system\pdf_reader\models.py changed, reloading.
INFO 2025-07-09 07:46:56,215 autoreload Watching for file changes with StatReloader
INFO 2025-07-09 07:47:29,135 autoreload D:\sanad system\sanad_system\pdf_reader\views.py changed, reloading.
INFO 2025-07-09 07:47:31,586 autoreload Watching for file changes with StatReloader
INFO 2025-07-09 07:47:49,982 autoreload D:\sanad system\sanad_system\pdf_reader\views.py changed, reloading.
INFO 2025-07-09 07:47:51,851 autoreload Watching for file changes with StatReloader
INFO 2025-07-09 07:53:31,789 basehttp "GET /pdf-reader/1/details/ HTTP/1.1" 200 46126
INFO 2025-07-09 07:55:26,276 autoreload D:\sanad system\sanad_system\pdf_reader\views.py changed, reloading.
INFO 2025-07-09 07:55:31,102 autoreload Watching for file changes with StatReloader
INFO 2025-07-09 07:55:37,759 autoreload D:\sanad system\sanad_system\pdf_reader\views.py changed, reloading.
INFO 2025-07-09 07:55:39,808 autoreload Watching for file changes with StatReloader
INFO 2025-07-09 07:55:45,266 autoreload D:\sanad system\sanad_system\pdf_reader\models.py changed, reloading.
INFO 2025-07-09 07:55:47,694 autoreload Watching for file changes with StatReloader
INFO 2025-07-09 07:56:04,428 basehttp "GET /pdf-reader/1/details/ HTTP/1.1" 200 46126
INFO 2025-07-09 08:00:10,635 basehttp "GET /pdf-reader/1/details/ HTTP/1.1" 200 49637
INFO 2025-07-09 08:00:10,862 basehttp "GET /static/js/pdf-viewer.js HTTP/1.1" 200 17090
INFO 2025-07-09 08:00:12,437 basehttp "GET /pdf-reader/1/details/ HTTP/1.1" 200 49637
INFO 2025-07-09 08:15:07,898 basehttp "GET /pdf-reader/1/details/ HTTP/1.1" 200 54812
INFO 2025-07-09 08:15:07,942 basehttp "GET /static/js/pdf-viewer.js HTTP/1.1" 200 40554
INFO 2025-07-09 14:53:46,625 basehttp "GET /pdf-reader/1/details/ HTTP/1.1" 200 58283
INFO 2025-07-09 14:53:46,738 basehttp "GET /static/css/style.css HTTP/1.1" 304 0
INFO 2025-07-09 14:53:46,782 basehttp "GET /static/js/pdf-viewer.js HTTP/1.1" 304 0
ERROR 2025-07-09 14:53:57,556 log Internal Server Error: /pdf-reader/
Traceback (most recent call last):
  File "C:\Users\T\AppData\Roaming\Python\Python313\site-packages\django\core\handlers\exception.py", line 55, in inner
    response = get_response(request)
  File "C:\Users\T\AppData\Roaming\Python\Python313\site-packages\django\core\handlers\base.py", line 197, in _get_response
    response = wrapped_callback(request, *callback_args, **callback_kwargs)
  File "C:\Users\T\AppData\Roaming\Python\Python313\site-packages\django\contrib\auth\decorators.py", line 23, in _wrapper_view
    return view_func(request, *args, **kwargs)
  File "C:\Users\T\AppData\Roaming\Python\Python313\site-packages\django\views\generic\base.py", line 105, in view
    return self.dispatch(request, *args, **kwargs)
           ~~~~~~~~~~~~~^^^^^^^^^^^^^^^^^^^^^^^^^^
  File "C:\Users\T\AppData\Roaming\Python\Python313\site-packages\django\contrib\auth\mixins.py", line 73, in dispatch
    return super().dispatch(request, *args, **kwargs)
           ~~~~~~~~~~~~~~~~^^^^^^^^^^^^^^^^^^^^^^^^^^
  File "C:\Users\T\AppData\Roaming\Python\Python313\site-packages\django\views\generic\base.py", line 144, in dispatch
    return handler(request, *args, **kwargs)
  File "C:\Users\T\AppData\Roaming\Python\Python313\site-packages\django\views\generic\list.py", line 174, in get
    context = self.get_context_data()
  File "D:\sanad system\sanad_system\pdf_reader\views.py", line 87, in get_context_data
    if page_obj:
       ^^^^^^^^
  File "C:\Users\T\AppData\Roaming\Python\Python313\site-packages\django\core\paginator.py", line 174, in __len__
    return len(self.object_list)
  File "C:\Users\T\AppData\Roaming\Python\Python313\site-packages\django\db\models\query.py", line 380, in __len__
    self._fetch_all()
    ~~~~~~~~~~~~~~~^^
  File "C:\Users\T\AppData\Roaming\Python\Python313\site-packages\django\db\models\query.py", line 1883, in _fetch_all
    self._prefetch_related_objects()
    ~~~~~~~~~~~~~~~~~~~~~~~~~~~~~~^^
  File "C:\Users\T\AppData\Roaming\Python\Python313\site-packages\django\db\models\query.py", line 1273, in _prefetch_related_objects
    prefetch_related_objects(self._result_cache, *self._prefetch_related_lookups)
    ~~~~~~~~~~~~~~~~~~~~~~~~^^^^^^^^^^^^^^^^^^^^^^^^^^^^^^^^^^^^^^^^^^^^^^^^^^^^^
  File "C:\Users\T\AppData\Roaming\Python\Python313\site-packages\django\db\models\query.py", line 2296, in prefetch_related_objects
    raise AttributeError(
    ...<7 lines>...
    )
AttributeError: Cannot find 'tags' on Document object, 'tags' is an invalid parameter to prefetch_related()
ERROR 2025-07-09 14:53:57,836 basehttp "GET /pdf-reader/ HTTP/1.1" 500 115053
INFO 2025-07-09 14:55:45,667 autoreload D:\sanad system\sanad_system\pdf_reader\views.py changed, reloading.
INFO 2025-07-09 14:55:51,184 autoreload Watching for file changes with StatReloader
INFO 2025-07-09 14:58:11,688 basehttp "GET /pdf-reader/ HTTP/1.1" 200 30036
INFO 2025-07-09 14:58:14,787 basehttp "GET /pdf-reader/1/details/ HTTP/1.1" 200 58283
INFO 2025-07-09 15:22:53,911 basehttp "GET /pdf-reader/1/details/ HTTP/1.1" 200 60169
INFO 2025-07-09 16:43:45,219 basehttp "GET /pdf-reader/1/details/ HTTP/1.1" 200 48541
INFO 2025-07-09 16:43:55,078 basehttp "GET / HTTP/1.1" 200 26875
INFO 2025-07-09 16:57:14,419 basehttp "GET /pdf-reader/ HTTP/1.1" 200 30036
INFO 2025-07-09 16:57:17,106 basehttp "GET /pdf-reader/1/details/ HTTP/1.1" 200 48541
INFO 2025-07-09 16:57:25,375 basehttp "GET /pdf-reader/1/view/ HTTP/1.1" 200 48541
INFO 2025-07-09 17:04:34,887 basehttp "GET /pdf-reader/1/view/ HTTP/1.1" 200 48541
INFO 2025-07-09 17:04:37,226 basehttp "GET /pdf-reader/1/view/ HTTP/1.1" 200 48541
INFO 2025-07-09 17:05:19,851 basehttp "GET /pdf-reader/1/view/ HTTP/1.1" 200 48541
INFO 2025-07-09 17:05:40,028 basehttp "GET /pdf-reader/1/view/ HTTP/1.1" 200 48541
INFO 2025-07-09 17:05:42,421 basehttp "GET / HTTP/1.1" 200 26875
INFO 2025-07-09 17:06:05,283 basehttp "GET / HTTP/1.1" 200 26875
INFO 2025-07-09 17:07:02,054 autoreload D:\sanad system\sanad_system\pdf_reader\views.py changed, reloading.
INFO 2025-07-09 17:07:07,434 autoreload Watching for file changes with StatReloader
INFO 2025-07-09 17:53:51,500 basehttp "GET /pdf-reader/1/details/ HTTP/1.1" 200 48542
INFO 2025-07-11 11:01:12,092 autoreload Watching for file changes with StatReloader
INFO 2025-07-11 11:01:15,793 basehttp "GET / HTTP/1.1" 200 24250
INFO 2025-07-11 11:01:15,984 basehttp "GET /static/css/style.css HTTP/1.1" 304 0
INFO 2025-07-11 11:01:15,992 basehttp "GET /static/js/main.js HTTP/1.1" 304 0
WARNING 2025-07-11 11:01:17,295 log Not Found: /favicon.ico
INFO 2025-07-11 11:01:17,299 basehttp - Broken pipe from ('127.0.0.1', 60771)
INFO 2025-07-11 11:01:33,399 basehttp "GET /pdf-reader/ HTTP/1.1" 302 0
INFO 2025-07-11 11:01:33,768 basehttp "GET /accounts/login/?next=/pdf-reader/ HTTP/1.1" 200 28552
INFO 2025-07-11 11:01:39,364 basehttp "POST /accounts/login/?next=/pdf-reader/ HTTP/1.1" 302 0
INFO 2025-07-11 11:01:39,552 basehttp "GET /pdf-reader/ HTTP/1.1" 200 30036
INFO 2025-07-11 11:01:43,467 basehttp "GET /pdf-reader/1/details/ HTTP/1.1" 200 48542
INFO 2025-07-11 11:03:01,676 autoreload D:\sanad system\sanad_system\sanad_system\settings.py changed, reloading.
INFO 2025-07-11 11:03:05,558 autoreload Watching for file changes with StatReloader
INFO 2025-07-11 11:03:47,298 autoreload Watching for file changes with StatReloader
ERROR 2025-07-11 11:03:57,206 log Internal Server Error: /
Traceback (most recent call last):
  File "C:\Users\T\AppData\Roaming\Python\Python313\site-packages\django\urls\base.py", line 71, in reverse
    extra, resolver = resolver.namespace_dict[ns]
                      ~~~~~~~~~~~~~~~~~~~~~~~^^^^
KeyError: 'pdf_reader'

During handling of the above exception, another exception occurred:

Traceback (most recent call last):
  File "C:\Users\T\AppData\Roaming\Python\Python313\site-packages\django\core\handlers\exception.py", line 55, in inner
    response = get_response(request)
  File "C:\Users\T\AppData\Roaming\Python\Python313\site-packages\django\core\handlers\base.py", line 220, in _get_response
    response = response.render()
  File "C:\Users\T\AppData\Roaming\Python\Python313\site-packages\django\template\response.py", line 114, in render
    self.content = self.rendered_content
                   ^^^^^^^^^^^^^^^^^^^^^
  File "C:\Users\T\AppData\Roaming\Python\Python313\site-packages\django\template\response.py", line 92, in rendered_content
    return template.render(context, self._request)
           ~~~~~~~~~~~~~~~^^^^^^^^^^^^^^^^^^^^^^^^
  File "C:\Users\T\AppData\Roaming\Python\Python313\site-packages\django\template\backends\django.py", line 61, in render
    return self.template.render(context)
           ~~~~~~~~~~~~~~~~~~~~^^^^^^^^^
  File "C:\Users\T\AppData\Roaming\Python\Python313\site-packages\django\template\base.py", line 175, in render
    return self._render(context)
           ~~~~~~~~~~~~^^^^^^^^^
  File "C:\Users\T\AppData\Roaming\Python\Python313\site-packages\django\template\base.py", line 167, in _render
    return self.nodelist.render(context)
           ~~~~~~~~~~~~~~~~~~~~^^^^^^^^^
  File "C:\Users\T\AppData\Roaming\Python\Python313\site-packages\django\template\base.py", line 1005, in render
    return SafeString("".join([node.render_annotated(context) for node in self]))
                               ~~~~~~~~~~~~~~~~~~~~~^^^^^^^^^
  File "C:\Users\T\AppData\Roaming\Python\Python313\site-packages\django\template\base.py", line 966, in render_annotated
    return self.render(context)
           ~~~~~~~~~~~^^^^^^^^^
  File "C:\Users\T\AppData\Roaming\Python\Python313\site-packages\django\template\loader_tags.py", line 157, in render
    return compiled_parent._render(context)
           ~~~~~~~~~~~~~~~~~~~~~~~^^^^^^^^^
  File "C:\Users\T\AppData\Roaming\Python\Python313\site-packages\django\template\base.py", line 167, in _render
    return self.nodelist.render(context)
           ~~~~~~~~~~~~~~~~~~~~^^^^^^^^^
  File "C:\Users\T\AppData\Roaming\Python\Python313\site-packages\django\template\base.py", line 1005, in render
    return SafeString("".join([node.render_annotated(context) for node in self]))
                               ~~~~~~~~~~~~~~~~~~~~~^^^^^^^^^
  File "C:\Users\T\AppData\Roaming\Python\Python313\site-packages\django\template\base.py", line 966, in render_annotated
    return self.render(context)
           ~~~~~~~~~~~^^^^^^^^^
  File "C:\Users\T\AppData\Roaming\Python\Python313\site-packages\django\template\defaulttags.py", line 471, in render
    url = reverse(view_name, args=args, kwargs=kwargs, current_app=current_app)
  File "C:\Users\T\AppData\Roaming\Python\Python313\site-packages\django\urls\base.py", line 82, in reverse
    raise NoReverseMatch("%s is not a registered namespace" % key)
django.urls.exceptions.NoReverseMatch: 'pdf_reader' is not a registered namespace
ERROR 2025-07-11 11:03:57,247 basehttp "GET / HTTP/1.1" 500 139567
INFO 2025-07-11 11:04:31,596 basehttp "GET / HTTP/1.1" 200 26541
INFO 2025-07-11 11:09:40,438 basehttp "GET /hadith/create/ HTTP/1.1" 200 30042
INFO 2025-07-11 11:09:42,638 basehttp "GET /narrators/ HTTP/1.1" 200 33565
INFO 2025-07-11 11:09:44,449 basehttp "GET /hadith/ HTTP/1.1" 200 30637
INFO 2025-07-11 11:09:46,307 basehttp "GET / HTTP/1.1" 200 26541
INFO 2025-07-11 11:09:49,052 basehttp "GET / HTTP/1.1" 200 26541
INFO 2025-07-11 11:09:50,682 basehttp "GET / HTTP/1.1" 200 26541
INFO 2025-07-11 11:09:52,323 basehttp "GET / HTTP/1.1" 200 26541
INFO 2025-07-11 11:13:10,294 autoreload D:\sanad system\sanad_system\sanad_system\settings.py changed, reloading.
INFO 2025-07-11 11:13:10,449 autoreload D:\sanad system\sanad_system\sanad_system\settings.py changed, reloading.
INFO 2025-07-11 11:13:14,557 autoreload Watching for file changes with StatReloader
INFO 2025-07-11 11:13:14,557 autoreload Watching for file changes with StatReloader
INFO 2025-07-11 11:13:19,785 autoreload D:\sanad system\sanad_system\sanad_system\urls.py changed, reloading.
INFO 2025-07-11 11:13:19,811 autoreload D:\sanad system\sanad_system\sanad_system\urls.py changed, reloading.
INFO 2025-07-11 11:13:21,348 autoreload Watching for file changes with StatReloader
INFO 2025-07-11 11:13:21,406 autoreload Watching for file changes with StatReloader
INFO 2025-07-11 11:13:43,647 autoreload D:\sanad system\sanad_system\library_app\forms.py changed, reloading.
INFO 2025-07-11 11:13:43,766 autoreload D:\sanad system\sanad_system\library_app\forms.py changed, reloading.
INFO 2025-07-11 11:13:44,691 autoreload Watching for file changes with StatReloader
INFO 2025-07-11 11:13:45,208 autoreload Watching for file changes with StatReloader
INFO 2025-07-11 11:14:15,555 basehttp "GET / HTTP/1.1" 200 26541
INFO 2025-07-11 11:14:17,221 basehttp "GET / HTTP/1.1" 200 26541
INFO 2025-07-11 11:14:18,303 basehttp "GET / HTTP/1.1" 200 26541
INFO 2025-07-11 11:15:04,351 basehttp "GET / HTTP/1.1" 200 26876
ERROR 2025-07-11 11:15:06,831 log Internal Server Error: /library/
Traceback (most recent call last):
  File "C:\Users\T\AppData\Roaming\Python\Python313\site-packages\django\template\backends\django.py", line 61, in render
    return self.template.render(context)
           ~~~~~~~~~~~~~~~~~~~~^^^^^^^^^
  File "C:\Users\T\AppData\Roaming\Python\Python313\site-packages\django\template\base.py", line 175, in render
    return self._render(context)
           ~~~~~~~~~~~~^^^^^^^^^
  File "C:\Users\T\AppData\Roaming\Python\Python313\site-packages\django\template\base.py", line 167, in _render
    return self.nodelist.render(context)
           ~~~~~~~~~~~~~~~~~~~~^^^^^^^^^
  File "C:\Users\T\AppData\Roaming\Python\Python313\site-packages\django\template\base.py", line 1005, in render
    return SafeString("".join([node.render_annotated(context) for node in self]))
                               ~~~~~~~~~~~~~~~~~~~~~^^^^^^^^^
  File "C:\Users\T\AppData\Roaming\Python\Python313\site-packages\django\template\base.py", line 966, in render_annotated
    return self.render(context)
           ~~~~~~~~~~~^^^^^^^^^
  File "C:\Users\T\AppData\Roaming\Python\Python313\site-packages\django\template\loader_tags.py", line 132, in render
    compiled_parent = self.get_parent(context)
  File "C:\Users\T\AppData\Roaming\Python\Python313\site-packages\django\template\loader_tags.py", line 129, in get_parent
    return self.find_template(parent, context)
           ~~~~~~~~~~~~~~~~~~^^^^^^^^^^^^^^^^^
  File "C:\Users\T\AppData\Roaming\Python\Python313\site-packages\django\template\loader_tags.py", line 107, in find_template
    template, origin = context.template.engine.find_template(
                       ~~~~~~~~~~~~~~~~~~~~~~~~~~~~~~~~~~~~~^
        template_name,
        ^^^^^^^^^^^^^^
        skip=history,
        ^^^^^^^^^^^^^
    )
    ^
  File "C:\Users\T\AppData\Roaming\Python\Python313\site-packages\django\template\engine.py", line 161, in find_template
    raise TemplateDoesNotExist(name, tried=tried)
django.template.exceptions.TemplateDoesNotExist: base.html

The above exception was the direct cause of the following exception:

Traceback (most recent call last):
  File "C:\Users\T\AppData\Roaming\Python\Python313\site-packages\django\core\handlers\exception.py", line 55, in inner
    response = get_response(request)
  File "C:\Users\T\AppData\Roaming\Python\Python313\site-packages\django\core\handlers\base.py", line 220, in _get_response
    response = response.render()
  File "C:\Users\T\AppData\Roaming\Python\Python313\site-packages\django\template\response.py", line 114, in render
    self.content = self.rendered_content
                   ^^^^^^^^^^^^^^^^^^^^^
  File "C:\Users\T\AppData\Roaming\Python\Python313\site-packages\django\template\response.py", line 92, in rendered_content
    return template.render(context, self._request)
           ~~~~~~~~~~~~~~~^^^^^^^^^^^^^^^^^^^^^^^^
  File "C:\Users\T\AppData\Roaming\Python\Python313\site-packages\django\template\backends\django.py", line 63, in render
    reraise(exc, self.backend)
    ~~~~~~~^^^^^^^^^^^^^^^^^^^
  File "C:\Users\T\AppData\Roaming\Python\Python313\site-packages\django\template\backends\django.py", line 84, in reraise
    raise new from exc
django.template.exceptions.TemplateDoesNotExist: base.html
ERROR 2025-07-11 11:15:06,839 basehttp "GET /library/ HTTP/1.1" 500 129147
INFO 2025-07-11 11:15:55,977 basehttp "GET /library/ HTTP/1.1" 200 26625
ERROR 2025-07-11 11:15:58,253 log Internal Server Error: /library/document/create/
Traceback (most recent call last):
  File "C:\Users\T\AppData\Roaming\Python\Python313\site-packages\django\template\backends\django.py", line 61, in render
    return self.template.render(context)
           ~~~~~~~~~~~~~~~~~~~~^^^^^^^^^
  File "C:\Users\T\AppData\Roaming\Python\Python313\site-packages\django\template\base.py", line 175, in render
    return self._render(context)
           ~~~~~~~~~~~~^^^^^^^^^
  File "C:\Users\T\AppData\Roaming\Python\Python313\site-packages\django\template\base.py", line 167, in _render
    return self.nodelist.render(context)
           ~~~~~~~~~~~~~~~~~~~~^^^^^^^^^
  File "C:\Users\T\AppData\Roaming\Python\Python313\site-packages\django\template\base.py", line 1005, in render
    return SafeString("".join([node.render_annotated(context) for node in self]))
                               ~~~~~~~~~~~~~~~~~~~~~^^^^^^^^^
  File "C:\Users\T\AppData\Roaming\Python\Python313\site-packages\django\template\base.py", line 966, in render_annotated
    return self.render(context)
           ~~~~~~~~~~~^^^^^^^^^
  File "C:\Users\T\AppData\Roaming\Python\Python313\site-packages\django\template\loader_tags.py", line 132, in render
    compiled_parent = self.get_parent(context)
  File "C:\Users\T\AppData\Roaming\Python\Python313\site-packages\django\template\loader_tags.py", line 129, in get_parent
    return self.find_template(parent, context)
           ~~~~~~~~~~~~~~~~~~^^^^^^^^^^^^^^^^^
  File "C:\Users\T\AppData\Roaming\Python\Python313\site-packages\django\template\loader_tags.py", line 107, in find_template
    template, origin = context.template.engine.find_template(
                       ~~~~~~~~~~~~~~~~~~~~~~~~~~~~~~~~~~~~~^
        template_name,
        ^^^^^^^^^^^^^^
        skip=history,
        ^^^^^^^^^^^^^
    )
    ^
  File "C:\Users\T\AppData\Roaming\Python\Python313\site-packages\django\template\engine.py", line 161, in find_template
    raise TemplateDoesNotExist(name, tried=tried)
django.template.exceptions.TemplateDoesNotExist: base.html

The above exception was the direct cause of the following exception:

Traceback (most recent call last):
  File "C:\Users\T\AppData\Roaming\Python\Python313\site-packages\django\core\handlers\exception.py", line 55, in inner
    response = get_response(request)
  File "C:\Users\T\AppData\Roaming\Python\Python313\site-packages\django\core\handlers\base.py", line 220, in _get_response
    response = response.render()
  File "C:\Users\T\AppData\Roaming\Python\Python313\site-packages\django\template\response.py", line 114, in render
    self.content = self.rendered_content
                   ^^^^^^^^^^^^^^^^^^^^^
  File "C:\Users\T\AppData\Roaming\Python\Python313\site-packages\django\template\response.py", line 92, in rendered_content
    return template.render(context, self._request)
           ~~~~~~~~~~~~~~~^^^^^^^^^^^^^^^^^^^^^^^^
  File "C:\Users\T\AppData\Roaming\Python\Python313\site-packages\django\template\backends\django.py", line 63, in render
    reraise(exc, self.backend)
    ~~~~~~~^^^^^^^^^^^^^^^^^^^
  File "C:\Users\T\AppData\Roaming\Python\Python313\site-packages\django\template\backends\django.py", line 84, in reraise
    raise new from exc
django.template.exceptions.TemplateDoesNotExist: base.html
ERROR 2025-07-11 11:15:58,257 basehttp "GET /library/document/create/ HTTP/1.1" 500 127710
INFO 2025-07-11 11:16:33,590 basehttp "GET /library/document/create/ HTTP/1.1" 200 28059
INFO 2025-07-11 11:17:31,767 basehttp "GET /library/ HTTP/1.1" 200 26625
INFO 2025-07-11 11:17:38,014 basehttp "GET /library/document/create/ HTTP/1.1" 200 28059
INFO 2025-07-11 11:18:11,725 autoreload D:\sanad system\sanad_system\library_app\views.py changed, reloading.
INFO 2025-07-11 11:18:11,765 autoreload D:\sanad system\sanad_system\library_app\views.py changed, reloading.
INFO 2025-07-11 11:18:15,637 autoreload Watching for file changes with StatReloader
INFO 2025-07-11 11:18:15,638 autoreload Watching for file changes with StatReloader
INFO 2025-07-11 11:18:53,503 basehttp "GET /library/ HTTP/1.1" 200 27753
INFO 2025-07-11 11:18:55,246 basehttp "GET /library/document/create/ HTTP/1.1" 200 28379
ERROR 2025-07-11 11:19:14,465 log Internal Server Error: /library/document/create/
Traceback (most recent call last):
  File "C:\Users\T\AppData\Roaming\Python\Python313\site-packages\django\core\handlers\exception.py", line 55, in inner
    response = get_response(request)
  File "C:\Users\T\AppData\Roaming\Python\Python313\site-packages\django\core\handlers\base.py", line 197, in _get_response
    response = wrapped_callback(request, *callback_args, **callback_kwargs)
  File "C:\Users\T\AppData\Roaming\Python\Python313\site-packages\django\views\generic\base.py", line 105, in view
    return self.dispatch(request, *args, **kwargs)
           ~~~~~~~~~~~~~^^^^^^^^^^^^^^^^^^^^^^^^^^
  File "C:\Users\T\AppData\Roaming\Python\Python313\site-packages\django\contrib\auth\mixins.py", line 73, in dispatch
    return super().dispatch(request, *args, **kwargs)
           ~~~~~~~~~~~~~~~~^^^^^^^^^^^^^^^^^^^^^^^^^^
  File "C:\Users\T\AppData\Roaming\Python\Python313\site-packages\django\views\generic\base.py", line 144, in dispatch
    return handler(request, *args, **kwargs)
  File "C:\Users\T\AppData\Roaming\Python\Python313\site-packages\django\views\generic\edit.py", line 184, in post
    return super().post(request, *args, **kwargs)
           ~~~~~~~~~~~~^^^^^^^^^^^^^^^^^^^^^^^^^^
  File "C:\Users\T\AppData\Roaming\Python\Python313\site-packages\django\views\generic\edit.py", line 153, in post
    return self.form_valid(form)
           ~~~~~~~~~~~~~~~^^^^^^
  File "D:\sanad system\sanad_system\library_app\views.py", line 65, in form_valid
    return super().form_valid(form)
           ~~~~~~~~~~~~~~~~~~^^^^^^
  File "C:\Users\T\AppData\Roaming\Python\Python313\site-packages\django\views\generic\edit.py", line 135, in form_valid
    self.object = form.save()
                  ~~~~~~~~~^^
  File "C:\Users\T\AppData\Roaming\Python\Python313\site-packages\django\forms\models.py", line 542, in save
    self.instance.save()
    ~~~~~~~~~~~~~~~~~~^^
  File "C:\Users\T\AppData\Roaming\Python\Python313\site-packages\django\db\models\base.py", line 814, in save
    self.save_base(
    ~~~~~~~~~~~~~~^
        using=using,
        ^^^^^^^^^^^^
    ...<2 lines>...
        update_fields=update_fields,
        ^^^^^^^^^^^^^^^^^^^^^^^^^^^^
    )
    ^
  File "C:\Users\T\AppData\Roaming\Python\Python313\site-packages\django\db\models\base.py", line 877, in save_base
    updated = self._save_table(
        raw,
    ...<4 lines>...
        update_fields,
    )
  File "C:\Users\T\AppData\Roaming\Python\Python313\site-packages\django\db\models\base.py", line 1020, in _save_table
    results = self._do_insert(
        cls._base_manager, using, fields, returning_fields, raw
    )
  File "C:\Users\T\AppData\Roaming\Python\Python313\site-packages\django\db\models\base.py", line 1061, in _do_insert
    return manager._insert(
           ~~~~~~~~~~~~~~~^
        [self],
        ^^^^^^^
    ...<3 lines>...
        raw=raw,
        ^^^^^^^^
    )
    ^
  File "C:\Users\T\AppData\Roaming\Python\Python313\site-packages\django\db\models\manager.py", line 87, in manager_method
    return getattr(self.get_queryset(), name)(*args, **kwargs)
           ~~~~~~~~~~~~~~~~~~~~~~~~~~~~~~~~~~^^^^^^^^^^^^^^^^^
  File "C:\Users\T\AppData\Roaming\Python\Python313\site-packages\django\db\models\query.py", line 1805, in _insert
    return query.get_compiler(using=using).execute_sql(returning_fields)
           ~~~~~~~~~~~~~~~~~~~~~~~~~~~~~~~~~~~~~~~~~~~^^^^^^^^^^^^^^^^^^
  File "C:\Users\T\AppData\Roaming\Python\Python313\site-packages\django\db\models\sql\compiler.py", line 1821, in execute_sql
    for sql, params in self.as_sql():
                       ~~~~~~~~~~~^^
  File "C:\Users\T\AppData\Roaming\Python\Python313\site-packages\django\db\models\sql\compiler.py", line 1747, in as_sql
    self.prepare_value(field, self.pre_save_val(field, obj))
                              ~~~~~~~~~~~~~~~~~^^^^^^^^^^^^
  File "C:\Users\T\AppData\Roaming\Python\Python313\site-packages\django\db\models\sql\compiler.py", line 1695, in pre_save_val
    return field.pre_save(obj, add=True)
           ~~~~~~~~~~~~~~^^^^^^^^^^^^^^^
  File "C:\Users\T\AppData\Roaming\Python\Python313\site-packages\django\db\models\fields\files.py", line 317, in pre_save
    file.save(file.name, file.file, save=False)
    ~~~~~~~~~^^^^^^^^^^^^^^^^^^^^^^^^^^^^^^^^^^
  File "C:\Users\T\AppData\Roaming\Python\Python313\site-packages\django\db\models\fields\files.py", line 92, in save
    name = self.field.generate_filename(self.instance, name)
  File "C:\Users\T\AppData\Roaming\Python\Python313\site-packages\django\db\models\fields\files.py", line 332, in generate_filename
    filename = self.upload_to(instance, filename)
  File "D:\sanad system\sanad_system\library_app\models.py", line 10, in upload_to
    year = instance.uploaded_at.year
           ^^^^^^^^^^^^^^^^^^^^^^^^^
AttributeError: 'NoneType' object has no attribute 'year'
ERROR 2025-07-11 11:19:14,482 basehttp "POST /library/document/create/ HTTP/1.1" 500 165441
INFO 2025-07-11 11:19:34,681 autoreload D:\sanad system\sanad_system\library_app\models.py changed, reloading.
INFO 2025-07-11 11:19:34,947 autoreload D:\sanad system\sanad_system\library_app\models.py changed, reloading.
INFO 2025-07-11 11:19:38,370 autoreload Watching for file changes with StatReloader
INFO 2025-07-11 11:19:38,554 autoreload Watching for file changes with StatReloader
INFO 2025-07-11 11:19:52,330 basehttp "POST /library/document/create/ HTTP/1.1" 302 0
INFO 2025-07-11 11:19:52,717 basehttp "GET /library/ HTTP/1.1" 200 29606
ERROR 2025-07-11 11:19:56,268 log Internal Server Error: /library/document/1/
Traceback (most recent call last):
  File "C:\Users\T\AppData\Roaming\Python\Python313\site-packages\django\core\handlers\exception.py", line 55, in inner
    response = get_response(request)
  File "C:\Users\T\AppData\Roaming\Python\Python313\site-packages\django\core\handlers\base.py", line 220, in _get_response
    response = response.render()
  File "C:\Users\T\AppData\Roaming\Python\Python313\site-packages\django\template\response.py", line 114, in render
    self.content = self.rendered_content
                   ^^^^^^^^^^^^^^^^^^^^^
  File "C:\Users\T\AppData\Roaming\Python\Python313\site-packages\django\template\response.py", line 90, in rendered_content
    template = self.resolve_template(self.template_name)
  File "C:\Users\T\AppData\Roaming\Python\Python313\site-packages\django\template\response.py", line 72, in resolve_template
    return select_template(template, using=self.using)
  File "C:\Users\T\AppData\Roaming\Python\Python313\site-packages\django\template\loader.py", line 47, in select_template
    raise TemplateDoesNotExist(", ".join(template_name_list), chain=chain)
django.template.exceptions.TemplateDoesNotExist: library_app/document_detail.html
ERROR 2025-07-11 11:19:56,345 basehttp "GET /library/document/1/ HTTP/1.1" 500 83758
INFO 2025-07-11 11:20:41,976 basehttp "GET /library/document/1/ HTTP/1.1" 200 29141
INFO 2025-07-11 11:20:52,521 basehttp "GET /library/ HTTP/1.1" 200 29211
INFO 2025-07-11 11:20:55,961 basehttp "GET /library/document/1/ HTTP/1.1" 200 29141
ERROR 2025-07-11 11:22:14,656 log Internal Server Error: /library/document/1/
Traceback (most recent call last):
  File "C:\Users\T\AppData\Roaming\Python\Python313\site-packages\django\template\smartif.py", line 179, in translate_token
    op = OPERATORS[token]
         ~~~~~~~~~^^^^^^^
KeyError: "document.file.name.lower().endswith('.pdf')"

During handling of the above exception, another exception occurred:

Traceback (most recent call last):
  File "C:\Users\T\AppData\Roaming\Python\Python313\site-packages\django\core\handlers\exception.py", line 55, in inner
    response = get_response(request)
  File "C:\Users\T\AppData\Roaming\Python\Python313\site-packages\django\core\handlers\base.py", line 220, in _get_response
    response = response.render()
  File "C:\Users\T\AppData\Roaming\Python\Python313\site-packages\django\template\response.py", line 114, in render
    self.content = self.rendered_content
                   ^^^^^^^^^^^^^^^^^^^^^
  File "C:\Users\T\AppData\Roaming\Python\Python313\site-packages\django\template\response.py", line 90, in rendered_content
    template = self.resolve_template(self.template_name)
  File "C:\Users\T\AppData\Roaming\Python\Python313\site-packages\django\template\response.py", line 72, in resolve_template
    return select_template(template, using=self.using)
  File "C:\Users\T\AppData\Roaming\Python\Python313\site-packages\django\template\loader.py", line 42, in select_template
    return engine.get_template(template_name)
           ~~~~~~~~~~~~~~~~~~~^^^^^^^^^^^^^^^
  File "C:\Users\T\AppData\Roaming\Python\Python313\site-packages\django\template\backends\django.py", line 33, in get_template
    return Template(self.engine.get_template(template_name), self)
                    ~~~~~~~~~~~~~~~~~~~~~~~~^^^^^^^^^^^^^^^
  File "C:\Users\T\AppData\Roaming\Python\Python313\site-packages\django\template\engine.py", line 175, in get_template
    template, origin = self.find_template(template_name)
                       ~~~~~~~~~~~~~~~~~~^^^^^^^^^^^^^^^
  File "C:\Users\T\AppData\Roaming\Python\Python313\site-packages\django\template\engine.py", line 157, in find_template
    template = loader.get_template(name, skip=skip)
  File "C:\Users\T\AppData\Roaming\Python\Python313\site-packages\django\template\loaders\cached.py", line 57, in get_template
    template = super().get_template(template_name, skip)
  File "C:\Users\T\AppData\Roaming\Python\Python313\site-packages\django\template\loaders\base.py", line 28, in get_template
    return Template(
        contents,
    ...<2 lines>...
        self.engine,
    )
  File "C:\Users\T\AppData\Roaming\Python\Python313\site-packages\django\template\base.py", line 154, in __init__
    self.nodelist = self.compile_nodelist()
                    ~~~~~~~~~~~~~~~~~~~~~^^
  File "C:\Users\T\AppData\Roaming\Python\Python313\site-packages\django\template\base.py", line 200, in compile_nodelist
    return parser.parse()
           ~~~~~~~~~~~~^^
  File "C:\Users\T\AppData\Roaming\Python\Python313\site-packages\django\template\base.py", line 513, in parse
    raise self.error(token, e)
  File "C:\Users\T\AppData\Roaming\Python\Python313\site-packages\django\template\base.py", line 511, in parse
    compiled_result = compile_func(self, token)
  File "C:\Users\T\AppData\Roaming\Python\Python313\site-packages\django\template\loader_tags.py", line 293, in do_extends
    nodelist = parser.parse()
  File "C:\Users\T\AppData\Roaming\Python\Python313\site-packages\django\template\base.py", line 513, in parse
    raise self.error(token, e)
  File "C:\Users\T\AppData\Roaming\Python\Python313\site-packages\django\template\base.py", line 511, in parse
    compiled_result = compile_func(self, token)
  File "C:\Users\T\AppData\Roaming\Python\Python313\site-packages\django\template\loader_tags.py", line 232, in do_block
    nodelist = parser.parse(("endblock",))
  File "C:\Users\T\AppData\Roaming\Python\Python313\site-packages\django\template\base.py", line 513, in parse
    raise self.error(token, e)
  File "C:\Users\T\AppData\Roaming\Python\Python313\site-packages\django\template\base.py", line 511, in parse
    compiled_result = compile_func(self, token)
  File "C:\Users\T\AppData\Roaming\Python\Python313\site-packages\django\template\defaulttags.py", line 952, in do_if
    condition = TemplateIfParser(parser, bits).parse()
                ~~~~~~~~~~~~~~~~^^^^^^^^^^^^^^
  File "C:\Users\T\AppData\Roaming\Python\Python313\site-packages\django\template\defaulttags.py", line 885, in __init__
    super().__init__(*args, **kwargs)
    ~~~~~~~~~~~~~~~~^^^^^^^^^^^^^^^^^
  File "C:\Users\T\AppData\Roaming\Python\Python313\site-packages\django\template\smartif.py", line 170, in __init__
    mapped_tokens.append(self.translate_token(token))
                         ~~~~~~~~~~~~~~~~~~~~^^^^^^^
  File "C:\Users\T\AppData\Roaming\Python\Python313\site-packages\django\template\smartif.py", line 181, in translate_token
    return self.create_var(token)
           ~~~~~~~~~~~~~~~^^^^^^^
  File "C:\Users\T\AppData\Roaming\Python\Python313\site-packages\django\template\defaulttags.py", line 888, in create_var
    return TemplateLiteral(self.template_parser.compile_filter(value), value)
                           ~~~~~~~~~~~~~~~~~~~~~~~~~~~~~~~~~~~^^^^^^^
  File "C:\Users\T\AppData\Roaming\Python\Python313\site-packages\django\template\base.py", line 600, in compile_filter
    return FilterExpression(token, self)
  File "C:\Users\T\AppData\Roaming\Python\Python313\site-packages\django\template\base.py", line 703, in __init__
    raise TemplateSyntaxError(
    ...<2 lines>...
    )
django.template.exceptions.TemplateSyntaxError: Could not parse the remainder: '().endswith('.pdf')' from 'document.file.name.lower().endswith('.pdf')'
ERROR 2025-07-11 11:22:14,676 basehttp "GET /library/document/1/ HTTP/1.1" 500 231444
ERROR 2025-07-11 11:23:02,173 log Internal Server Error: /library/document/1/
Traceback (most recent call last):
  File "C:\Users\T\AppData\Roaming\Python\Python313\site-packages\django\template\defaulttags.py", line 1026, in find_library
    return parser.libraries[name]
           ~~~~~~~~~~~~~~~~^^^^^^
KeyError: 'file_filters'

During handling of the above exception, another exception occurred:

Traceback (most recent call last):
  File "C:\Users\T\AppData\Roaming\Python\Python313\site-packages\django\core\handlers\exception.py", line 55, in inner
    response = get_response(request)
  File "C:\Users\T\AppData\Roaming\Python\Python313\site-packages\django\core\handlers\base.py", line 220, in _get_response
    response = response.render()
  File "C:\Users\T\AppData\Roaming\Python\Python313\site-packages\django\template\response.py", line 114, in render
    self.content = self.rendered_content
                   ^^^^^^^^^^^^^^^^^^^^^
  File "C:\Users\T\AppData\Roaming\Python\Python313\site-packages\django\template\response.py", line 90, in rendered_content
    template = self.resolve_template(self.template_name)
  File "C:\Users\T\AppData\Roaming\Python\Python313\site-packages\django\template\response.py", line 72, in resolve_template
    return select_template(template, using=self.using)
  File "C:\Users\T\AppData\Roaming\Python\Python313\site-packages\django\template\loader.py", line 42, in select_template
    return engine.get_template(template_name)
           ~~~~~~~~~~~~~~~~~~~^^^^^^^^^^^^^^^
  File "C:\Users\T\AppData\Roaming\Python\Python313\site-packages\django\template\backends\django.py", line 33, in get_template
    return Template(self.engine.get_template(template_name), self)
                    ~~~~~~~~~~~~~~~~~~~~~~~~^^^^^^^^^^^^^^^
  File "C:\Users\T\AppData\Roaming\Python\Python313\site-packages\django\template\engine.py", line 175, in get_template
    template, origin = self.find_template(template_name)
                       ~~~~~~~~~~~~~~~~~~^^^^^^^^^^^^^^^
  File "C:\Users\T\AppData\Roaming\Python\Python313\site-packages\django\template\engine.py", line 157, in find_template
    template = loader.get_template(name, skip=skip)
  File "C:\Users\T\AppData\Roaming\Python\Python313\site-packages\django\template\loaders\cached.py", line 57, in get_template
    template = super().get_template(template_name, skip)
  File "C:\Users\T\AppData\Roaming\Python\Python313\site-packages\django\template\loaders\base.py", line 28, in get_template
    return Template(
        contents,
    ...<2 lines>...
        self.engine,
    )
  File "C:\Users\T\AppData\Roaming\Python\Python313\site-packages\django\template\base.py", line 154, in __init__
    self.nodelist = self.compile_nodelist()
                    ~~~~~~~~~~~~~~~~~~~~~^^
  File "C:\Users\T\AppData\Roaming\Python\Python313\site-packages\django\template\base.py", line 200, in compile_nodelist
    return parser.parse()
           ~~~~~~~~~~~~^^
  File "C:\Users\T\AppData\Roaming\Python\Python313\site-packages\django\template\base.py", line 513, in parse
    raise self.error(token, e)
  File "C:\Users\T\AppData\Roaming\Python\Python313\site-packages\django\template\base.py", line 511, in parse
    compiled_result = compile_func(self, token)
  File "C:\Users\T\AppData\Roaming\Python\Python313\site-packages\django\template\loader_tags.py", line 293, in do_extends
    nodelist = parser.parse()
  File "C:\Users\T\AppData\Roaming\Python\Python313\site-packages\django\template\base.py", line 513, in parse
    raise self.error(token, e)
  File "C:\Users\T\AppData\Roaming\Python\Python313\site-packages\django\template\base.py", line 511, in parse
    compiled_result = compile_func(self, token)
  File "C:\Users\T\AppData\Roaming\Python\Python313\site-packages\django\template\defaulttags.py", line 1088, in load
    lib = find_library(parser, name)
  File "C:\Users\T\AppData\Roaming\Python\Python313\site-packages\django\template\defaulttags.py", line 1028, in find_library
    raise TemplateSyntaxError(
    ...<5 lines>...
    )
django.template.exceptions.TemplateSyntaxError: 'file_filters' is not a registered tag library. Must be one of:
admin_list
admin_modify
admin_urls
cache
crispy_forms_field
crispy_forms_filters
crispy_forms_tags
crispy_forms_utils
highlight_filters
humanize
i18n
jformat
l10n
log
static
tz
ERROR 2025-07-11 11:23:02,194 basehttp "GET /library/document/1/ HTTP/1.1" 500 199355
INFO 2025-07-11 11:23:45,400 basehttp "GET /library/document/1/ HTTP/1.1" 200 30600
INFO 2025-07-11 11:23:46,088 basehttp "GET /media/library/%D9%83%D8%AA%D8%A7%D8%A8/2025/_%D9%85%D8%AE%D8%AA%D8%B5%D8%B1_%D8%B4%D8%B9%D8%A8_%D8%A7%D9%84%D8%A7%D9%8A%D9%85%D8%A7%D9%86_%D9%84%D9%84%D8%A8%D9%8A%D9%87%D9%82%D9%89.pdf HTTP/1.1" 200 8079021
INFO 2025-07-11 11:24:42,300 basehttp "GET /profile/ HTTP/1.1" 200 30531
INFO 2025-07-11 11:25:16,934 basehttp "GET /narrators/ HTTP/1.1" 200 33900
INFO 2025-07-11 11:25:24,240 basehttp "GET /library/ HTTP/1.1" 200 29211
INFO 2025-07-11 11:25:28,161 basehttp "GET /library/document/create/ HTTP/1.1" 200 28379
INFO 2025-07-11 11:25:39,061 autoreload D:\sanad system\sanad_system\library_app\forms.py changed, reloading.
INFO 2025-07-11 11:25:39,578 autoreload D:\sanad system\sanad_system\library_app\forms.py changed, reloading.
INFO 2025-07-11 11:25:41,481 autoreload Watching for file changes with StatReloader
INFO 2025-07-11 11:25:41,481 autoreload Watching for file changes with StatReloader
INFO 2025-07-11 11:29:00,517 autoreload Watching for file changes with StatReloader
INFO 2025-07-11 11:29:36,903 autoreload D:\sanad system\sanad_system\library_app\forms.py changed, reloading.
INFO 2025-07-11 11:29:37,002 autoreload D:\sanad system\sanad_system\library_app\forms.py changed, reloading.
INFO 2025-07-11 11:29:39,209 autoreload Watching for file changes with StatReloader
INFO 2025-07-11 11:29:39,462 autoreload Watching for file changes with StatReloader
INFO 2025-07-11 11:30:22,526 autoreload D:\sanad system\sanad_system\library_app\forms.py changed, reloading.
INFO 2025-07-11 11:30:22,526 autoreload D:\sanad system\sanad_system\library_app\forms.py changed, reloading.
INFO 2025-07-11 11:30:24,422 autoreload Watching for file changes with StatReloader
INFO 2025-07-11 11:30:25,327 autoreload Watching for file changes with StatReloader
ERROR 2025-07-11 11:30:37,692 log Internal Server Error: /library/document/create/
Traceback (most recent call last):
  File "C:\Users\T\AppData\Roaming\Python\Python313\site-packages\django\core\handlers\exception.py", line 55, in inner
    response = get_response(request)
  File "C:\Users\T\AppData\Roaming\Python\Python313\site-packages\django\core\handlers\base.py", line 197, in _get_response
    response = wrapped_callback(request, *callback_args, **callback_kwargs)
  File "C:\Users\T\AppData\Roaming\Python\Python313\site-packages\django\views\generic\base.py", line 105, in view
    return self.dispatch(request, *args, **kwargs)
           ~~~~~~~~~~~~~^^^^^^^^^^^^^^^^^^^^^^^^^^
  File "C:\Users\T\AppData\Roaming\Python\Python313\site-packages\django\contrib\auth\mixins.py", line 73, in dispatch
    return super().dispatch(request, *args, **kwargs)
           ~~~~~~~~~~~~~~~~^^^^^^^^^^^^^^^^^^^^^^^^^^
  File "C:\Users\T\AppData\Roaming\Python\Python313\site-packages\django\views\generic\base.py", line 144, in dispatch
    return handler(request, *args, **kwargs)
  File "C:\Users\T\AppData\Roaming\Python\Python313\site-packages\django\views\generic\edit.py", line 184, in post
    return super().post(request, *args, **kwargs)
           ~~~~~~~~~~~~^^^^^^^^^^^^^^^^^^^^^^^^^^
  File "C:\Users\T\AppData\Roaming\Python\Python313\site-packages\django\views\generic\edit.py", line 152, in post
    if form.is_valid():
       ~~~~~~~~~~~~~^^
  File "C:\Users\T\AppData\Roaming\Python\Python313\site-packages\django\forms\forms.py", line 201, in is_valid
    return self.is_bound and not self.errors
                                 ^^^^^^^^^^^
  File "C:\Users\T\AppData\Roaming\Python\Python313\site-packages\django\forms\forms.py", line 196, in errors
    self.full_clean()
    ~~~~~~~~~~~~~~~^^
  File "C:\Users\T\AppData\Roaming\Python\Python313\site-packages\django\forms\forms.py", line 433, in full_clean
    self._clean_fields()
    ~~~~~~~~~~~~~~~~~~^^
  File "C:\Users\T\AppData\Roaming\Python\Python313\site-packages\django\forms\forms.py", line 448, in _clean_fields
    value = getattr(self, "clean_%s" % name)()
  File "D:\sanad system\sanad_system\library_app\forms.py", line 22, in clean_file
    ext = os.path.splitext(file.name)[1].lower()
          ^^
NameError: name 'os' is not defined. Did you forget to import 'os'?
ERROR 2025-07-11 11:30:37,703 basehttp "POST /library/document/create/ HTTP/1.1" 500 108324
INFO 2025-07-11 11:31:04,672 autoreload D:\sanad system\sanad_system\library_app\forms.py changed, reloading.
INFO 2025-07-11 11:31:04,672 autoreload D:\sanad system\sanad_system\library_app\forms.py changed, reloading.
INFO 2025-07-11 11:31:06,676 autoreload Watching for file changes with StatReloader
INFO 2025-07-11 11:31:07,254 autoreload Watching for file changes with StatReloader
INFO 2025-07-11 11:31:18,509 basehttp "POST /library/document/create/ HTTP/1.1" 302 0
INFO 2025-07-11 11:31:19,687 basehttp "GET /library/ HTTP/1.1" 200 31063
INFO 2025-07-11 11:31:23,439 basehttp "GET /library/document/2/ HTTP/1.1" 200 29872
INFO 2025-07-11 11:31:24,591 basehttp "GET /media/library/%D9%83%D8%AA%D8%A7%D8%A8/2025/first_IT_Coordinator__GIHS_Dubai.docx HTTP/1.1" 200 8416
INFO 2025-07-11 11:32:43,749 basehttp "GET /library/ HTTP/1.1" 200 30851
INFO 2025-07-11 11:32:45,818 basehttp "GET /library/document/2/ HTTP/1.1" 200 31194
INFO 2025-07-11 11:32:45,979 basehttp "GET /media/library/%D9%83%D8%AA%D8%A7%D8%A8/2025/first_IT_Coordinator__GIHS_Dubai.docx HTTP/1.1" 200 8416
INFO 2025-07-11 11:32:46,131 basehttp "GET /media/library/%D9%83%D8%AA%D8%A7%D8%A8/2025/first_IT_Coordinator__GIHS_Dubai.docx HTTP/1.1" 200 8416
INFO 2025-07-11 11:33:44,715 basehttp "GET /library/document/2/ HTTP/1.1" 200 31258
INFO 2025-07-11 11:33:44,869 basehttp "GET /media/library/%D9%83%D8%AA%D8%A7%D8%A8/2025/first_IT_Coordinator__GIHS_Dubai.docx HTTP/1.1" 200 8416
INFO 2025-07-11 11:34:15,745 autoreload D:\sanad system\sanad_system\library_app\views.py changed, reloading.
INFO 2025-07-11 11:34:15,690 autoreload D:\sanad system\sanad_system\library_app\views.py changed, reloading.
INFO 2025-07-11 11:34:18,662 autoreload Watching for file changes with StatReloader
INFO 2025-07-11 11:34:18,663 autoreload Watching for file changes with StatReloader
INFO 2025-07-11 11:34:40,172 autoreload D:\sanad system\sanad_system\library_app\urls.py changed, reloading.
INFO 2025-07-11 11:34:40,260 autoreload D:\sanad system\sanad_system\library_app\urls.py changed, reloading.
INFO 2025-07-11 11:34:42,337 autoreload Watching for file changes with StatReloader
INFO 2025-07-11 11:34:42,342 autoreload Watching for file changes with StatReloader
INFO 2025-07-11 11:34:55,289 autoreload D:\sanad system\sanad_system\library_app\urls.py changed, reloading.
INFO 2025-07-11 11:34:55,378 autoreload D:\sanad system\sanad_system\library_app\urls.py changed, reloading.
INFO 2025-07-11 11:34:57,457 autoreload Watching for file changes with StatReloader
INFO 2025-07-11 11:34:57,954 autoreload Watching for file changes with StatReloader
INFO 2025-07-11 11:35:10,080 basehttp "GET /library/document/2/ HTTP/1.1" 200 31206
INFO 2025-07-11 11:35:10,330 basehttp "GET /media/library/%D9%83%D8%AA%D8%A7%D8%A8/2025/first_IT_Coordinator__GIHS_Dubai.docx HTTP/1.1" 200 8416
INFO 2025-07-11 11:36:14,516 autoreload D:\sanad system\sanad_system\library_app\views.py changed, reloading.
INFO 2025-07-11 11:36:14,726 autoreload D:\sanad system\sanad_system\library_app\views.py changed, reloading.
INFO 2025-07-11 11:36:18,176 autoreload Watching for file changes with StatReloader
INFO 2025-07-11 11:36:18,179 autoreload Watching for file changes with StatReloader
INFO 2025-07-11 11:36:27,752 autoreload D:\sanad system\sanad_system\library_app\urls.py changed, reloading.
INFO 2025-07-11 11:36:27,755 autoreload D:\sanad system\sanad_system\library_app\urls.py changed, reloading.
INFO 2025-07-11 11:36:29,961 autoreload Watching for file changes with StatReloader
INFO 2025-07-11 11:36:30,240 autoreload Watching for file changes with StatReloader
INFO 2025-07-11 11:37:13,277 basehttp "GET /library/document/2/ HTTP/1.1" 200 31893
INFO 2025-07-11 11:37:13,522 basehttp "GET /media/library/%D9%83%D8%AA%D8%A7%D8%A8/2025/first_IT_Coordinator__GIHS_Dubai.docx HTTP/1.1" 200 8416
INFO 2025-07-11 11:38:03,547 basehttp "GET /library/document/2/update/ HTTP/1.1" 200 29111
INFO 2025-07-11 11:38:11,479 basehttp "GET /media/library/%D9%83%D8%AA%D8%A7%D8%A8/2025/first_IT_Coordinator__GIHS_Dubai.docx HTTP/1.1" 200 8416
INFO 2025-07-11 13:06:05,451 basehttp "GET /library/ HTTP/1.1" 200 30851
INFO 2025-07-11 13:06:07,270 basehttp "GET /library/ HTTP/1.1" 200 30851
INFO 2025-07-11 13:06:10,397 basehttp "GET /library/document/2/ HTTP/1.1" 200 33125
INFO 2025-07-11 13:06:10,521 basehttp "GET /media/library/%D9%83%D8%AA%D8%A7%D8%A8/2025/first_IT_Coordinator__GIHS_Dubai.docx HTTP/1.1" 200 8416
INFO 2025-07-11 13:06:19,740 basehttp "GET /library/document/1/ HTTP/1.1" 200 33496
INFO 2025-07-11 13:06:19,893 basehttp "GET /media/library/%D9%83%D8%AA%D8%A7%D8%A8/2025/_%D9%85%D8%AE%D8%AA%D8%B5%D8%B1_%D8%B4%D8%B9%D8%A8_%D8%A7%D9%84%D8%A7%D9%8A%D9%85%D8%A7%D9%86_%D9%84%D9%84%D8%A8%D9%8A%D9%87%D9%82%D9%89.pdf HTTP/1.1" 304 0
INFO 2025-12-06 12:04:26,981 autoreload Watching for file changes with StatReloader
INFO 2025-12-06 12:04:33,567 basehttp "GET /v1/models HTTP/1.1" 301 0
INFO 2025-12-06 12:04:39,144 basehttp "GET /v1/models HTTP/1.1" 301 0
INFO 2025-12-06 12:04:39,633 basehttp "GET /v1/models HTTP/1.1" 301 0
INFO 2025-12-06 12:04:40,615 basehttp "GET /v1/models HTTP/1.1" 301 0
INFO 2025-12-06 12:04:46,146 basehttp "GET /v1/models HTTP/1.1" 301 0
INFO 2025-12-06 12:04:46,657 basehttp "GET /v1/models HTTP/1.1" 301 0
INFO 2025-12-06 12:04:47,593 basehttp "GET /v1/models HTTP/1.1" 301 0
INFO 2025-12-06 12:04:53,139 basehttp "GET /v1/models HTTP/1.1" 301 0
INFO 2025-12-06 12:04:53,547 basehttp "GET /v1/models HTTP/1.1" 301 0
INFO 2025-12-06 12:04:54,373 basehttp "GET /v1/models HTTP/1.1" 301 0
INFO 2025-12-06 12:05:00,151 basehttp "GET /v1/models HTTP/1.1" 301 0
INFO 2025-12-06 12:05:00,558 basehttp "GET /v1/models HTTP/1.1" 301 0
INFO 2025-12-06 12:05:01,567 basehttp "GET /v1/models HTTP/1.1" 301 0
INFO 2025-12-06 12:05:07,160 basehttp "GET /v1/models HTTP/1.1" 301 0
INFO 2025-12-06 12:05:07,621 basehttp "GET /v1/models HTTP/1.1" 301 0
INFO 2025-12-06 12:05:08,392 basehttp "GET /v1/models HTTP/1.1" 301 0
INFO 2025-12-06 12:05:14,170 basehttp "GET /v1/models HTTP/1.1" 301 0
INFO 2025-12-06 12:05:14,599 basehttp "GET /v1/models HTTP/1.1" 301 0
INFO 2025-12-06 12:05:15,500 basehttp "GET /v1/models HTTP/1.1" 301 0
INFO 2025-12-06 12:05:21,158 basehttp "GET /v1/models HTTP/1.1" 301 0
INFO 2025-12-06 12:05:21,630 basehttp "GET /v1/models HTTP/1.1" 301 0
INFO 2025-12-06 12:05:22,636 basehttp "GET /v1/models HTTP/1.1" 301 0
INFO 2025-12-06 12:05:28,163 basehttp "GET /v1/models HTTP/1.1" 301 0
INFO 2025-12-06 12:05:28,572 basehttp "GET /v1/models HTTP/1.1" 301 0
INFO 2025-12-06 12:05:29,422 basehttp "GET /v1/models HTTP/1.1" 301 0
INFO 2025-12-06 12:05:35,160 basehttp "GET /v1/models HTTP/1.1" 301 0
INFO 2025-12-06 12:05:35,677 basehttp "GET /v1/models HTTP/1.1" 301 0
INFO 2025-12-06 12:05:36,531 basehttp "GET /v1/models HTTP/1.1" 301 0
INFO 2025-12-06 12:05:42,145 basehttp "GET /v1/models HTTP/1.1" 301 0
INFO 2025-12-06 12:05:42,603 basehttp "GET /v1/models HTTP/1.1" 301 0
INFO 2025-12-06 12:05:43,595 basehttp "GET /v1/models HTTP/1.1" 301 0
INFO 2025-12-06 12:05:49,138 basehttp "GET /v1/models HTTP/1.1" 301 0
INFO 2025-12-06 12:05:49,642 basehttp "GET /v1/models HTTP/1.1" 301 0
INFO 2025-12-06 12:05:50,561 basehttp "GET /v1/models HTTP/1.1" 301 0
INFO 2025-12-06 12:05:56,157 basehttp "GET /v1/models HTTP/1.1" 301 0
INFO 2025-12-06 12:05:56,698 basehttp "GET /v1/models HTTP/1.1" 301 0
INFO 2025-12-06 12:05:57,672 basehttp "GET /v1/models HTTP/1.1" 301 0
INFO 2025-12-06 12:06:03,131 basehttp "GET /v1/models HTTP/1.1" 301 0
INFO 2025-12-06 12:06:03,586 basehttp "GET /v1/models HTTP/1.1" 301 0
INFO 2025-12-06 12:06:04,586 basehttp "GET /v1/models HTTP/1.1" 301 0
INFO 2025-12-06 12:06:10,147 basehttp "GET /v1/models HTTP/1.1" 301 0
INFO 2025-12-06 12:06:10,546 basehttp "GET /v1/models HTTP/1.1" 301 0
INFO 2025-12-06 12:06:11,422 basehttp "GET /v1/models HTTP/1.1" 301 0
INFO 2025-12-06 12:06:17,208 basehttp "GET /v1/models HTTP/1.1" 301 0
INFO 2025-12-06 12:06:17,632 basehttp "GET /v1/models HTTP/1.1" 301 0
INFO 2025-12-06 12:06:18,456 basehttp "GET /v1/models HTTP/1.1" 301 0
INFO 2025-12-06 12:06:23,470 basehttp "GET /v1/models HTTP/1.1" 301 0
INFO 2025-12-06 12:06:23,943 basehttp "GET /v1/models HTTP/1.1" 301 0
INFO 2025-12-06 12:06:24,849 basehttp "GET /v1/models HTTP/1.1" 301 0
INFO 2025-12-06 12:06:29,859 basehttp "GET /v1/models HTTP/1.1" 301 0
INFO 2025-12-06 12:06:30,327 basehttp "GET /v1/models HTTP/1.1" 301 0
INFO 2025-12-06 12:06:31,297 basehttp "GET /v1/models HTTP/1.1" 301 0
INFO 2025-12-06 12:06:35,422 basehttp "GET /accounts/login/ HTTP/1.1" 301 0
INFO 2025-12-06 12:06:35,698 basehttp code 400, message Bad request version ('âT\x93\x15Ê\x82ÏãU\x00"\x13\x01\x13\x03\x13\x02À+À/Ì©Ì¨À,À0À')
ERROR 2025-12-06 12:06:35,774 basehttp You're accessing the development server over HTTPS, but it only supports HTTP.
INFO 2025-12-06 12:06:35,870 basehttp code 400, message Bad request version ('§ësÊÂ\x00"\x13\x01\x13\x03\x13\x02À+À/Ì©Ì¨À,À0À')
ERROR 2025-12-06 12:06:35,883 basehttp You're accessing the development server over HTTPS, but it only supports HTTP.
INFO 2025-12-06 12:06:36,378 basehttp "GET /v1/models HTTP/1.1" 301 0
INFO 2025-12-06 12:06:36,861 basehttp "GET /v1/models HTTP/1.1" 301 0
INFO 2025-12-06 12:06:37,639 basehttp "GET /v1/models HTTP/1.1" 301 0
INFO 2025-12-06 12:06:42,663 basehttp "GET /v1/models HTTP/1.1" 301 0
INFO 2025-12-06 12:06:43,171 basehttp "GET /v1/models HTTP/1.1" 301 0
INFO 2025-12-06 12:06:44,149 basehttp "GET /v1/models HTTP/1.1" 301 0
INFO 2025-12-06 12:06:48,750 basehttp "GET / HTTP/1.1" 301 0
INFO 2025-12-06 12:06:48,789 basehttp code 400, message Bad request version ('CþÉøV\x8cGZ\x06\x8b¨9ÿ´\x9eFp¹Tvqï\x8e!Ö\x01lãÀ\x92/\x8d\x00"\x13\x01\x13\x03\x13\x02À+À/Ì©Ì¨À,À0À')
ERROR 2025-12-06 12:06:48,795 basehttp You're accessing the development server over HTTPS, but it only supports HTTP.
INFO 2025-12-06 12:06:48,830 basehttp code 400, message Bad HTTP/0.9 request type ('\x16\x03\x01\x02~\x01\x00\x02z\x03\x03&\x87Ä\x89ÒÅX\x8d\x08l¼ÎÍ\x11³\x8eßg¡¯pè\x90Ã`Û\x07±÷\x9cÉ')
ERROR 2025-12-06 12:06:48,830 basehttp You're accessing the development server over HTTPS, but it only supports HTTP.
INFO 2025-12-06 12:06:49,177 basehttp "GET /v1/models HTTP/1.1" 301 0
INFO 2025-12-06 12:06:49,611 basehttp "GET /v1/models HTTP/1.1" 301 0
INFO 2025-12-06 12:06:50,410 basehttp "GET /v1/models HTTP/1.1" 301 0
INFO 2025-12-06 12:06:55,443 basehttp "GET /v1/models HTTP/1.1" 301 0
INFO 2025-12-06 12:06:55,918 basehttp "GET /v1/models HTTP/1.1" 301 0
INFO 2025-12-06 12:06:56,576 basehttp "GET /admin/login/?next=/admin/ HTTP/1.1" 301 0
INFO 2025-12-06 12:06:56,592 basehttp code 400, message Bad request version ('â\x8c^Ö|+:hÂ×\x02\x00"\x13\x01\x13\x03\x13\x02À+À/Ì©Ì¨À,À0À')
ERROR 2025-12-06 12:06:56,593 basehttp You're accessing the development server over HTTPS, but it only supports HTTP.
INFO 2025-12-06 12:06:56,602 basehttp code 400, message Bad request version ('²YO\x00"\x13\x01\x13\x03\x13\x02À+À/Ì©Ì¨À,À0À')
ERROR 2025-12-06 12:06:56,603 basehttp You're accessing the development server over HTTPS, but it only supports HTTP.
INFO 2025-12-06 12:06:56,615 basehttp code 400, message Bad request version ('¸0V\x051Í¼á<ôý\x95_÷ówz@\x17\x00°G,Z\x18')
ERROR 2025-12-06 12:06:56,618 basehttp You're accessing the development server over HTTPS, but it only supports HTTP.
INFO 2025-12-06 12:06:56,842 basehttp "GET /v1/models HTTP/1.1" 301 0
INFO 2025-12-06 12:07:01,576 basehttp code 400, message Bad HTTP/0.9 request type ('\x16\x03\x01\x07O\x01\x00\x07K\x03\x03üVD\x03?¸á\x96;*')
ERROR 2025-12-06 12:07:01,581 basehttp You're accessing the development server over HTTPS, but it only supports HTTP.
INFO 2025-12-06 12:07:01,585 basehttp code 400, message Bad request version ('ê\x00"\x13\x01\x13\x03\x13\x02À+À/Ì©Ì¨À,À0À')
ERROR 2025-12-06 12:07:01,586 basehttp You're accessing the development server over HTTPS, but it only supports HTTP.
INFO 2025-12-06 12:07:01,864 basehttp "GET /v1/models HTTP/1.1" 301 0
INFO 2025-12-06 12:07:02,263 basehttp "GET /v1/models HTTP/1.1" 301 0
INFO 2025-12-06 12:07:02,520 basehttp code 400, message Bad request version ('Åá]\x93')
ERROR 2025-12-06 12:07:02,521 basehttp You're accessing the development server over HTTPS, but it only supports HTTP.
INFO 2025-12-06 12:07:02,527 basehttp code 400, message Bad request version ('=/\x97\x9aÙ÷w')
ERROR 2025-12-06 12:07:02,530 basehttp You're accessing the development server over HTTPS, but it only supports HTTP.
INFO 2025-12-06 12:07:03,242 basehttp "GET /v1/models HTTP/1.1" 301 0
INFO 2025-12-06 12:07:03,321 basehttp code 400, message Bad request version ('\x95S¹?7\x87\x9dõ\x00"\x13\x01\x13\x03\x13\x02À+À/Ì©Ì¨À,À0À')
ERROR 2025-12-06 12:07:03,323 basehttp You're accessing the development server over HTTPS, but it only supports HTTP.
INFO 2025-12-06 12:07:03,344 basehttp code 400, message Bad request version ('\x00"\x13\x01\x13\x03\x13\x02À+À/Ì©Ì¨À,À0À')
ERROR 2025-12-06 12:07:03,345 basehttp You're accessing the development server over HTTPS, but it only supports HTTP.
INFO 2025-12-06 12:07:08,261 basehttp "GET /v1/models HTTP/1.1" 301 0
INFO 2025-12-06 12:07:08,732 basehttp "GET /v1/models HTTP/1.1" 301 0
INFO 2025-12-06 12:07:09,681 basehttp "GET /v1/models HTTP/1.1" 301 0
INFO 2025-12-06 12:07:14,702 basehttp "GET /v1/models HTTP/1.1" 301 0
INFO 2025-12-06 12:07:15,167 basehttp "GET /v1/models HTTP/1.1" 301 0
INFO 2025-12-06 12:07:15,951 basehttp "GET /v1/models HTTP/1.1" 301 0
INFO 2025-12-06 12:07:20,973 basehttp "GET /v1/models HTTP/1.1" 301 0
INFO 2025-12-06 12:07:21,427 basehttp "GET /v1/models HTTP/1.1" 301 0
INFO 2025-12-06 12:07:22,395 basehttp "GET /v1/models HTTP/1.1" 301 0
INFO 2025-12-06 12:07:27,427 basehttp "GET /v1/models HTTP/1.1" 301 0
INFO 2025-12-06 12:07:27,822 basehttp code 400, message Bad request version ('|ò\x80{H©\x7fÃ\xad\x93À_\x00"\x13\x01\x13\x03\x13\x02À+À/Ì©Ì¨À,À0À')
ERROR 2025-12-06 12:07:27,823 basehttp You're accessing the development server over HTTPS, but it only supports HTTP.
INFO 2025-12-06 12:07:27,827 basehttp code 400, message Bad request version ('GàëÛ\x8bù\x00"\x13\x01\x13\x03\x13\x02À+À/Ì©Ì¨À,À0À')
ERROR 2025-12-06 12:07:27,828 basehttp You're accessing the development server over HTTPS, but it only supports HTTP.
INFO 2025-12-06 12:07:27,913 basehttp "GET /v1/models HTTP/1.1" 301 0
INFO 2025-12-06 12:07:28,871 basehttp "GET /v1/models HTTP/1.1" 301 0
INFO 2025-12-06 12:07:33,895 basehttp "GET /v1/models HTTP/1.1" 301 0
INFO 2025-12-06 12:07:34,352 basehttp "GET /v1/models HTTP/1.1" 301 0
INFO 2025-12-06 12:07:35,195 basehttp "GET /v1/models HTTP/1.1" 301 0
INFO 2025-12-06 12:07:35,259 basehttp "GET / HTTP/1.1" 301 0
INFO 2025-12-06 12:07:35,274 basehttp code 400, message Bad request version ('\x8cí\x80@Ô\x14\x89öþ0')
ERROR 2025-12-06 12:07:35,283 basehttp You're accessing the development server over HTTPS, but it only supports HTTP.
INFO 2025-12-06 12:07:35,287 basehttp code 400, message Bad request version ('\x03Y¸\x88½¢l\x82\x05\x00"\x13\x01\x13\x03\x13\x02À+À/Ì©Ì¨À,À0À')
ERROR 2025-12-06 12:07:35,288 basehttp You're accessing the development server over HTTPS, but it only supports HTTP.
INFO 2025-12-06 12:07:40,213 basehttp "GET /v1/models HTTP/1.1" 301 0
INFO 2025-12-06 12:07:40,638 basehttp "GET /v1/models HTTP/1.1" 301 0
INFO 2025-12-06 12:07:41,479 basehttp "GET /v1/models HTTP/1.1" 301 0
INFO 2025-12-06 12:07:41,705 basehttp code 400, message Bad request version ('+h\x98ß0Á\x00"\x13\x01\x13\x03\x13\x02À+À/Ì©Ì¨À,À0À')
ERROR 2025-12-06 12:07:41,706 basehttp You're accessing the development server over HTTPS, but it only supports HTTP.
INFO 2025-12-06 12:07:41,709 basehttp code 400, message Bad request version ('Ú¨9\x94Ö8\x9cºxË%ò\x13Ð¾\x9e\x00"\x13\x01\x13\x03\x13\x02À+À/Ì©Ì¨À,À0À')
ERROR 2025-12-06 12:07:41,710 basehttp You're accessing the development server over HTTPS, but it only supports HTTP.
INFO 2025-12-06 12:07:46,501 basehttp "GET /v1/models HTTP/1.1" 301 0
INFO 2025-12-06 12:07:46,977 basehttp "GET /v1/models HTTP/1.1" 301 0
INFO 2025-12-06 12:07:47,989 basehttp "GET /v1/models HTTP/1.1" 301 0
INFO 2025-12-06 12:07:53,002 basehttp "GET /v1/models HTTP/1.1" 301 0
INFO 2025-12-06 12:07:53,453 basehttp "GET /v1/models HTTP/1.1" 301 0
INFO 2025-12-06 12:07:54,231 basehttp "GET /v1/models HTTP/1.1" 301 0
INFO 2025-12-06 12:07:59,259 basehttp "GET /v1/models HTTP/1.1" 301 0
INFO 2025-12-06 12:07:59,726 basehttp "GET /v1/models HTTP/1.1" 301 0
INFO 2025-12-06 12:08:00,645 basehttp "GET /v1/models HTTP/1.1" 301 0
INFO 2025-12-06 14:22:06,176 autoreload Watching for file changes with StatReloader
INFO 2025-12-06 14:43:19,835 autoreload Watching for file changes with StatReloader
INFO 2025-12-06 14:44:11,255 autoreload Watching for file changes with StatReloader
INFO 2025-12-06 14:44:34,659 basehttp "GET / HTTP/1.1" 200 24251
ERROR 2025-12-06 14:44:37,267 basehttp "GET /static/css/style.css HTTP/1.1" 500 59
ERROR 2025-12-06 14:44:37,284 basehttp "GET /static/js/main.js HTTP/1.1" 500 59
ERROR 2025-12-06 14:44:43,327 basehttp "GET /static/js/main.js HTTP/1.1" 500 59
INFO 2025-12-06 14:45:06,004 basehttp "GET /admin/ HTTP/1.1" 302 0
INFO 2025-12-06 14:45:06,204 basehttp "GET /admin/login/?next=/admin/ HTTP/1.1" 200 21551
INFO 2025-12-06 14:45:38,982 basehttp "POST /theme/set/ HTTP/1.1" 200 39
INFO 2025-12-06 14:45:39,802 basehttp "GET /admin/login/?next=/admin/ HTTP/1.1" 200 21552
INFO 2025-12-06 14:45:40,255 basehttp "POST /theme/set/ HTTP/1.1" 200 38
INFO 2025-12-06 14:45:40,919 basehttp "POST /theme/set/ HTTP/1.1" 200 38
INFO 2025-12-06 14:45:41,185 basehttp "GET /admin/login/?next=/admin/ HTTP/1.1" 200 21551
INFO 2025-12-06 14:45:42,957 basehttp "POST /theme/set/ HTTP/1.1" 200 38
INFO 2025-12-06 14:45:43,243 basehttp "GET /admin/login/?next=/admin/ HTTP/1.1" 200 21551
INFO 2025-12-06 14:46:30,752 basehttp "GET /accounts/login/ HTTP/1.1" 200 28541
ERROR 2025-12-06 14:46:31,605 basehttp "GET /static/css/style.css HTTP/1.1" 500 59
ERROR 2025-12-06 14:46:31,689 basehttp "GET /static/js/main.js HTTP/1.1" 500 59
INFO 2025-12-06 14:47:22,356 basehttp code 400, message Bad request version ('úú\x13\x01\x13\x02\x13\x03À+À/À,À0Ì©Ì¨À\x13À\x14\x00\x9c\x00\x9d\x00/\x005\x01\x00\x063')
ERROR 2025-12-06 14:47:22,357 basehttp You're accessing the development server over HTTPS, but it only supports HTTP.
INFO 2025-12-06 14:47:22,367 basehttp code 400, message Bad request version ('\x05¦0\x82õ\x97Ïa\x97w\x88ýT88\x87\x12`\x08å0XèèHý(')
ERROR 2025-12-06 14:47:22,368 basehttp You're accessing the development server over HTTPS, but it only supports HTTP.
INFO 2025-12-06 14:47:28,054 basehttp code 400, message Bad request version ('ºº\x13\x01\x13\x02\x13\x03À+À/À,À0Ì©Ì¨À\x13À\x14\x00\x9c\x00\x9d\x00/\x005\x01\x00\x06Sªª\x00\x00\x00\x05\x00\x05\x01\x00\x00\x00\x00\x00')
ERROR 2025-12-06 14:47:28,054 basehttp You're accessing the development server over HTTPS, but it only supports HTTP.
INFO 2025-12-06 14:47:28,066 basehttp code 400, message Bad request version ('Äwp')
ERROR 2025-12-06 14:47:28,067 basehttp You're accessing the development server over HTTPS, but it only supports HTTP.
INFO 2025-12-06 14:47:35,372 basehttp code 400, message Bad request version ('\x19°\x14ê|Kò\x16\x94\x83\x10\x80\x99ñ')
ERROR 2025-12-06 14:47:35,373 basehttp You're accessing the development server over HTTPS, but it only supports HTTP.
INFO 2025-12-06 14:47:35,377 basehttp code 400, message Bad request version ('«À\x80O')
ERROR 2025-12-06 14:47:35,377 basehttp You're accessing the development server over HTTPS, but it only supports HTTP.
INFO 2025-12-06 14:47:44,624 basehttp code 400, message Bad request version ('®¯\x9d<\x00\x90ß{ñc\x8aß®r^p\x9e\x9bF\x9c½ßÔ¼\x8b\x07¿&ÁÓ;')
ERROR 2025-12-06 14:47:44,625 basehttp You're accessing the development server over HTTPS, but it only supports HTTP.
INFO 2025-12-06 14:47:44,633 basehttp code 400, message Bad request version ('\x08Ñþc\x97½,7y0\x13/Kí')
ERROR 2025-12-06 14:47:44,635 basehttp You're accessing the development server over HTTPS, but it only supports HTTP.
INFO 2025-12-06 14:47:50,096 basehttp code 400, message Bad request version ('ºX¡\x86¤\x0fC8V\x11\x06¥<º\x89¨\x98ÌsÇã\x13£YÀH\x0e|1çIpµ8\x04\x88Á½ÖkÇô&R÷D·\x02¸&¨vR\x897{¯É\x9c\x08è3')
ERROR 2025-12-06 14:47:50,097 basehttp You're accessing the development server over HTTPS, but it only supports HTTP.
INFO 2025-12-06 14:47:50,100 basehttp code 400, message Bad request version ('q\x01\\')
ERROR 2025-12-06 14:47:50,100 basehttp You're accessing the development server over HTTPS, but it only supports HTTP.
INFO 2025-12-06 14:48:59,038 basehttp "POST /admin/login/?next=/admin/ HTTP/1.1" 302 0
INFO 2025-12-06 14:48:59,286 basehttp "GET /admin/ HTTP/1.1" 200 20681
ERROR 2025-12-06 14:49:00,099 basehttp "GET /static/admin/css/admin-rtl.css HTTP/1.1" 500 59
ERROR 2025-12-06 14:49:00,104 basehttp "GET /static/admin/css/dashboard.css HTTP/1.1" 500 59
ERROR 2025-12-06 14:49:00,780 basehttp "GET /static/admin/img/icon-changelink.svg HTTP/1.1" 500 59
WARNING 2025-12-06 14:49:24,368 log Forbidden (CSRF token from POST incorrect.): /accounts/login/
WARNING 2025-12-06 14:49:24,404 basehttp "POST /accounts/login/ HTTP/1.1" 403 1081
INFO 2025-12-06 14:49:32,464 basehttp "GET /accounts/login/ HTTP/1.1" 302 0
INFO 2025-12-06 14:49:32,519 basehttp "GET /hadith/ HTTP/1.1" 200 30968
INFO 2025-12-06 14:49:37,580 basehttp "POST /accounts/logout/ HTTP/1.1" 302 0
INFO 2025-12-06 14:49:37,734 basehttp "GET /hadith/ HTTP/1.1" 200 27988
ERROR 2025-12-06 14:49:38,731 basehttp "GET /static/css/style.css HTTP/1.1" 500 59
ERROR 2025-12-06 14:49:38,748 basehttp "GET /static/js/main.js HTTP/1.1" 500 59
ERROR 2025-12-06 14:49:40,071 basehttp "GET /static/js/main.js HTTP/1.1" 500 59
INFO 2025-12-06 14:49:42,564 basehttp "POST /admin/logout/ HTTP/1.1" 302 0
INFO 2025-12-06 14:49:42,570 basehttp "GET /admin/ HTTP/1.1" 302 0
INFO 2025-12-06 14:49:42,583 basehttp "GET /admin/login/?next=/admin/ HTTP/1.1" 200 21551
INFO 2025-12-06 14:49:48,369 basehttp "GET /accounts/login/ HTTP/1.1" 200 28541
ERROR 2025-12-06 14:49:49,114 basehttp "GET /static/js/main.js HTTP/1.1" 500 59
ERROR 2025-12-06 14:49:49,121 basehttp "GET /static/css/style.css HTTP/1.1" 500 59
ERROR 2025-12-06 14:49:49,319 basehttp "GET /static/js/main.js HTTP/1.1" 500 59
INFO 2025-12-06 14:50:05,452 basehttp "POST /accounts/login/ HTTP/1.1" 302 0
INFO 2025-12-06 14:50:05,533 basehttp "GET /hadith/ HTTP/1.1" 200 30972
ERROR 2025-12-06 14:50:06,394 basehttp "GET /static/js/main.js HTTP/1.1" 500 59
ERROR 2025-12-06 14:50:06,419 basehttp "GET /static/css/style.css HTTP/1.1" 500 59
ERROR 2025-12-06 14:50:06,739 basehttp "GET /static/js/main.js HTTP/1.1" 500 59
INFO 2025-12-06 14:50:14,818 basehttp "GET /library/ HTTP/1.1" 200 30851
ERROR 2025-12-06 14:50:15,699 basehttp "GET /static/css/style.css HTTP/1.1" 500 59
ERROR 2025-12-06 14:50:15,721 basehttp "GET /static/js/main.js HTTP/1.1" 500 59
ERROR 2025-12-06 14:50:20,711 basehttp "GET /library/document/1/ HTTP/1.1" 500 59
INFO 2025-12-06 14:51:30,637 basehttp "GET / HTTP/1.1" 200 26876
ERROR 2025-12-06 14:51:31,496 basehttp "GET /static/js/main.js HTTP/1.1" 500 59
ERROR 2025-12-06 14:51:31,506 basehttp "GET /static/css/style.css HTTP/1.1" 500 59
ERROR 2025-12-06 14:51:31,815 basehttp "GET /static/js/main.js HTTP/1.1" 500 59
INFO 2025-12-06 14:51:33,785 basehttp "GET /hadith/ HTTP/1.1" 200 30972
ERROR 2025-12-06 14:51:34,845 basehttp "GET /static/css/style.css HTTP/1.1" 500 59
ERROR 2025-12-06 14:51:34,894 basehttp "GET /static/js/main.js HTTP/1.1" 500 59
INFO 2025-12-06 14:51:37,181 basehttp "GET /hadith/create/ HTTP/1.1" 200 30377
ERROR 2025-12-06 14:51:37,869 basehttp "GET /static/js/main.js HTTP/1.1" 500 59
ERROR 2025-12-06 14:51:37,889 basehttp "GET /static/css/style.css HTTP/1.1" 500 59
ERROR 2025-12-06 14:51:38,402 basehttp "GET /static/js/main.js HTTP/1.1" 500 59
INFO 2025-12-06 14:51:40,303 basehttp "GET /narrators/ HTTP/1.1" 200 33900
ERROR 2025-12-06 14:51:41,130 basehttp "GET /static/js/main.js HTTP/1.1" 500 59
ERROR 2025-12-06 14:51:41,136 basehttp "GET /static/css/style.css HTTP/1.1" 500 59
ERROR 2025-12-06 14:51:41,707 basehttp "GET /static/js/main.js HTTP/1.1" 500 59
INFO 2025-12-06 14:51:43,435 basehttp "GET /narrators/create/ HTTP/1.1" 200 28586
ERROR 2025-12-06 14:51:44,187 basehttp "GET /static/css/style.css HTTP/1.1" 500 59
ERROR 2025-12-06 14:51:44,219 basehttp "GET /static/js/main.js HTTP/1.1" 500 59
ERROR 2025-12-06 14:51:44,853 basehttp "GET /static/js/main.js HTTP/1.1" 500 59
INFO 2025-12-06 14:51:47,095 basehttp "GET /library/ HTTP/1.1" 200 30851
ERROR 2025-12-06 14:51:47,780 basehttp "GET /static/js/main.js HTTP/1.1" 500 59
ERROR 2025-12-06 14:51:47,780 basehttp "GET /static/css/style.css HTTP/1.1" 500 59
ERROR 2025-12-06 14:51:48,085 basehttp "GET /static/js/main.js HTTP/1.1" 500 59
INFO 2025-12-06 14:52:45,941 basehttp "GET / HTTP/1.1" 200 26876
ERROR 2025-12-06 14:52:46,654 basehttp "GET /static/css/style.css HTTP/1.1" 500 59
ERROR 2025-12-06 14:52:46,658 basehttp "GET /static/js/main.js HTTP/1.1" 500 59
ERROR 2025-12-06 14:52:47,119 basehttp "GET /static/js/main.js HTTP/1.1" 500 59
INFO 2025-12-06 14:52:53,629 basehttp "GET / HTTP/1.1" 200 26876
ERROR 2025-12-06 14:52:54,269 basehttp "GET /static/css/style.css HTTP/1.1" 500 59
ERROR 2025-12-06 14:52:54,306 basehttp "GET /static/js/main.js HTTP/1.1" 500 59
INFO 2025-12-06 14:52:58,316 basehttp "GET /narrators/ HTTP/1.1" 200 33900
ERROR 2025-12-06 14:52:59,221 basehttp "GET /static/css/style.css HTTP/1.1" 500 59
ERROR 2025-12-06 14:52:59,257 basehttp "GET /static/js/main.js HTTP/1.1" 500 59
INFO 2025-12-06 14:53:01,103 basehttp "GET /library/ HTTP/1.1" 200 30851
ERROR 2025-12-06 14:53:01,916 basehttp "GET /static/js/main.js HTTP/1.1" 500 59
ERROR 2025-12-06 14:53:01,928 basehttp "GET /static/css/style.css HTTP/1.1" 500 59
ERROR 2025-12-06 14:53:02,355 basehttp "GET /static/js/main.js HTTP/1.1" 500 59
INFO 2025-12-06 14:53:44,785 autoreload Watching for file changes with StatReloader
INFO 2025-12-06 15:00:15,465 autoreload Watching for file changes with StatReloader
INFO 2025-12-06 15:00:24,047 basehttp "GET /library/ HTTP/1.1" 200 30851
WARNING 2025-12-06 15:00:24,396 log Not Found: /static/css/style.css
WARNING 2025-12-06 15:00:24,398 basehttp "GET /static/css/style.css HTTP/1.1" 404 25863
WARNING 2025-12-06 15:00:24,420 log Not Found: /static/js/main.js
WARNING 2025-12-06 15:00:24,426 basehttp "GET /static/js/main.js HTTP/1.1" 404 25863
ERROR 2025-12-06 15:00:28,203 basehttp "GET /library/document/1/ HTTP/1.1" 500 25988
WARNING 2025-12-06 15:00:28,363 log Not Found: /static/js/main.js
WARNING 2025-12-06 15:00:28,368 basehttp "GET /static/js/main.js HTTP/1.1" 404 25863
WARNING 2025-12-06 15:00:28,459 log Not Found: /static/css/style.css
WARNING 2025-12-06 15:00:28,461 basehttp "GET /static/css/style.css HTTP/1.1" 404 25863
WARNING 2025-12-06 15:00:28,593 log Not Found: /static/js/main.js
WARNING 2025-12-06 15:00:28,596 basehttp "GET /static/js/main.js HTTP/1.1" 404 25863
INFO 2025-12-06 15:02:11,076 autoreload Watching for file changes with StatReloader
INFO 2025-12-06 15:03:50,621 autoreload D:\sanad-system\sanad_system\library_app\models.py changed, reloading.
INFO 2025-12-06 15:03:55,686 autoreload Watching for file changes with StatReloader
INFO 2025-12-06 15:04:26,952 basehttp "GET /library/document/1/ HTTP/1.1" 200 32703
WARNING 2025-12-06 15:04:27,053 log Not Found: /static/css/style.css
WARNING 2025-12-06 15:04:27,054 basehttp "GET /static/css/style.css HTTP/1.1" 404 25863
WARNING 2025-12-06 15:04:27,151 log Not Found: /static/js/main.js
WARNING 2025-12-06 15:04:27,153 basehttp "GET /static/js/main.js HTTP/1.1" 404 25863
INFO 2025-12-06 15:54:25,070 basehttp "GET / HTTP/1.1" 200 26876
WARNING 2025-12-06 15:54:25,409 log Not Found: /static/css/style.css
WARNING 2025-12-06 15:54:25,412 basehttp "GET /static/css/style.css HTTP/1.1" 404 25863
WARNING 2025-12-06 15:54:25,445 log Not Found: /static/js/main.js
WARNING 2025-12-06 15:54:25,447 basehttp "GET /static/js/main.js HTTP/1.1" 404 25863
WARNING 2025-12-06 15:54:25,542 log Not Found: /static/js/main.js
WARNING 2025-12-06 15:54:25,543 basehttp "GET /static/js/main.js HTTP/1.1" 404 25863
WARNING 2025-12-06 15:54:25,597 log Not Found: /favicon.ico
INFO 2025-12-06 15:54:25,605 basehttp - Broken pipe from ('127.0.0.1', 59577)
INFO 2025-12-06 15:54:28,201 basehttp "GET /hadith/ HTTP/1.1" 200 54847
WARNING 2025-12-06 15:54:28,498 log Not Found: /static/css/style.css
WARNING 2025-12-06 15:54:28,511 basehttp "GET /static/css/style.css HTTP/1.1" 404 25863
WARNING 2025-12-06 15:54:28,601 log Not Found: /static/js/main.js
WARNING 2025-12-06 15:54:28,603 basehttp "GET /static/js/main.js HTTP/1.1" 404 25863
WARNING 2025-12-06 15:54:28,714 log Not Found: /static/js/main.js
WARNING 2025-12-06 15:54:28,718 basehttp "GET /static/js/main.js HTTP/1.1" 404 25863
INFO 2025-12-06 15:54:44,935 basehttp "GET /hadith/?page=2 HTTP/1.1" 200 51261
WARNING 2025-12-06 15:54:45,132 log Not Found: /static/css/style.css
WARNING 2025-12-06 15:54:45,136 basehttp "GET /static/css/style.css HTTP/1.1" 404 25863
WARNING 2025-12-06 15:54:45,163 log Not Found: /static/js/main.js
WARNING 2025-12-06 15:54:45,165 basehttp "GET /static/js/main.js HTTP/1.1" 404 25863
WARNING 2025-12-06 15:54:45,365 log Not Found: /static/js/main.js
WARNING 2025-12-06 15:54:45,367 basehttp "GET /static/js/main.js HTTP/1.1" 404 25863
INFO 2025-12-06 15:54:52,261 basehttp "GET /hadith/?page=3 HTTP/1.1" 200 34436
WARNING 2025-12-06 15:54:52,454 log Not Found: /static/js/main.js
WARNING 2025-12-06 15:54:52,455 basehttp "GET /static/js/main.js HTTP/1.1" 404 25863
WARNING 2025-12-06 15:54:52,537 log Not Found: /static/css/style.css
WARNING 2025-12-06 15:54:52,542 basehttp "GET /static/css/style.css HTTP/1.1" 404 25863
WARNING 2025-12-06 15:54:52,703 log Not Found: /static/js/main.js
WARNING 2025-12-06 15:54:52,708 basehttp "GET /static/js/main.js HTTP/1.1" 404 25863
ERROR 2025-12-06 16:07:49,541 log Internal Server Error: /hadith/14/
Traceback (most recent call last):
  File "C:\Users\T\AppData\Local\Programs\Python\Python311\Lib\site-packages\django\core\handlers\exception.py", line 55, in inner
    response = get_response(request)
               ^^^^^^^^^^^^^^^^^^^^^
  File "C:\Users\T\AppData\Local\Programs\Python\Python311\Lib\site-packages\django\core\handlers\base.py", line 220, in _get_response
    response = response.render()
               ^^^^^^^^^^^^^^^^^
  File "C:\Users\T\AppData\Local\Programs\Python\Python311\Lib\site-packages\django\template\response.py", line 114, in render
    self.content = self.rendered_content
                   ^^^^^^^^^^^^^^^^^^^^^
  File "C:\Users\T\AppData\Local\Programs\Python\Python311\Lib\site-packages\django\template\response.py", line 92, in rendered_content
    return template.render(context, self._request)
           ^^^^^^^^^^^^^^^^^^^^^^^^^^^^^^^^^^^^^^^
  File "C:\Users\T\AppData\Local\Programs\Python\Python311\Lib\site-packages\django\template\backends\django.py", line 61, in render
    return self.template.render(context)
           ^^^^^^^^^^^^^^^^^^^^^^^^^^^^^
  File "C:\Users\T\AppData\Local\Programs\Python\Python311\Lib\site-packages\django\template\base.py", line 175, in render
    return self._render(context)
           ^^^^^^^^^^^^^^^^^^^^^
  File "C:\Users\T\AppData\Local\Programs\Python\Python311\Lib\site-packages\django\template\base.py", line 167, in _render
    return self.nodelist.render(context)
           ^^^^^^^^^^^^^^^^^^^^^^^^^^^^^
  File "C:\Users\T\AppData\Local\Programs\Python\Python311\Lib\site-packages\django\template\base.py", line 1005, in render
    return SafeString("".join([node.render_annotated(context) for node in self]))
                              ^^^^^^^^^^^^^^^^^^^^^^^^^^^^^^^^^^^^^^^^^^^^^^^^^
  File "C:\Users\T\AppData\Local\Programs\Python\Python311\Lib\site-packages\django\template\base.py", line 1005, in <listcomp>
    return SafeString("".join([node.render_annotated(context) for node in self]))
                               ^^^^^^^^^^^^^^^^^^^^^^^^^^^^^^
  File "C:\Users\T\AppData\Local\Programs\Python\Python311\Lib\site-packages\django\template\base.py", line 966, in render_annotated
    return self.render(context)
           ^^^^^^^^^^^^^^^^^^^^
  File "C:\Users\T\AppData\Local\Programs\Python\Python311\Lib\site-packages\django\template\loader_tags.py", line 157, in render
    return compiled_parent._render(context)
           ^^^^^^^^^^^^^^^^^^^^^^^^^^^^^^^^
  File "C:\Users\T\AppData\Local\Programs\Python\Python311\Lib\site-packages\django\template\base.py", line 167, in _render
    return self.nodelist.render(context)
           ^^^^^^^^^^^^^^^^^^^^^^^^^^^^^
  File "C:\Users\T\AppData\Local\Programs\Python\Python311\Lib\site-packages\django\template\base.py", line 1005, in render
    return SafeString("".join([node.render_annotated(context) for node in self]))
                              ^^^^^^^^^^^^^^^^^^^^^^^^^^^^^^^^^^^^^^^^^^^^^^^^^
  File "C:\Users\T\AppData\Local\Programs\Python\Python311\Lib\site-packages\django\template\base.py", line 1005, in <listcomp>
    return SafeString("".join([node.render_annotated(context) for node in self]))
                               ^^^^^^^^^^^^^^^^^^^^^^^^^^^^^^
  File "C:\Users\T\AppData\Local\Programs\Python\Python311\Lib\site-packages\django\template\base.py", line 966, in render_annotated
    return self.render(context)
           ^^^^^^^^^^^^^^^^^^^^
  File "C:\Users\T\AppData\Local\Programs\Python\Python311\Lib\site-packages\django\template\loader_tags.py", line 63, in render
    result = block.nodelist.render(context)
             ^^^^^^^^^^^^^^^^^^^^^^^^^^^^^^
  File "C:\Users\T\AppData\Local\Programs\Python\Python311\Lib\site-packages\django\template\base.py", line 1005, in render
    return SafeString("".join([node.render_annotated(context) for node in self]))
                              ^^^^^^^^^^^^^^^^^^^^^^^^^^^^^^^^^^^^^^^^^^^^^^^^^
  File "C:\Users\T\AppData\Local\Programs\Python\Python311\Lib\site-packages\django\template\base.py", line 1005, in <listcomp>
    return SafeString("".join([node.render_annotated(context) for node in self]))
                               ^^^^^^^^^^^^^^^^^^^^^^^^^^^^^^
  File "C:\Users\T\AppData\Local\Programs\Python\Python311\Lib\site-packages\django\template\base.py", line 966, in render_annotated
    return self.render(context)
           ^^^^^^^^^^^^^^^^^^^^
  File "C:\Users\T\AppData\Local\Programs\Python\Python311\Lib\site-packages\django\template\defaulttags.py", line 471, in render
    url = reverse(view_name, args=args, kwargs=kwargs, current_app=current_app)
          ^^^^^^^^^^^^^^^^^^^^^^^^^^^^^^^^^^^^^^^^^^^^^^^^^^^^^^^^^^^^^^^^^^^^^
  File "C:\Users\T\AppData\Local\Programs\Python\Python311\Lib\site-packages\django\urls\base.py", line 88, in reverse
    return resolver._reverse_with_prefix(view, prefix, *args, **kwargs)
           ^^^^^^^^^^^^^^^^^^^^^^^^^^^^^^^^^^^^^^^^^^^^^^^^^^^^^^^^^^^^
  File "C:\Users\T\AppData\Local\Programs\Python\Python311\Lib\site-packages\django\urls\resolvers.py", line 828, in _reverse_with_prefix
    raise NoReverseMatch(msg)
django.urls.exceptions.NoReverseMatch: Reverse for 'sanad_create' not found. 'sanad_create' is not a valid view function or pattern name.
ERROR 2025-12-06 16:07:49,705 basehttp "GET /hadith/14/ HTTP/1.1" 500 25988
WARNING 2025-12-06 16:07:49,863 log Not Found: /static/css/style.css
WARNING 2025-12-06 16:07:49,865 basehttp "GET /static/css/style.css HTTP/1.1" 404 25863
WARNING 2025-12-06 16:07:49,952 log Not Found: /static/js/main.js
WARNING 2025-12-06 16:07:49,958 basehttp "GET /static/js/main.js HTTP/1.1" 404 25863
ERROR 2025-12-06 16:10:41,900 log Invalid HTTP_HOST header: 'testserver'. You may need to add 'testserver' to ALLOWED_HOSTS.
Traceback (most recent call last):
  File "C:\Users\T\AppData\Local\Programs\Python\Python311\Lib\site-packages\django\core\handlers\exception.py", line 55, in inner
    response = get_response(request)
               ^^^^^^^^^^^^^^^^^^^^^
  File "C:\Users\T\AppData\Local\Programs\Python\Python311\Lib\site-packages\django\utils\deprecation.py", line 133, in __call__
    response = self.process_request(request)
               ^^^^^^^^^^^^^^^^^^^^^^^^^^^^^
  File "C:\Users\T\AppData\Local\Programs\Python\Python311\Lib\site-packages\django\middleware\common.py", line 48, in process_request
    host = request.get_host()
           ^^^^^^^^^^^^^^^^^^
  File "C:\Users\T\AppData\Local\Programs\Python\Python311\Lib\site-packages\django\http\request.py", line 150, in get_host
    raise DisallowedHost(msg)
django.core.exceptions.DisallowedHost: Invalid HTTP_HOST header: 'testserver'. You may need to add 'testserver' to ALLOWED_HOSTS.
ERROR 2025-12-06 16:10:55,036 log Internal Server Error: /hadith/14/
Traceback (most recent call last):
  File "C:\Users\T\AppData\Local\Programs\Python\Python311\Lib\site-packages\django\core\handlers\exception.py", line 55, in inner
    response = get_response(request)
               ^^^^^^^^^^^^^^^^^^^^^
  File "C:\Users\T\AppData\Local\Programs\Python\Python311\Lib\site-packages\django\core\handlers\base.py", line 220, in _get_response
    response = response.render()
               ^^^^^^^^^^^^^^^^^
  File "C:\Users\T\AppData\Local\Programs\Python\Python311\Lib\site-packages\django\template\response.py", line 114, in render
    self.content = self.rendered_content
                   ^^^^^^^^^^^^^^^^^^^^^
  File "C:\Users\T\AppData\Local\Programs\Python\Python311\Lib\site-packages\django\template\response.py", line 92, in rendered_content
    return template.render(context, self._request)
           ^^^^^^^^^^^^^^^^^^^^^^^^^^^^^^^^^^^^^^^
  File "C:\Users\T\AppData\Local\Programs\Python\Python311\Lib\site-packages\django\template\backends\django.py", line 61, in render
    return self.template.render(context)
           ^^^^^^^^^^^^^^^^^^^^^^^^^^^^^
  File "C:\Users\T\AppData\Local\Programs\Python\Python311\Lib\site-packages\django\template\base.py", line 175, in render
    return self._render(context)
           ^^^^^^^^^^^^^^^^^^^^^
  File "C:\Users\T\AppData\Local\Programs\Python\Python311\Lib\site-packages\django\template\base.py", line 167, in _render
    return self.nodelist.render(context)
           ^^^^^^^^^^^^^^^^^^^^^^^^^^^^^
  File "C:\Users\T\AppData\Local\Programs\Python\Python311\Lib\site-packages\django\template\base.py", line 1005, in render
    return SafeString("".join([node.render_annotated(context) for node in self]))
                              ^^^^^^^^^^^^^^^^^^^^^^^^^^^^^^^^^^^^^^^^^^^^^^^^^
  File "C:\Users\T\AppData\Local\Programs\Python\Python311\Lib\site-packages\django\template\base.py", line 1005, in <listcomp>
    return SafeString("".join([node.render_annotated(context) for node in self]))
                               ^^^^^^^^^^^^^^^^^^^^^^^^^^^^^^
  File "C:\Users\T\AppData\Local\Programs\Python\Python311\Lib\site-packages\django\template\base.py", line 966, in render_annotated
    return self.render(context)
           ^^^^^^^^^^^^^^^^^^^^
  File "C:\Users\T\AppData\Local\Programs\Python\Python311\Lib\site-packages\django\template\loader_tags.py", line 157, in render
    return compiled_parent._render(context)
           ^^^^^^^^^^^^^^^^^^^^^^^^^^^^^^^^
  File "C:\Users\T\AppData\Local\Programs\Python\Python311\Lib\site-packages\django\template\base.py", line 167, in _render
    return self.nodelist.render(context)
           ^^^^^^^^^^^^^^^^^^^^^^^^^^^^^
  File "C:\Users\T\AppData\Local\Programs\Python\Python311\Lib\site-packages\django\template\base.py", line 1005, in render
    return SafeString("".join([node.render_annotated(context) for node in self]))
                              ^^^^^^^^^^^^^^^^^^^^^^^^^^^^^^^^^^^^^^^^^^^^^^^^^
  File "C:\Users\T\AppData\Local\Programs\Python\Python311\Lib\site-packages\django\template\base.py", line 1005, in <listcomp>
    return SafeString("".join([node.render_annotated(context) for node in self]))
                               ^^^^^^^^^^^^^^^^^^^^^^^^^^^^^^
  File "C:\Users\T\AppData\Local\Programs\Python\Python311\Lib\site-packages\django\template\base.py", line 966, in render_annotated
    return self.render(context)
           ^^^^^^^^^^^^^^^^^^^^
  File "C:\Users\T\AppData\Local\Programs\Python\Python311\Lib\site-packages\django\template\loader_tags.py", line 63, in render
    result = block.nodelist.render(context)
             ^^^^^^^^^^^^^^^^^^^^^^^^^^^^^^
  File "C:\Users\T\AppData\Local\Programs\Python\Python311\Lib\site-packages\django\template\base.py", line 1005, in render
    return SafeString("".join([node.render_annotated(context) for node in self]))
                              ^^^^^^^^^^^^^^^^^^^^^^^^^^^^^^^^^^^^^^^^^^^^^^^^^
  File "C:\Users\T\AppData\Local\Programs\Python\Python311\Lib\site-packages\django\template\base.py", line 1005, in <listcomp>
    return SafeString("".join([node.render_annotated(context) for node in self]))
                               ^^^^^^^^^^^^^^^^^^^^^^^^^^^^^^
  File "C:\Users\T\AppData\Local\Programs\Python\Python311\Lib\site-packages\django\template\base.py", line 966, in render_annotated
    return self.render(context)
           ^^^^^^^^^^^^^^^^^^^^
  File "C:\Users\T\AppData\Local\Programs\Python\Python311\Lib\site-packages\django\template\defaulttags.py", line 471, in render
    url = reverse(view_name, args=args, kwargs=kwargs, current_app=current_app)
          ^^^^^^^^^^^^^^^^^^^^^^^^^^^^^^^^^^^^^^^^^^^^^^^^^^^^^^^^^^^^^^^^^^^^^
  File "C:\Users\T\AppData\Local\Programs\Python\Python311\Lib\site-packages\django\urls\base.py", line 88, in reverse
    return resolver._reverse_with_prefix(view, prefix, *args, **kwargs)
           ^^^^^^^^^^^^^^^^^^^^^^^^^^^^^^^^^^^^^^^^^^^^^^^^^^^^^^^^^^^^
  File "C:\Users\T\AppData\Local\Programs\Python\Python311\Lib\site-packages\django\urls\resolvers.py", line 828, in _reverse_with_prefix
    raise NoReverseMatch(msg)
django.urls.exceptions.NoReverseMatch: Reverse for 'sanad_create' not found. 'sanad_create' is not a valid view function or pattern name.
ERROR 2025-12-06 16:10:55,071 basehttp "GET /hadith/14/ HTTP/1.1" 500 25988
WARNING 2025-12-06 16:10:55,146 log Not Found: /static/css/style.css
WARNING 2025-12-06 16:10:55,146 basehttp "GET /static/css/style.css HTTP/1.1" 404 25863
WARNING 2025-12-06 16:10:55,240 log Not Found: /static/js/main.js
WARNING 2025-12-06 16:10:55,246 basehttp "GET /static/js/main.js HTTP/1.1" 404 25863
INFO 2025-12-06 16:11:18,956 autoreload Watching for file changes with StatReloader
ERROR 2025-12-06 16:11:25,625 log Internal Server Error: /hadith/14/
Traceback (most recent call last):
  File "C:\Users\T\AppData\Local\Programs\Python\Python311\Lib\site-packages\django\core\handlers\exception.py", line 55, in inner
    response = get_response(request)
               ^^^^^^^^^^^^^^^^^^^^^
  File "C:\Users\T\AppData\Local\Programs\Python\Python311\Lib\site-packages\django\core\handlers\base.py", line 220, in _get_response
    response = response.render()
               ^^^^^^^^^^^^^^^^^
  File "C:\Users\T\AppData\Local\Programs\Python\Python311\Lib\site-packages\django\template\response.py", line 114, in render
    self.content = self.rendered_content
                   ^^^^^^^^^^^^^^^^^^^^^
  File "C:\Users\T\AppData\Local\Programs\Python\Python311\Lib\site-packages\django\template\response.py", line 92, in rendered_content
    return template.render(context, self._request)
           ^^^^^^^^^^^^^^^^^^^^^^^^^^^^^^^^^^^^^^^
  File "C:\Users\T\AppData\Local\Programs\Python\Python311\Lib\site-packages\django\template\backends\django.py", line 61, in render
    return self.template.render(context)
           ^^^^^^^^^^^^^^^^^^^^^^^^^^^^^
  File "C:\Users\T\AppData\Local\Programs\Python\Python311\Lib\site-packages\django\template\base.py", line 175, in render
    return self._render(context)
           ^^^^^^^^^^^^^^^^^^^^^
  File "C:\Users\T\AppData\Local\Programs\Python\Python311\Lib\site-packages\django\template\base.py", line 167, in _render
    return self.nodelist.render(context)
           ^^^^^^^^^^^^^^^^^^^^^^^^^^^^^
  File "C:\Users\T\AppData\Local\Programs\Python\Python311\Lib\site-packages\django\template\base.py", line 1005, in render
    return SafeString("".join([node.render_annotated(context) for node in self]))
                              ^^^^^^^^^^^^^^^^^^^^^^^^^^^^^^^^^^^^^^^^^^^^^^^^^
  File "C:\Users\T\AppData\Local\Programs\Python\Python311\Lib\site-packages\django\template\base.py", line 1005, in <listcomp>
    return SafeString("".join([node.render_annotated(context) for node in self]))
                               ^^^^^^^^^^^^^^^^^^^^^^^^^^^^^^
  File "C:\Users\T\AppData\Local\Programs\Python\Python311\Lib\site-packages\django\template\base.py", line 966, in render_annotated
    return self.render(context)
           ^^^^^^^^^^^^^^^^^^^^
  File "C:\Users\T\AppData\Local\Programs\Python\Python311\Lib\site-packages\django\template\loader_tags.py", line 157, in render
    return compiled_parent._render(context)
           ^^^^^^^^^^^^^^^^^^^^^^^^^^^^^^^^
  File "C:\Users\T\AppData\Local\Programs\Python\Python311\Lib\site-packages\django\template\base.py", line 167, in _render
    return self.nodelist.render(context)
           ^^^^^^^^^^^^^^^^^^^^^^^^^^^^^
  File "C:\Users\T\AppData\Local\Programs\Python\Python311\Lib\site-packages\django\template\base.py", line 1005, in render
    return SafeString("".join([node.render_annotated(context) for node in self]))
                              ^^^^^^^^^^^^^^^^^^^^^^^^^^^^^^^^^^^^^^^^^^^^^^^^^
  File "C:\Users\T\AppData\Local\Programs\Python\Python311\Lib\site-packages\django\template\base.py", line 1005, in <listcomp>
    return SafeString("".join([node.render_annotated(context) for node in self]))
                               ^^^^^^^^^^^^^^^^^^^^^^^^^^^^^^
  File "C:\Users\T\AppData\Local\Programs\Python\Python311\Lib\site-packages\django\template\base.py", line 966, in render_annotated
    return self.render(context)
           ^^^^^^^^^^^^^^^^^^^^
  File "C:\Users\T\AppData\Local\Programs\Python\Python311\Lib\site-packages\django\template\loader_tags.py", line 63, in render
    result = block.nodelist.render(context)
             ^^^^^^^^^^^^^^^^^^^^^^^^^^^^^^
  File "C:\Users\T\AppData\Local\Programs\Python\Python311\Lib\site-packages\django\template\base.py", line 1005, in render
    return SafeString("".join([node.render_annotated(context) for node in self]))
                              ^^^^^^^^^^^^^^^^^^^^^^^^^^^^^^^^^^^^^^^^^^^^^^^^^
  File "C:\Users\T\AppData\Local\Programs\Python\Python311\Lib\site-packages\django\template\base.py", line 1005, in <listcomp>
    return SafeString("".join([node.render_annotated(context) for node in self]))
                               ^^^^^^^^^^^^^^^^^^^^^^^^^^^^^^
  File "C:\Users\T\AppData\Local\Programs\Python\Python311\Lib\site-packages\django\template\base.py", line 966, in render_annotated
    return self.render(context)
           ^^^^^^^^^^^^^^^^^^^^
  File "C:\Users\T\AppData\Local\Programs\Python\Python311\Lib\site-packages\django\template\defaulttags.py", line 471, in render
    url = reverse(view_name, args=args, kwargs=kwargs, current_app=current_app)
          ^^^^^^^^^^^^^^^^^^^^^^^^^^^^^^^^^^^^^^^^^^^^^^^^^^^^^^^^^^^^^^^^^^^^^
  File "C:\Users\T\AppData\Local\Programs\Python\Python311\Lib\site-packages\django\urls\base.py", line 88, in reverse
    return resolver._reverse_with_prefix(view, prefix, *args, **kwargs)
           ^^^^^^^^^^^^^^^^^^^^^^^^^^^^^^^^^^^^^^^^^^^^^^^^^^^^^^^^^^^^
  File "C:\Users\T\AppData\Local\Programs\Python\Python311\Lib\site-packages\django\urls\resolvers.py", line 828, in _reverse_with_prefix
    raise NoReverseMatch(msg)
django.urls.exceptions.NoReverseMatch: Reverse for 'sanad_create' not found. 'sanad_create' is not a valid view function or pattern name.
ERROR 2025-12-06 16:11:25,642 basehttp "GET /hadith/14/ HTTP/1.1" 500 25988
WARNING 2025-12-06 16:11:25,786 log Not Found: /static/css/style.css
WARNING 2025-12-06 16:11:25,791 basehttp "GET /static/css/style.css HTTP/1.1" 404 25863
WARNING 2025-12-06 16:11:25,926 log Not Found: /static/js/main.js
WARNING 2025-12-06 16:11:25,928 basehttp "GET /static/js/main.js HTTP/1.1" 404 25863
ERROR 2025-12-06 16:12:03,293 log Internal Server Error: /hadith/14/
Traceback (most recent call last):
  File "C:\Users\T\AppData\Local\Programs\Python\Python311\Lib\site-packages\django\core\handlers\exception.py", line 55, in inner
    response = get_response(request)
               ^^^^^^^^^^^^^^^^^^^^^
  File "C:\Users\T\AppData\Local\Programs\Python\Python311\Lib\site-packages\django\core\handlers\base.py", line 220, in _get_response
    response = response.render()
               ^^^^^^^^^^^^^^^^^
  File "C:\Users\T\AppData\Local\Programs\Python\Python311\Lib\site-packages\django\template\response.py", line 114, in render
    self.content = self.rendered_content
                   ^^^^^^^^^^^^^^^^^^^^^
  File "C:\Users\T\AppData\Local\Programs\Python\Python311\Lib\site-packages\django\template\response.py", line 92, in rendered_content
    return template.render(context, self._request)
           ^^^^^^^^^^^^^^^^^^^^^^^^^^^^^^^^^^^^^^^
  File "C:\Users\T\AppData\Local\Programs\Python\Python311\Lib\site-packages\django\template\backends\django.py", line 61, in render
    return self.template.render(context)
           ^^^^^^^^^^^^^^^^^^^^^^^^^^^^^
  File "C:\Users\T\AppData\Local\Programs\Python\Python311\Lib\site-packages\django\template\base.py", line 175, in render
    return self._render(context)
           ^^^^^^^^^^^^^^^^^^^^^
  File "C:\Users\T\AppData\Local\Programs\Python\Python311\Lib\site-packages\django\template\base.py", line 167, in _render
    return self.nodelist.render(context)
           ^^^^^^^^^^^^^^^^^^^^^^^^^^^^^
  File "C:\Users\T\AppData\Local\Programs\Python\Python311\Lib\site-packages\django\template\base.py", line 1005, in render
    return SafeString("".join([node.render_annotated(context) for node in self]))
                              ^^^^^^^^^^^^^^^^^^^^^^^^^^^^^^^^^^^^^^^^^^^^^^^^^
  File "C:\Users\T\AppData\Local\Programs\Python\Python311\Lib\site-packages\django\template\base.py", line 1005, in <listcomp>
    return SafeString("".join([node.render_annotated(context) for node in self]))
                               ^^^^^^^^^^^^^^^^^^^^^^^^^^^^^^
  File "C:\Users\T\AppData\Local\Programs\Python\Python311\Lib\site-packages\django\template\base.py", line 966, in render_annotated
    return self.render(context)
           ^^^^^^^^^^^^^^^^^^^^
  File "C:\Users\T\AppData\Local\Programs\Python\Python311\Lib\site-packages\django\template\loader_tags.py", line 157, in render
    return compiled_parent._render(context)
           ^^^^^^^^^^^^^^^^^^^^^^^^^^^^^^^^
  File "C:\Users\T\AppData\Local\Programs\Python\Python311\Lib\site-packages\django\template\base.py", line 167, in _render
    return self.nodelist.render(context)
           ^^^^^^^^^^^^^^^^^^^^^^^^^^^^^
  File "C:\Users\T\AppData\Local\Programs\Python\Python311\Lib\site-packages\django\template\base.py", line 1005, in render
    return SafeString("".join([node.render_annotated(context) for node in self]))
                              ^^^^^^^^^^^^^^^^^^^^^^^^^^^^^^^^^^^^^^^^^^^^^^^^^
  File "C:\Users\T\AppData\Local\Programs\Python\Python311\Lib\site-packages\django\template\base.py", line 1005, in <listcomp>
    return SafeString("".join([node.render_annotated(context) for node in self]))
                               ^^^^^^^^^^^^^^^^^^^^^^^^^^^^^^
  File "C:\Users\T\AppData\Local\Programs\Python\Python311\Lib\site-packages\django\template\base.py", line 966, in render_annotated
    return self.render(context)
           ^^^^^^^^^^^^^^^^^^^^
  File "C:\Users\T\AppData\Local\Programs\Python\Python311\Lib\site-packages\django\template\loader_tags.py", line 63, in render
    result = block.nodelist.render(context)
             ^^^^^^^^^^^^^^^^^^^^^^^^^^^^^^
  File "C:\Users\T\AppData\Local\Programs\Python\Python311\Lib\site-packages\django\template\base.py", line 1005, in render
    return SafeString("".join([node.render_annotated(context) for node in self]))
                              ^^^^^^^^^^^^^^^^^^^^^^^^^^^^^^^^^^^^^^^^^^^^^^^^^
  File "C:\Users\T\AppData\Local\Programs\Python\Python311\Lib\site-packages\django\template\base.py", line 1005, in <listcomp>
    return SafeString("".join([node.render_annotated(context) for node in self]))
                               ^^^^^^^^^^^^^^^^^^^^^^^^^^^^^^
  File "C:\Users\T\AppData\Local\Programs\Python\Python311\Lib\site-packages\django\template\base.py", line 966, in render_annotated
    return self.render(context)
           ^^^^^^^^^^^^^^^^^^^^
  File "C:\Users\T\AppData\Local\Programs\Python\Python311\Lib\site-packages\django\template\defaulttags.py", line 471, in render
    url = reverse(view_name, args=args, kwargs=kwargs, current_app=current_app)
          ^^^^^^^^^^^^^^^^^^^^^^^^^^^^^^^^^^^^^^^^^^^^^^^^^^^^^^^^^^^^^^^^^^^^^
  File "C:\Users\T\AppData\Local\Programs\Python\Python311\Lib\site-packages\django\urls\base.py", line 88, in reverse
    return resolver._reverse_with_prefix(view, prefix, *args, **kwargs)
           ^^^^^^^^^^^^^^^^^^^^^^^^^^^^^^^^^^^^^^^^^^^^^^^^^^^^^^^^^^^^
  File "C:\Users\T\AppData\Local\Programs\Python\Python311\Lib\site-packages\django\urls\resolvers.py", line 828, in _reverse_with_prefix
    raise NoReverseMatch(msg)
django.urls.exceptions.NoReverseMatch: Reverse for 'sanad_create' not found. 'sanad_create' is not a valid view function or pattern name.
ERROR 2025-12-06 16:12:03,335 basehttp "GET /hadith/14/ HTTP/1.1" 500 25988
WARNING 2025-12-06 16:12:03,476 log Not Found: /static/css/style.css
WARNING 2025-12-06 16:12:03,481 basehttp "GET /static/css/style.css HTTP/1.1" 404 25863
WARNING 2025-12-06 16:12:03,571 log Not Found: /static/js/main.js
WARNING 2025-12-06 16:12:03,571 basehttp "GET /static/js/main.js HTTP/1.1" 404 25863
INFO 2025-12-06 16:12:08,405 basehttp "GET /profile/ HTTP/1.1" 200 30461
WARNING 2025-12-06 16:12:08,621 log Not Found: /static/css/style.css
WARNING 2025-12-06 16:12:08,621 basehttp "GET /static/css/style.css HTTP/1.1" 404 25863
WARNING 2025-12-06 16:12:08,727 log Not Found: /static/js/main.js
WARNING 2025-12-06 16:12:08,735 basehttp "GET /static/js/main.js HTTP/1.1" 404 25863
INFO 2025-12-06 16:12:20,574 basehttp "GET /hadith/ HTTP/1.1" 200 54847
WARNING 2025-12-06 16:12:20,684 log Not Found: /static/css/style.css
WARNING 2025-12-06 16:12:20,686 basehttp "GET /static/css/style.css HTTP/1.1" 404 25863
WARNING 2025-12-06 16:12:20,797 log Not Found: /static/js/main.js
WARNING 2025-12-06 16:12:20,797 basehttp "GET /static/js/main.js HTTP/1.1" 404 25863
WARNING 2025-12-06 16:12:20,891 log Not Found: /static/js/main.js
WARNING 2025-12-06 16:12:20,893 basehttp "GET /static/js/main.js HTTP/1.1" 404 25863
ERROR 2025-12-06 16:12:22,896 log Internal Server Error: /hadith/52/
Traceback (most recent call last):
  File "C:\Users\T\AppData\Local\Programs\Python\Python311\Lib\site-packages\django\core\handlers\exception.py", line 55, in inner
    response = get_response(request)
               ^^^^^^^^^^^^^^^^^^^^^
  File "C:\Users\T\AppData\Local\Programs\Python\Python311\Lib\site-packages\django\core\handlers\base.py", line 220, in _get_response
    response = response.render()
               ^^^^^^^^^^^^^^^^^
  File "C:\Users\T\AppData\Local\Programs\Python\Python311\Lib\site-packages\django\template\response.py", line 114, in render
    self.content = self.rendered_content
                   ^^^^^^^^^^^^^^^^^^^^^
  File "C:\Users\T\AppData\Local\Programs\Python\Python311\Lib\site-packages\django\template\response.py", line 92, in rendered_content
    return template.render(context, self._request)
           ^^^^^^^^^^^^^^^^^^^^^^^^^^^^^^^^^^^^^^^
  File "C:\Users\T\AppData\Local\Programs\Python\Python311\Lib\site-packages\django\template\backends\django.py", line 61, in render
    return self.template.render(context)
           ^^^^^^^^^^^^^^^^^^^^^^^^^^^^^
  File "C:\Users\T\AppData\Local\Programs\Python\Python311\Lib\site-packages\django\template\base.py", line 175, in render
    return self._render(context)
           ^^^^^^^^^^^^^^^^^^^^^
  File "C:\Users\T\AppData\Local\Programs\Python\Python311\Lib\site-packages\django\template\base.py", line 167, in _render
    return self.nodelist.render(context)
           ^^^^^^^^^^^^^^^^^^^^^^^^^^^^^
  File "C:\Users\T\AppData\Local\Programs\Python\Python311\Lib\site-packages\django\template\base.py", line 1005, in render
    return SafeString("".join([node.render_annotated(context) for node in self]))
                              ^^^^^^^^^^^^^^^^^^^^^^^^^^^^^^^^^^^^^^^^^^^^^^^^^
  File "C:\Users\T\AppData\Local\Programs\Python\Python311\Lib\site-packages\django\template\base.py", line 1005, in <listcomp>
    return SafeString("".join([node.render_annotated(context) for node in self]))
                               ^^^^^^^^^^^^^^^^^^^^^^^^^^^^^^
  File "C:\Users\T\AppData\Local\Programs\Python\Python311\Lib\site-packages\django\template\base.py", line 966, in render_annotated
    return self.render(context)
           ^^^^^^^^^^^^^^^^^^^^
  File "C:\Users\T\AppData\Local\Programs\Python\Python311\Lib\site-packages\django\template\loader_tags.py", line 157, in render
    return compiled_parent._render(context)
           ^^^^^^^^^^^^^^^^^^^^^^^^^^^^^^^^
  File "C:\Users\T\AppData\Local\Programs\Python\Python311\Lib\site-packages\django\template\base.py", line 167, in _render
    return self.nodelist.render(context)
           ^^^^^^^^^^^^^^^^^^^^^^^^^^^^^
  File "C:\Users\T\AppData\Local\Programs\Python\Python311\Lib\site-packages\django\template\base.py", line 1005, in render
    return SafeString("".join([node.render_annotated(context) for node in self]))
                              ^^^^^^^^^^^^^^^^^^^^^^^^^^^^^^^^^^^^^^^^^^^^^^^^^
  File "C:\Users\T\AppData\Local\Programs\Python\Python311\Lib\site-packages\django\template\base.py", line 1005, in <listcomp>
    return SafeString("".join([node.render_annotated(context) for node in self]))
                               ^^^^^^^^^^^^^^^^^^^^^^^^^^^^^^
  File "C:\Users\T\AppData\Local\Programs\Python\Python311\Lib\site-packages\django\template\base.py", line 966, in render_annotated
    return self.render(context)
           ^^^^^^^^^^^^^^^^^^^^
  File "C:\Users\T\AppData\Local\Programs\Python\Python311\Lib\site-packages\django\template\loader_tags.py", line 63, in render
    result = block.nodelist.render(context)
             ^^^^^^^^^^^^^^^^^^^^^^^^^^^^^^
  File "C:\Users\T\AppData\Local\Programs\Python\Python311\Lib\site-packages\django\template\base.py", line 1005, in render
    return SafeString("".join([node.render_annotated(context) for node in self]))
                              ^^^^^^^^^^^^^^^^^^^^^^^^^^^^^^^^^^^^^^^^^^^^^^^^^
  File "C:\Users\T\AppData\Local\Programs\Python\Python311\Lib\site-packages\django\template\base.py", line 1005, in <listcomp>
    return SafeString("".join([node.render_annotated(context) for node in self]))
                               ^^^^^^^^^^^^^^^^^^^^^^^^^^^^^^
  File "C:\Users\T\AppData\Local\Programs\Python\Python311\Lib\site-packages\django\template\base.py", line 966, in render_annotated
    return self.render(context)
           ^^^^^^^^^^^^^^^^^^^^
  File "C:\Users\T\AppData\Local\Programs\Python\Python311\Lib\site-packages\django\template\defaulttags.py", line 471, in render
    url = reverse(view_name, args=args, kwargs=kwargs, current_app=current_app)
          ^^^^^^^^^^^^^^^^^^^^^^^^^^^^^^^^^^^^^^^^^^^^^^^^^^^^^^^^^^^^^^^^^^^^^
  File "C:\Users\T\AppData\Local\Programs\Python\Python311\Lib\site-packages\django\urls\base.py", line 88, in reverse
    return resolver._reverse_with_prefix(view, prefix, *args, **kwargs)
           ^^^^^^^^^^^^^^^^^^^^^^^^^^^^^^^^^^^^^^^^^^^^^^^^^^^^^^^^^^^^
  File "C:\Users\T\AppData\Local\Programs\Python\Python311\Lib\site-packages\django\urls\resolvers.py", line 828, in _reverse_with_prefix
    raise NoReverseMatch(msg)
django.urls.exceptions.NoReverseMatch: Reverse for 'sanad_create' not found. 'sanad_create' is not a valid view function or pattern name.
ERROR 2025-12-06 16:12:22,942 basehttp "GET /hadith/52/ HTTP/1.1" 500 25988
WARNING 2025-12-06 16:12:23,028 log Not Found: /static/css/style.css
WARNING 2025-12-06 16:12:23,029 basehttp "GET /static/css/style.css HTTP/1.1" 404 25863
WARNING 2025-12-06 16:12:23,062 log Not Found: /static/js/main.js
WARNING 2025-12-06 16:12:23,068 basehttp "GET /static/js/main.js HTTP/1.1" 404 25863
INFO 2025-12-06 16:14:23,084 autoreload Watching for file changes with StatReloader
ERROR 2025-12-06 16:14:28,265 log Internal Server Error: /hadith/52/
Traceback (most recent call last):
  File "C:\Users\T\AppData\Local\Programs\Python\Python311\Lib\site-packages\django\core\handlers\exception.py", line 55, in inner
    response = get_response(request)
               ^^^^^^^^^^^^^^^^^^^^^
  File "C:\Users\T\AppData\Local\Programs\Python\Python311\Lib\site-packages\django\core\handlers\base.py", line 220, in _get_response
    response = response.render()
               ^^^^^^^^^^^^^^^^^
  File "C:\Users\T\AppData\Local\Programs\Python\Python311\Lib\site-packages\django\template\response.py", line 114, in render
    self.content = self.rendered_content
                   ^^^^^^^^^^^^^^^^^^^^^
  File "C:\Users\T\AppData\Local\Programs\Python\Python311\Lib\site-packages\django\template\response.py", line 92, in rendered_content
    return template.render(context, self._request)
           ^^^^^^^^^^^^^^^^^^^^^^^^^^^^^^^^^^^^^^^
  File "C:\Users\T\AppData\Local\Programs\Python\Python311\Lib\site-packages\django\template\backends\django.py", line 61, in render
    return self.template.render(context)
           ^^^^^^^^^^^^^^^^^^^^^^^^^^^^^
  File "C:\Users\T\AppData\Local\Programs\Python\Python311\Lib\site-packages\django\template\base.py", line 175, in render
    return self._render(context)
           ^^^^^^^^^^^^^^^^^^^^^
  File "C:\Users\T\AppData\Local\Programs\Python\Python311\Lib\site-packages\django\template\base.py", line 167, in _render
    return self.nodelist.render(context)
           ^^^^^^^^^^^^^^^^^^^^^^^^^^^^^
  File "C:\Users\T\AppData\Local\Programs\Python\Python311\Lib\site-packages\django\template\base.py", line 1005, in render
    return SafeString("".join([node.render_annotated(context) for node in self]))
                              ^^^^^^^^^^^^^^^^^^^^^^^^^^^^^^^^^^^^^^^^^^^^^^^^^
  File "C:\Users\T\AppData\Local\Programs\Python\Python311\Lib\site-packages\django\template\base.py", line 1005, in <listcomp>
    return SafeString("".join([node.render_annotated(context) for node in self]))
                               ^^^^^^^^^^^^^^^^^^^^^^^^^^^^^^
  File "C:\Users\T\AppData\Local\Programs\Python\Python311\Lib\site-packages\django\template\base.py", line 966, in render_annotated
    return self.render(context)
           ^^^^^^^^^^^^^^^^^^^^
  File "C:\Users\T\AppData\Local\Programs\Python\Python311\Lib\site-packages\django\template\loader_tags.py", line 157, in render
    return compiled_parent._render(context)
           ^^^^^^^^^^^^^^^^^^^^^^^^^^^^^^^^
  File "C:\Users\T\AppData\Local\Programs\Python\Python311\Lib\site-packages\django\template\base.py", line 167, in _render
    return self.nodelist.render(context)
           ^^^^^^^^^^^^^^^^^^^^^^^^^^^^^
  File "C:\Users\T\AppData\Local\Programs\Python\Python311\Lib\site-packages\django\template\base.py", line 1005, in render
    return SafeString("".join([node.render_annotated(context) for node in self]))
                              ^^^^^^^^^^^^^^^^^^^^^^^^^^^^^^^^^^^^^^^^^^^^^^^^^
  File "C:\Users\T\AppData\Local\Programs\Python\Python311\Lib\site-packages\django\template\base.py", line 1005, in <listcomp>
    return SafeString("".join([node.render_annotated(context) for node in self]))
                               ^^^^^^^^^^^^^^^^^^^^^^^^^^^^^^
  File "C:\Users\T\AppData\Local\Programs\Python\Python311\Lib\site-packages\django\template\base.py", line 966, in render_annotated
    return self.render(context)
           ^^^^^^^^^^^^^^^^^^^^
  File "C:\Users\T\AppData\Local\Programs\Python\Python311\Lib\site-packages\django\template\loader_tags.py", line 63, in render
    result = block.nodelist.render(context)
             ^^^^^^^^^^^^^^^^^^^^^^^^^^^^^^
  File "C:\Users\T\AppData\Local\Programs\Python\Python311\Lib\site-packages\django\template\base.py", line 1005, in render
    return SafeString("".join([node.render_annotated(context) for node in self]))
                              ^^^^^^^^^^^^^^^^^^^^^^^^^^^^^^^^^^^^^^^^^^^^^^^^^
  File "C:\Users\T\AppData\Local\Programs\Python\Python311\Lib\site-packages\django\template\base.py", line 1005, in <listcomp>
    return SafeString("".join([node.render_annotated(context) for node in self]))
                               ^^^^^^^^^^^^^^^^^^^^^^^^^^^^^^
  File "C:\Users\T\AppData\Local\Programs\Python\Python311\Lib\site-packages\django\template\base.py", line 966, in render_annotated
    return self.render(context)
           ^^^^^^^^^^^^^^^^^^^^
  File "C:\Users\T\AppData\Local\Programs\Python\Python311\Lib\site-packages\django\template\defaulttags.py", line 471, in render
    url = reverse(view_name, args=args, kwargs=kwargs, current_app=current_app)
          ^^^^^^^^^^^^^^^^^^^^^^^^^^^^^^^^^^^^^^^^^^^^^^^^^^^^^^^^^^^^^^^^^^^^^
  File "C:\Users\T\AppData\Local\Programs\Python\Python311\Lib\site-packages\django\urls\base.py", line 88, in reverse
    return resolver._reverse_with_prefix(view, prefix, *args, **kwargs)
           ^^^^^^^^^^^^^^^^^^^^^^^^^^^^^^^^^^^^^^^^^^^^^^^^^^^^^^^^^^^^
  File "C:\Users\T\AppData\Local\Programs\Python\Python311\Lib\site-packages\django\urls\resolvers.py", line 828, in _reverse_with_prefix
    raise NoReverseMatch(msg)
django.urls.exceptions.NoReverseMatch: Reverse for 'sanad_create' not found. 'sanad_create' is not a valid view function or pattern name.
ERROR 2025-12-06 16:14:28,290 basehttp "GET /hadith/52/ HTTP/1.1" 500 25988
WARNING 2025-12-06 16:14:28,449 log Not Found: /static/css/style.css
WARNING 2025-12-06 16:14:28,454 basehttp "GET /static/css/style.css HTTP/1.1" 404 25863
WARNING 2025-12-06 16:14:28,542 log Not Found: /static/js/main.js
WARNING 2025-12-06 16:14:28,544 basehttp "GET /static/js/main.js HTTP/1.1" 404 25863
ERROR 2025-12-06 16:14:34,090 log Internal Server Error: /hadith/52/
Traceback (most recent call last):
  File "C:\Users\T\AppData\Local\Programs\Python\Python311\Lib\site-packages\django\core\handlers\exception.py", line 55, in inner
    response = get_response(request)
               ^^^^^^^^^^^^^^^^^^^^^
  File "C:\Users\T\AppData\Local\Programs\Python\Python311\Lib\site-packages\django\core\handlers\base.py", line 220, in _get_response
    response = response.render()
               ^^^^^^^^^^^^^^^^^
  File "C:\Users\T\AppData\Local\Programs\Python\Python311\Lib\site-packages\django\template\response.py", line 114, in render
    self.content = self.rendered_content
                   ^^^^^^^^^^^^^^^^^^^^^
  File "C:\Users\T\AppData\Local\Programs\Python\Python311\Lib\site-packages\django\template\response.py", line 92, in rendered_content
    return template.render(context, self._request)
           ^^^^^^^^^^^^^^^^^^^^^^^^^^^^^^^^^^^^^^^
  File "C:\Users\T\AppData\Local\Programs\Python\Python311\Lib\site-packages\django\template\backends\django.py", line 61, in render
    return self.template.render(context)
           ^^^^^^^^^^^^^^^^^^^^^^^^^^^^^
  File "C:\Users\T\AppData\Local\Programs\Python\Python311\Lib\site-packages\django\template\base.py", line 175, in render
    return self._render(context)
           ^^^^^^^^^^^^^^^^^^^^^
  File "C:\Users\T\AppData\Local\Programs\Python\Python311\Lib\site-packages\django\template\base.py", line 167, in _render
    return self.nodelist.render(context)
           ^^^^^^^^^^^^^^^^^^^^^^^^^^^^^
  File "C:\Users\T\AppData\Local\Programs\Python\Python311\Lib\site-packages\django\template\base.py", line 1005, in render
    return SafeString("".join([node.render_annotated(context) for node in self]))
                              ^^^^^^^^^^^^^^^^^^^^^^^^^^^^^^^^^^^^^^^^^^^^^^^^^
  File "C:\Users\T\AppData\Local\Programs\Python\Python311\Lib\site-packages\django\template\base.py", line 1005, in <listcomp>
    return SafeString("".join([node.render_annotated(context) for node in self]))
                               ^^^^^^^^^^^^^^^^^^^^^^^^^^^^^^
  File "C:\Users\T\AppData\Local\Programs\Python\Python311\Lib\site-packages\django\template\base.py", line 966, in render_annotated
    return self.render(context)
           ^^^^^^^^^^^^^^^^^^^^
  File "C:\Users\T\AppData\Local\Programs\Python\Python311\Lib\site-packages\django\template\loader_tags.py", line 157, in render
    return compiled_parent._render(context)
           ^^^^^^^^^^^^^^^^^^^^^^^^^^^^^^^^
  File "C:\Users\T\AppData\Local\Programs\Python\Python311\Lib\site-packages\django\template\base.py", line 167, in _render
    return self.nodelist.render(context)
           ^^^^^^^^^^^^^^^^^^^^^^^^^^^^^
  File "C:\Users\T\AppData\Local\Programs\Python\Python311\Lib\site-packages\django\template\base.py", line 1005, in render
    return SafeString("".join([node.render_annotated(context) for node in self]))
                              ^^^^^^^^^^^^^^^^^^^^^^^^^^^^^^^^^^^^^^^^^^^^^^^^^
  File "C:\Users\T\AppData\Local\Programs\Python\Python311\Lib\site-packages\django\template\base.py", line 1005, in <listcomp>
    return SafeString("".join([node.render_annotated(context) for node in self]))
                               ^^^^^^^^^^^^^^^^^^^^^^^^^^^^^^
  File "C:\Users\T\AppData\Local\Programs\Python\Python311\Lib\site-packages\django\template\base.py", line 966, in render_annotated
    return self.render(context)
           ^^^^^^^^^^^^^^^^^^^^
  File "C:\Users\T\AppData\Local\Programs\Python\Python311\Lib\site-packages\django\template\loader_tags.py", line 63, in render
    result = block.nodelist.render(context)
             ^^^^^^^^^^^^^^^^^^^^^^^^^^^^^^
  File "C:\Users\T\AppData\Local\Programs\Python\Python311\Lib\site-packages\django\template\base.py", line 1005, in render
    return SafeString("".join([node.render_annotated(context) for node in self]))
                              ^^^^^^^^^^^^^^^^^^^^^^^^^^^^^^^^^^^^^^^^^^^^^^^^^
  File "C:\Users\T\AppData\Local\Programs\Python\Python311\Lib\site-packages\django\template\base.py", line 1005, in <listcomp>
    return SafeString("".join([node.render_annotated(context) for node in self]))
                               ^^^^^^^^^^^^^^^^^^^^^^^^^^^^^^
  File "C:\Users\T\AppData\Local\Programs\Python\Python311\Lib\site-packages\django\template\base.py", line 966, in render_annotated
    return self.render(context)
           ^^^^^^^^^^^^^^^^^^^^
  File "C:\Users\T\AppData\Local\Programs\Python\Python311\Lib\site-packages\django\template\defaulttags.py", line 471, in render
    url = reverse(view_name, args=args, kwargs=kwargs, current_app=current_app)
          ^^^^^^^^^^^^^^^^^^^^^^^^^^^^^^^^^^^^^^^^^^^^^^^^^^^^^^^^^^^^^^^^^^^^^
  File "C:\Users\T\AppData\Local\Programs\Python\Python311\Lib\site-packages\django\urls\base.py", line 88, in reverse
    return resolver._reverse_with_prefix(view, prefix, *args, **kwargs)
           ^^^^^^^^^^^^^^^^^^^^^^^^^^^^^^^^^^^^^^^^^^^^^^^^^^^^^^^^^^^^
  File "C:\Users\T\AppData\Local\Programs\Python\Python311\Lib\site-packages\django\urls\resolvers.py", line 828, in _reverse_with_prefix
    raise NoReverseMatch(msg)
django.urls.exceptions.NoReverseMatch: Reverse for 'sanad_create' not found. 'sanad_create' is not a valid view function or pattern name.
ERROR 2025-12-06 16:14:34,106 basehttp "GET /hadith/52/ HTTP/1.1" 500 25988
WARNING 2025-12-06 16:14:34,353 log Not Found: /static/js/main.js
WARNING 2025-12-06 16:14:34,359 basehttp "GET /static/js/main.js HTTP/1.1" 404 25863
WARNING 2025-12-06 16:14:34,567 log Not Found: /static/css/style.css
WARNING 2025-12-06 16:14:34,591 basehttp "GET /static/css/style.css HTTP/1.1" 404 25863
WARNING 2025-12-06 16:14:34,991 log Not Found: /static/js/main.js
WARNING 2025-12-06 16:14:35,000 basehttp "GET /static/js/main.js HTTP/1.1" 404 25863
INFO 2025-12-06 16:14:49,163 basehttp "GET /hadith/14 HTTP/1.1" 301 0
ERROR 2025-12-06 16:14:49,270 log Internal Server Error: /hadith/14/
Traceback (most recent call last):
  File "C:\Users\T\AppData\Local\Programs\Python\Python311\Lib\site-packages\django\core\handlers\exception.py", line 55, in inner
    response = get_response(request)
               ^^^^^^^^^^^^^^^^^^^^^
  File "C:\Users\T\AppData\Local\Programs\Python\Python311\Lib\site-packages\django\core\handlers\base.py", line 220, in _get_response
    response = response.render()
               ^^^^^^^^^^^^^^^^^
  File "C:\Users\T\AppData\Local\Programs\Python\Python311\Lib\site-packages\django\template\response.py", line 114, in render
    self.content = self.rendered_content
                   ^^^^^^^^^^^^^^^^^^^^^
  File "C:\Users\T\AppData\Local\Programs\Python\Python311\Lib\site-packages\django\template\response.py", line 92, in rendered_content
    return template.render(context, self._request)
           ^^^^^^^^^^^^^^^^^^^^^^^^^^^^^^^^^^^^^^^
  File "C:\Users\T\AppData\Local\Programs\Python\Python311\Lib\site-packages\django\template\backends\django.py", line 61, in render
    return self.template.render(context)
           ^^^^^^^^^^^^^^^^^^^^^^^^^^^^^
  File "C:\Users\T\AppData\Local\Programs\Python\Python311\Lib\site-packages\django\template\base.py", line 175, in render
    return self._render(context)
           ^^^^^^^^^^^^^^^^^^^^^
  File "C:\Users\T\AppData\Local\Programs\Python\Python311\Lib\site-packages\django\template\base.py", line 167, in _render
    return self.nodelist.render(context)
           ^^^^^^^^^^^^^^^^^^^^^^^^^^^^^
  File "C:\Users\T\AppData\Local\Programs\Python\Python311\Lib\site-packages\django\template\base.py", line 1005, in render
    return SafeString("".join([node.render_annotated(context) for node in self]))
                              ^^^^^^^^^^^^^^^^^^^^^^^^^^^^^^^^^^^^^^^^^^^^^^^^^
  File "C:\Users\T\AppData\Local\Programs\Python\Python311\Lib\site-packages\django\template\base.py", line 1005, in <listcomp>
    return SafeString("".join([node.render_annotated(context) for node in self]))
                               ^^^^^^^^^^^^^^^^^^^^^^^^^^^^^^
  File "C:\Users\T\AppData\Local\Programs\Python\Python311\Lib\site-packages\django\template\base.py", line 966, in render_annotated
    return self.render(context)
           ^^^^^^^^^^^^^^^^^^^^
  File "C:\Users\T\AppData\Local\Programs\Python\Python311\Lib\site-packages\django\template\loader_tags.py", line 157, in render
    return compiled_parent._render(context)
           ^^^^^^^^^^^^^^^^^^^^^^^^^^^^^^^^
  File "C:\Users\T\AppData\Local\Programs\Python\Python311\Lib\site-packages\django\template\base.py", line 167, in _render
    return self.nodelist.render(context)
           ^^^^^^^^^^^^^^^^^^^^^^^^^^^^^
  File "C:\Users\T\AppData\Local\Programs\Python\Python311\Lib\site-packages\django\template\base.py", line 1005, in render
    return SafeString("".join([node.render_annotated(context) for node in self]))
                              ^^^^^^^^^^^^^^^^^^^^^^^^^^^^^^^^^^^^^^^^^^^^^^^^^
  File "C:\Users\T\AppData\Local\Programs\Python\Python311\Lib\site-packages\django\template\base.py", line 1005, in <listcomp>
    return SafeString("".join([node.render_annotated(context) for node in self]))
                               ^^^^^^^^^^^^^^^^^^^^^^^^^^^^^^
  File "C:\Users\T\AppData\Local\Programs\Python\Python311\Lib\site-packages\django\template\base.py", line 966, in render_annotated
    return self.render(context)
           ^^^^^^^^^^^^^^^^^^^^
  File "C:\Users\T\AppData\Local\Programs\Python\Python311\Lib\site-packages\django\template\loader_tags.py", line 63, in render
    result = block.nodelist.render(context)
             ^^^^^^^^^^^^^^^^^^^^^^^^^^^^^^
  File "C:\Users\T\AppData\Local\Programs\Python\Python311\Lib\site-packages\django\template\base.py", line 1005, in render
    return SafeString("".join([node.render_annotated(context) for node in self]))
                              ^^^^^^^^^^^^^^^^^^^^^^^^^^^^^^^^^^^^^^^^^^^^^^^^^
  File "C:\Users\T\AppData\Local\Programs\Python\Python311\Lib\site-packages\django\template\base.py", line 1005, in <listcomp>
    return SafeString("".join([node.render_annotated(context) for node in self]))
                               ^^^^^^^^^^^^^^^^^^^^^^^^^^^^^^
  File "C:\Users\T\AppData\Local\Programs\Python\Python311\Lib\site-packages\django\template\base.py", line 966, in render_annotated
    return self.render(context)
           ^^^^^^^^^^^^^^^^^^^^
  File "C:\Users\T\AppData\Local\Programs\Python\Python311\Lib\site-packages\django\template\defaulttags.py", line 471, in render
    url = reverse(view_name, args=args, kwargs=kwargs, current_app=current_app)
          ^^^^^^^^^^^^^^^^^^^^^^^^^^^^^^^^^^^^^^^^^^^^^^^^^^^^^^^^^^^^^^^^^^^^^
  File "C:\Users\T\AppData\Local\Programs\Python\Python311\Lib\site-packages\django\urls\base.py", line 88, in reverse
    return resolver._reverse_with_prefix(view, prefix, *args, **kwargs)
           ^^^^^^^^^^^^^^^^^^^^^^^^^^^^^^^^^^^^^^^^^^^^^^^^^^^^^^^^^^^^
  File "C:\Users\T\AppData\Local\Programs\Python\Python311\Lib\site-packages\django\urls\resolvers.py", line 828, in _reverse_with_prefix
    raise NoReverseMatch(msg)
django.urls.exceptions.NoReverseMatch: Reverse for 'sanad_create' not found. 'sanad_create' is not a valid view function or pattern name.
ERROR 2025-12-06 16:14:49,310 basehttp "GET /hadith/14/ HTTP/1.1" 500 25988
WARNING 2025-12-06 16:14:49,637 log Not Found: /static/css/style.css
WARNING 2025-12-06 16:14:49,641 basehttp "GET /static/css/style.css HTTP/1.1" 404 25863
WARNING 2025-12-06 16:14:49,738 log Not Found: /static/js/main.js
WARNING 2025-12-06 16:14:49,743 basehttp "GET /static/js/main.js HTTP/1.1" 404 25863
INFO 2025-12-06 16:16:12,772 autoreload Watching for file changes with StatReloader
INFO 2025-12-06 16:16:17,523 basehttp "GET /hadith/14/ HTTP/1.1" 200 28363
WARNING 2025-12-06 16:16:17,736 log Not Found: /static/css/style.css
WARNING 2025-12-06 16:16:17,738 basehttp "GET /static/css/style.css HTTP/1.1" 404 25863
WARNING 2025-12-06 16:16:17,824 log Not Found: /static/js/main.js
WARNING 2025-12-06 16:16:17,825 basehttp "GET /static/js/main.js HTTP/1.1" 404 25863
INFO 2025-12-06 16:16:26,987 basehttp "GET /hadith/14/update/ HTTP/1.1" 200 32138
WARNING 2025-12-06 16:16:27,288 log Not Found: /static/css/style.css
WARNING 2025-12-06 16:16:27,297 basehttp "GET /static/css/style.css HTTP/1.1" 404 25863
WARNING 2025-12-06 16:16:27,371 log Not Found: /static/js/main.js
WARNING 2025-12-06 16:16:27,374 basehttp "GET /static/js/main.js HTTP/1.1" 404 25863
INFO 2025-12-06 16:16:37,112 basehttp "POST /hadith/14/update/ HTTP/1.1" 302 0
INFO 2025-12-06 16:16:37,314 basehttp "GET /hadith/ HTTP/1.1" 200 55061
WARNING 2025-12-06 16:16:37,416 log Not Found: /static/css/style.css
WARNING 2025-12-06 16:16:37,418 basehttp "GET /static/css/style.css HTTP/1.1" 404 25863
WARNING 2025-12-06 16:16:37,510 log Not Found: /static/js/main.js
WARNING 2025-12-06 16:16:37,512 basehttp "GET /static/js/main.js HTTP/1.1" 404 25863
INFO 2025-12-06 16:16:39,701 basehttp "GET /hadith/52/ HTTP/1.1" 200 27607
WARNING 2025-12-06 16:16:40,064 log Not Found: /static/css/style.css
WARNING 2025-12-06 16:16:40,066 basehttp "GET /static/css/style.css HTTP/1.1" 404 25863
WARNING 2025-12-06 16:16:40,206 log Not Found: /static/js/main.js
WARNING 2025-12-06 16:16:40,213 basehttp "GET /static/js/main.js HTTP/1.1" 404 25863
WARNING 2025-12-06 16:16:40,288 log Not Found: /static/js/main.js
WARNING 2025-12-06 16:16:40,289 basehttp "GET /static/js/main.js HTTP/1.1" 404 25863
WARNING 2025-12-06 16:19:57,101 log Not Found: /hadith/52/
WARNING 2025-12-06 16:19:57,103 basehttp "GET /hadith/52/ HTTP/1.1" 404 25863
WARNING 2025-12-06 16:19:57,381 log Not Found: /static/css/style.css
WARNING 2025-12-06 16:19:57,385 basehttp "GET /static/css/style.css HTTP/1.1" 404 25863
WARNING 2025-12-06 16:19:57,604 log Not Found: /static/js/main.js
WARNING 2025-12-06 16:19:57,607 basehttp "GET /static/js/main.js HTTP/1.1" 404 25863
INFO 2025-12-06 16:20:13,041 basehttp "GET / HTTP/1.1" 200 26876
WARNING 2025-12-06 16:20:13,244 log Not Found: /static/css/style.css
WARNING 2025-12-06 16:20:13,292 basehttp "GET /static/css/style.css HTTP/1.1" 404 25863
WARNING 2025-12-06 16:20:13,322 log Not Found: /static/js/main.js
WARNING 2025-12-06 16:20:13,326 basehttp "GET /static/js/main.js HTTP/1.1" 404 25863
INFO 2025-12-06 16:20:16,300 basehttp "GET /hadith/ HTTP/1.1" 200 55113
WARNING 2025-12-06 16:20:16,404 log Not Found: /static/js/main.js
WARNING 2025-12-06 16:20:16,414 basehttp "GET /static/js/main.js HTTP/1.1" 404 25863
WARNING 2025-12-06 16:20:16,486 log Not Found: /static/css/style.css
WARNING 2025-12-06 16:20:16,489 basehttp "GET /static/css/style.css HTTP/1.1" 404 25863
WARNING 2025-12-06 16:20:16,637 log Not Found: /static/js/main.js
WARNING 2025-12-06 16:20:16,639 basehttp "GET /static/js/main.js HTTP/1.1" 404 25863
INFO 2025-12-06 16:20:18,662 basehttp "GET /hadith/135/ HTTP/1.1" 200 27237
WARNING 2025-12-06 16:20:18,931 log Not Found: /static/css/style.css
WARNING 2025-12-06 16:20:18,934 basehttp "GET /static/css/style.css HTTP/1.1" 404 25863
WARNING 2025-12-06 16:20:19,010 log Not Found: /static/js/main.js
WARNING 2025-12-06 16:20:19,012 basehttp "GET /static/js/main.js HTTP/1.1" 404 25863
INFO 2025-12-06 16:20:31,656 basehttp "GET /hadith/ HTTP/1.1" 200 55113
WARNING 2025-12-06 16:20:31,747 log Not Found: /static/css/style.css
WARNING 2025-12-06 16:20:31,747 basehttp "GET /static/css/style.css HTTP/1.1" 404 25863
WARNING 2025-12-06 16:20:31,792 log Not Found: /static/js/main.js
WARNING 2025-12-06 16:20:31,794 basehttp "GET /static/js/main.js HTTP/1.1" 404 25863
INFO 2025-12-06 16:20:41,829 basehttp "GET /hadith/?page=3 HTTP/1.1" 200 37129
WARNING 2025-12-06 16:20:41,926 log Not Found: /static/js/main.js
WARNING 2025-12-06 16:20:41,926 basehttp "GET /static/js/main.js HTTP/1.1" 404 25863
WARNING 2025-12-06 16:20:41,958 log Not Found: /static/css/style.css
WARNING 2025-12-06 16:20:41,960 basehttp "GET /static/css/style.css HTTP/1.1" 404 25863
WARNING 2025-12-06 16:20:42,039 log Not Found: /static/js/main.js
WARNING 2025-12-06 16:20:42,042 basehttp "GET /static/js/main.js HTTP/1.1" 404 25863
WARNING 2025-12-06 16:26:36,819 log Forbidden (CSRF token from POST incorrect.): /admin/login/
WARNING 2025-12-06 16:26:36,896 basehttp "POST /admin/login/?next=/admin/ HTTP/1.1" 403 1081
WARNING 2025-12-06 16:26:43,496 log Forbidden (CSRF token from POST incorrect.): /admin/login/
WARNING 2025-12-06 16:26:43,554 basehttp "POST /admin/login/?next=/admin/ HTTP/1.1" 403 1081
WARNING 2025-12-06 16:26:43,648 log Not Found: /favicon.ico
INFO 2025-12-06 16:26:43,709 basehttp - Broken pipe from ('127.0.0.1', 49542)
INFO 2025-12-06 16:27:00,128 basehttp "GET /hadith/?grade=hasan&category= HTTP/1.1" 200 31153
WARNING 2025-12-06 16:27:00,252 log Not Found: /static/css/style.css
WARNING 2025-12-06 16:27:00,255 basehttp "GET /static/css/style.css HTTP/1.1" 404 25863
WARNING 2025-12-06 16:27:00,324 log Not Found: /static/js/main.js
WARNING 2025-12-06 16:27:00,324 basehttp "GET /static/js/main.js HTTP/1.1" 404 25863
WARNING 2025-12-06 16:27:00,407 log Not Found: /favicon.ico
INFO 2025-12-06 16:27:00,412 basehttp - Broken pipe from ('127.0.0.1', 49571)
INFO 2025-12-06 16:27:15,807 basehttp "GET /library/ HTTP/1.1" 200 30851
WARNING 2025-12-06 16:27:16,032 log Not Found: /static/css/style.css
WARNING 2025-12-06 16:27:16,035 basehttp "GET /static/css/style.css HTTP/1.1" 404 25863
WARNING 2025-12-06 16:27:16,114 log Not Found: /static/js/main.js
WARNING 2025-12-06 16:27:16,119 basehttp "GET /static/js/main.js HTTP/1.1" 404 25863
WARNING 2025-12-06 16:27:16,189 log Not Found: /favicon.ico
INFO 2025-12-06 16:27:16,193 basehttp - Broken pipe from ('127.0.0.1', 49591)
INFO 2025-12-06 16:27:18,891 basehttp "GET /library/document/create/ HTTP/1.1" 200 28686
WARNING 2025-12-06 16:27:19,028 log Not Found: /static/css/style.css
WARNING 2025-12-06 16:27:19,037 basehttp "GET /static/css/style.css HTTP/1.1" 404 25863
WARNING 2025-12-06 16:27:19,109 log Not Found: /static/js/main.js
WARNING 2025-12-06 16:27:19,112 basehttp "GET /static/js/main.js HTTP/1.1" 404 25863
INFO 2025-12-06 16:27:59,903 basehttp "POST /library/document/create/ HTTP/1.1" 302 0
INFO 2025-12-06 16:28:01,393 basehttp "GET /library/ HTTP/1.1" 200 32722
WARNING 2025-12-06 16:28:02,635 log Not Found: /static/js/main.js
WARNING 2025-12-06 16:28:02,635 basehttp "GET /static/js/main.js HTTP/1.1" 404 25863
WARNING 2025-12-06 16:28:03,067 log Not Found: /static/css/style.css
WARNING 2025-12-06 16:28:03,069 basehttp "GET /static/css/style.css HTTP/1.1" 404 25863
WARNING 2025-12-06 16:28:03,373 log Not Found: /static/js/main.js
WARNING 2025-12-06 16:28:03,375 basehttp "GET /static/js/main.js HTTP/1.1" 404 25863
INFO 2025-12-06 16:28:07,246 basehttp "GET /library/document/3/ HTTP/1.1" 200 33235
WARNING 2025-12-06 16:28:08,038 log Not Found: /static/css/style.css
WARNING 2025-12-06 16:28:08,038 basehttp "GET /static/css/style.css HTTP/1.1" 404 25863
WARNING 2025-12-06 16:28:08,416 log Not Found: /media/library/\u0643\u062a\u0627\u0628/2025/_79565.pdf
WARNING 2025-12-06 16:28:08,421 basehttp "GET /media/library/%D9%83%D8%AA%D8%A7%D8%A8/2025/_79565.pdf HTTP/1.1" 404 25863
WARNING 2025-12-06 16:28:09,042 log Not Found: /static/js/main.js
WARNING 2025-12-06 16:28:09,045 basehttp "GET /static/js/main.js HTTP/1.1" 404 25863
WARNING 2025-12-06 16:28:09,605 log Not Found: /static/css/style.css
WARNING 2025-12-06 16:28:09,609 basehttp "GET /static/css/style.css HTTP/1.1" 404 25863
WARNING 2025-12-06 16:28:10,111 log Not Found: /static/js/main.js
WARNING 2025-12-06 16:28:10,111 basehttp "GET /static/js/main.js HTTP/1.1" 404 25863
ERROR 2025-12-06 16:30:22,206 log Invalid HTTP_HOST header: 'testserver'. You may need to add 'testserver' to ALLOWED_HOSTS.
Traceback (most recent call last):
  File "C:\Users\T\AppData\Local\Programs\Python\Python311\Lib\site-packages\django\core\handlers\exception.py", line 55, in inner
    response = get_response(request)
               ^^^^^^^^^^^^^^^^^^^^^
  File "C:\Users\T\AppData\Local\Programs\Python\Python311\Lib\site-packages\django\utils\deprecation.py", line 133, in __call__
    response = self.process_request(request)
               ^^^^^^^^^^^^^^^^^^^^^^^^^^^^^
  File "C:\Users\T\AppData\Local\Programs\Python\Python311\Lib\site-packages\django\middleware\common.py", line 48, in process_request
    host = request.get_host()
           ^^^^^^^^^^^^^^^^^^
  File "C:\Users\T\AppData\Local\Programs\Python\Python311\Lib\site-packages\django\http\request.py", line 150, in get_host
    raise DisallowedHost(msg)
django.core.exceptions.DisallowedHost: Invalid HTTP_HOST header: 'testserver'. You may need to add 'testserver' to ALLOWED_HOSTS.
INFO 2025-12-06 16:30:41,459 autoreload D:\sanad-system\sanad_system\library_app\views.py changed, reloading.
INFO 2025-12-06 16:30:44,061 autoreload Watching for file changes with StatReloader
ERROR 2025-12-06 16:31:20,606 log Internal Server Error: /library/document/3/
Traceback (most recent call last):
  File "C:\Users\T\AppData\Local\Programs\Python\Python311\Lib\site-packages\django\core\handlers\exception.py", line 55, in inner
    response = get_response(request)
               ^^^^^^^^^^^^^^^^^^^^^
  File "C:\Users\T\AppData\Local\Programs\Python\Python311\Lib\site-packages\django\core\handlers\base.py", line 220, in _get_response
    response = response.render()
               ^^^^^^^^^^^^^^^^^
  File "C:\Users\T\AppData\Local\Programs\Python\Python311\Lib\site-packages\django\template\response.py", line 114, in render
    self.content = self.rendered_content
                   ^^^^^^^^^^^^^^^^^^^^^
  File "C:\Users\T\AppData\Local\Programs\Python\Python311\Lib\site-packages\django\template\response.py", line 90, in rendered_content
    template = self.resolve_template(self.template_name)
               ^^^^^^^^^^^^^^^^^^^^^^^^^^^^^^^^^^^^^^^^^
  File "C:\Users\T\AppData\Local\Programs\Python\Python311\Lib\site-packages\django\template\response.py", line 72, in resolve_template
    return select_template(template, using=self.using)
           ^^^^^^^^^^^^^^^^^^^^^^^^^^^^^^^^^^^^^^^^^^^
  File "C:\Users\T\AppData\Local\Programs\Python\Python311\Lib\site-packages\django\template\loader.py", line 42, in select_template
    return engine.get_template(template_name)
           ^^^^^^^^^^^^^^^^^^^^^^^^^^^^^^^^^^
  File "C:\Users\T\AppData\Local\Programs\Python\Python311\Lib\site-packages\django\template\backends\django.py", line 33, in get_template
    return Template(self.engine.get_template(template_name), self)
                    ^^^^^^^^^^^^^^^^^^^^^^^^^^^^^^^^^^^^^^^
  File "C:\Users\T\AppData\Local\Programs\Python\Python311\Lib\site-packages\django\template\engine.py", line 175, in get_template
    template, origin = self.find_template(template_name)
                       ^^^^^^^^^^^^^^^^^^^^^^^^^^^^^^^^^
  File "C:\Users\T\AppData\Local\Programs\Python\Python311\Lib\site-packages\django\template\engine.py", line 157, in find_template
    template = loader.get_template(name, skip=skip)
               ^^^^^^^^^^^^^^^^^^^^^^^^^^^^^^^^^^^^
  File "C:\Users\T\AppData\Local\Programs\Python\Python311\Lib\site-packages\django\template\loaders\cached.py", line 57, in get_template
    template = super().get_template(template_name, skip)
               ^^^^^^^^^^^^^^^^^^^^^^^^^^^^^^^^^^^^^^^^^
  File "C:\Users\T\AppData\Local\Programs\Python\Python311\Lib\site-packages\django\template\loaders\base.py", line 28, in get_template
    return Template(
           ^^^^^^^^^
  File "C:\Users\T\AppData\Local\Programs\Python\Python311\Lib\site-packages\django\template\base.py", line 154, in __init__
    self.nodelist = self.compile_nodelist()
                    ^^^^^^^^^^^^^^^^^^^^^^^
  File "C:\Users\T\AppData\Local\Programs\Python\Python311\Lib\site-packages\django\template\base.py", line 200, in compile_nodelist
    return parser.parse()
           ^^^^^^^^^^^^^^
  File "C:\Users\T\AppData\Local\Programs\Python\Python311\Lib\site-packages\django\template\base.py", line 513, in parse
    raise self.error(token, e)
  File "C:\Users\T\AppData\Local\Programs\Python\Python311\Lib\site-packages\django\template\base.py", line 511, in parse
    compiled_result = compile_func(self, token)
                      ^^^^^^^^^^^^^^^^^^^^^^^^^
  File "C:\Users\T\AppData\Local\Programs\Python\Python311\Lib\site-packages\django\template\loader_tags.py", line 293, in do_extends
    nodelist = parser.parse()
               ^^^^^^^^^^^^^^
  File "C:\Users\T\AppData\Local\Programs\Python\Python311\Lib\site-packages\django\template\base.py", line 513, in parse
    raise self.error(token, e)
  File "C:\Users\T\AppData\Local\Programs\Python\Python311\Lib\site-packages\django\template\base.py", line 511, in parse
    compiled_result = compile_func(self, token)
                      ^^^^^^^^^^^^^^^^^^^^^^^^^
  File "C:\Users\T\AppData\Local\Programs\Python\Python311\Lib\site-packages\django\template\loader_tags.py", line 232, in do_block
    nodelist = parser.parse(("endblock",))
               ^^^^^^^^^^^^^^^^^^^^^^^^^^^
  File "C:\Users\T\AppData\Local\Programs\Python\Python311\Lib\site-packages\django\template\base.py", line 518, in parse
    self.unclosed_block_tag(parse_until)
  File "C:\Users\T\AppData\Local\Programs\Python\Python311\Lib\site-packages\django\template\base.py", line 581, in unclosed_block_tag
    raise self.error(token, msg)
django.template.exceptions.TemplateSyntaxError: Unclosed tag on line 11: 'block'. Looking for one of: endblock.
ERROR 2025-12-06 16:31:20,629 basehttp "GET /library/document/3/ HTTP/1.1" 500 25988
WARNING 2025-12-06 16:31:20,717 log Not Found: /static/css/style.css
WARNING 2025-12-06 16:31:20,717 basehttp "GET /static/css/style.css HTTP/1.1" 404 25863
WARNING 2025-12-06 16:31:20,763 log Not Found: /static/js/main.js
WARNING 2025-12-06 16:31:20,763 basehttp "GET /static/js/main.js HTTP/1.1" 404 25863
ERROR 2025-12-06 16:31:22,178 log Internal Server Error: /library/document/3/
Traceback (most recent call last):
  File "C:\Users\T\AppData\Local\Programs\Python\Python311\Lib\site-packages\django\core\handlers\exception.py", line 55, in inner
    response = get_response(request)
               ^^^^^^^^^^^^^^^^^^^^^
  File "C:\Users\T\AppData\Local\Programs\Python\Python311\Lib\site-packages\django\core\handlers\base.py", line 220, in _get_response
    response = response.render()
               ^^^^^^^^^^^^^^^^^
  File "C:\Users\T\AppData\Local\Programs\Python\Python311\Lib\site-packages\django\template\response.py", line 114, in render
    self.content = self.rendered_content
                   ^^^^^^^^^^^^^^^^^^^^^
  File "C:\Users\T\AppData\Local\Programs\Python\Python311\Lib\site-packages\django\template\response.py", line 90, in rendered_content
    template = self.resolve_template(self.template_name)
               ^^^^^^^^^^^^^^^^^^^^^^^^^^^^^^^^^^^^^^^^^
  File "C:\Users\T\AppData\Local\Programs\Python\Python311\Lib\site-packages\django\template\response.py", line 72, in resolve_template
    return select_template(template, using=self.using)
           ^^^^^^^^^^^^^^^^^^^^^^^^^^^^^^^^^^^^^^^^^^^
  File "C:\Users\T\AppData\Local\Programs\Python\Python311\Lib\site-packages\django\template\loader.py", line 42, in select_template
    return engine.get_template(template_name)
           ^^^^^^^^^^^^^^^^^^^^^^^^^^^^^^^^^^
  File "C:\Users\T\AppData\Local\Programs\Python\Python311\Lib\site-packages\django\template\backends\django.py", line 33, in get_template
    return Template(self.engine.get_template(template_name), self)
                    ^^^^^^^^^^^^^^^^^^^^^^^^^^^^^^^^^^^^^^^
  File "C:\Users\T\AppData\Local\Programs\Python\Python311\Lib\site-packages\django\template\engine.py", line 175, in get_template
    template, origin = self.find_template(template_name)
                       ^^^^^^^^^^^^^^^^^^^^^^^^^^^^^^^^^
  File "C:\Users\T\AppData\Local\Programs\Python\Python311\Lib\site-packages\django\template\engine.py", line 157, in find_template
    template = loader.get_template(name, skip=skip)
               ^^^^^^^^^^^^^^^^^^^^^^^^^^^^^^^^^^^^
  File "C:\Users\T\AppData\Local\Programs\Python\Python311\Lib\site-packages\django\template\loaders\cached.py", line 57, in get_template
    template = super().get_template(template_name, skip)
               ^^^^^^^^^^^^^^^^^^^^^^^^^^^^^^^^^^^^^^^^^
  File "C:\Users\T\AppData\Local\Programs\Python\Python311\Lib\site-packages\django\template\loaders\base.py", line 28, in get_template
    return Template(
           ^^^^^^^^^
  File "C:\Users\T\AppData\Local\Programs\Python\Python311\Lib\site-packages\django\template\base.py", line 154, in __init__
    self.nodelist = self.compile_nodelist()
                    ^^^^^^^^^^^^^^^^^^^^^^^
  File "C:\Users\T\AppData\Local\Programs\Python\Python311\Lib\site-packages\django\template\base.py", line 200, in compile_nodelist
    return parser.parse()
           ^^^^^^^^^^^^^^
  File "C:\Users\T\AppData\Local\Programs\Python\Python311\Lib\site-packages\django\template\base.py", line 513, in parse
    raise self.error(token, e)
  File "C:\Users\T\AppData\Local\Programs\Python\Python311\Lib\site-packages\django\template\base.py", line 511, in parse
    compiled_result = compile_func(self, token)
                      ^^^^^^^^^^^^^^^^^^^^^^^^^
  File "C:\Users\T\AppData\Local\Programs\Python\Python311\Lib\site-packages\django\template\loader_tags.py", line 293, in do_extends
    nodelist = parser.parse()
               ^^^^^^^^^^^^^^
  File "C:\Users\T\AppData\Local\Programs\Python\Python311\Lib\site-packages\django\template\base.py", line 513, in parse
    raise self.error(token, e)
  File "C:\Users\T\AppData\Local\Programs\Python\Python311\Lib\site-packages\django\template\base.py", line 511, in parse
    compiled_result = compile_func(self, token)
                      ^^^^^^^^^^^^^^^^^^^^^^^^^
  File "C:\Users\T\AppData\Local\Programs\Python\Python311\Lib\site-packages\django\template\loader_tags.py", line 232, in do_block
    nodelist = parser.parse(("endblock",))
               ^^^^^^^^^^^^^^^^^^^^^^^^^^^
  File "C:\Users\T\AppData\Local\Programs\Python\Python311\Lib\site-packages\django\template\base.py", line 518, in parse
    self.unclosed_block_tag(parse_until)
  File "C:\Users\T\AppData\Local\Programs\Python\Python311\Lib\site-packages\django\template\base.py", line 581, in unclosed_block_tag
    raise self.error(token, msg)
django.template.exceptions.TemplateSyntaxError: Unclosed tag on line 11: 'block'. Looking for one of: endblock.
ERROR 2025-12-06 16:31:22,197 basehttp "GET /library/document/3/ HTTP/1.1" 500 25988
WARNING 2025-12-06 16:31:22,281 log Not Found: /static/css/style.css
WARNING 2025-12-06 16:31:22,282 basehttp "GET /static/css/style.css HTTP/1.1" 404 25863
WARNING 2025-12-06 16:31:22,313 log Not Found: /static/js/main.js
WARNING 2025-12-06 16:31:22,318 basehttp "GET /static/js/main.js HTTP/1.1" 404 25863
INFO 2025-12-06 16:31:25,545 basehttp "GET /library/ HTTP/1.1" 200 32510
WARNING 2025-12-06 16:31:25,655 log Not Found: /static/js/main.js
WARNING 2025-12-06 16:31:25,657 basehttp "GET /static/js/main.js HTTP/1.1" 404 25863
WARNING 2025-12-06 16:31:25,675 log Not Found: /static/css/style.css
WARNING 2025-12-06 16:31:25,680 basehttp "GET /static/css/style.css HTTP/1.1" 404 25863
WARNING 2025-12-06 16:31:25,741 log Not Found: /static/js/main.js
WARNING 2025-12-06 16:31:25,742 basehttp "GET /static/js/main.js HTTP/1.1" 404 25863
ERROR 2025-12-06 16:31:28,226 log Internal Server Error: /library/document/3/
Traceback (most recent call last):
  File "C:\Users\T\AppData\Local\Programs\Python\Python311\Lib\site-packages\django\core\handlers\exception.py", line 55, in inner
    response = get_response(request)
               ^^^^^^^^^^^^^^^^^^^^^
  File "C:\Users\T\AppData\Local\Programs\Python\Python311\Lib\site-packages\django\core\handlers\base.py", line 220, in _get_response
    response = response.render()
               ^^^^^^^^^^^^^^^^^
  File "C:\Users\T\AppData\Local\Programs\Python\Python311\Lib\site-packages\django\template\response.py", line 114, in render
    self.content = self.rendered_content
                   ^^^^^^^^^^^^^^^^^^^^^
  File "C:\Users\T\AppData\Local\Programs\Python\Python311\Lib\site-packages\django\template\response.py", line 90, in rendered_content
    template = self.resolve_template(self.template_name)
               ^^^^^^^^^^^^^^^^^^^^^^^^^^^^^^^^^^^^^^^^^
  File "C:\Users\T\AppData\Local\Programs\Python\Python311\Lib\site-packages\django\template\response.py", line 72, in resolve_template
    return select_template(template, using=self.using)
           ^^^^^^^^^^^^^^^^^^^^^^^^^^^^^^^^^^^^^^^^^^^
  File "C:\Users\T\AppData\Local\Programs\Python\Python311\Lib\site-packages\django\template\loader.py", line 42, in select_template
    return engine.get_template(template_name)
           ^^^^^^^^^^^^^^^^^^^^^^^^^^^^^^^^^^
  File "C:\Users\T\AppData\Local\Programs\Python\Python311\Lib\site-packages\django\template\backends\django.py", line 33, in get_template
    return Template(self.engine.get_template(template_name), self)
                    ^^^^^^^^^^^^^^^^^^^^^^^^^^^^^^^^^^^^^^^
  File "C:\Users\T\AppData\Local\Programs\Python\Python311\Lib\site-packages\django\template\engine.py", line 175, in get_template
    template, origin = self.find_template(template_name)
                       ^^^^^^^^^^^^^^^^^^^^^^^^^^^^^^^^^
  File "C:\Users\T\AppData\Local\Programs\Python\Python311\Lib\site-packages\django\template\engine.py", line 157, in find_template
    template = loader.get_template(name, skip=skip)
               ^^^^^^^^^^^^^^^^^^^^^^^^^^^^^^^^^^^^
  File "C:\Users\T\AppData\Local\Programs\Python\Python311\Lib\site-packages\django\template\loaders\cached.py", line 57, in get_template
    template = super().get_template(template_name, skip)
               ^^^^^^^^^^^^^^^^^^^^^^^^^^^^^^^^^^^^^^^^^
  File "C:\Users\T\AppData\Local\Programs\Python\Python311\Lib\site-packages\django\template\loaders\base.py", line 28, in get_template
    return Template(
           ^^^^^^^^^
  File "C:\Users\T\AppData\Local\Programs\Python\Python311\Lib\site-packages\django\template\base.py", line 154, in __init__
    self.nodelist = self.compile_nodelist()
                    ^^^^^^^^^^^^^^^^^^^^^^^
  File "C:\Users\T\AppData\Local\Programs\Python\Python311\Lib\site-packages\django\template\base.py", line 200, in compile_nodelist
    return parser.parse()
           ^^^^^^^^^^^^^^
  File "C:\Users\T\AppData\Local\Programs\Python\Python311\Lib\site-packages\django\template\base.py", line 513, in parse
    raise self.error(token, e)
  File "C:\Users\T\AppData\Local\Programs\Python\Python311\Lib\site-packages\django\template\base.py", line 511, in parse
    compiled_result = compile_func(self, token)
                      ^^^^^^^^^^^^^^^^^^^^^^^^^
  File "C:\Users\T\AppData\Local\Programs\Python\Python311\Lib\site-packages\django\template\loader_tags.py", line 293, in do_extends
    nodelist = parser.parse()
               ^^^^^^^^^^^^^^
  File "C:\Users\T\AppData\Local\Programs\Python\Python311\Lib\site-packages\django\template\base.py", line 513, in parse
    raise self.error(token, e)
  File "C:\Users\T\AppData\Local\Programs\Python\Python311\Lib\site-packages\django\template\base.py", line 511, in parse
    compiled_result = compile_func(self, token)
                      ^^^^^^^^^^^^^^^^^^^^^^^^^
  File "C:\Users\T\AppData\Local\Programs\Python\Python311\Lib\site-packages\django\template\loader_tags.py", line 232, in do_block
    nodelist = parser.parse(("endblock",))
               ^^^^^^^^^^^^^^^^^^^^^^^^^^^
  File "C:\Users\T\AppData\Local\Programs\Python\Python311\Lib\site-packages\django\template\base.py", line 518, in parse
    self.unclosed_block_tag(parse_until)
  File "C:\Users\T\AppData\Local\Programs\Python\Python311\Lib\site-packages\django\template\base.py", line 581, in unclosed_block_tag
    raise self.error(token, msg)
django.template.exceptions.TemplateSyntaxError: Unclosed tag on line 11: 'block'. Looking for one of: endblock.
ERROR 2025-12-06 16:31:28,242 basehttp "GET /library/document/3/ HTTP/1.1" 500 25988
WARNING 2025-12-06 16:31:28,342 log Not Found: /static/js/main.js
WARNING 2025-12-06 16:31:28,343 basehttp "GET /static/js/main.js HTTP/1.1" 404 25863
WARNING 2025-12-06 16:31:28,367 log Not Found: /static/css/style.css
WARNING 2025-12-06 16:31:28,369 basehttp "GET /static/css/style.css HTTP/1.1" 404 25863
WARNING 2025-12-06 16:31:28,421 log Not Found: /static/js/main.js
WARNING 2025-12-06 16:31:28,430 basehttp "GET /static/js/main.js HTTP/1.1" 404 25863
INFO 2025-12-06 16:31:43,369 autoreload Watching for file changes with StatReloader
ERROR 2025-12-06 16:31:49,453 log Internal Server Error: /library/document/3/
Traceback (most recent call last):
  File "C:\Users\T\AppData\Local\Programs\Python\Python311\Lib\site-packages\django\core\handlers\exception.py", line 55, in inner
    response = get_response(request)
               ^^^^^^^^^^^^^^^^^^^^^
  File "C:\Users\T\AppData\Local\Programs\Python\Python311\Lib\site-packages\django\core\handlers\base.py", line 220, in _get_response
    response = response.render()
               ^^^^^^^^^^^^^^^^^
  File "C:\Users\T\AppData\Local\Programs\Python\Python311\Lib\site-packages\django\template\response.py", line 114, in render
    self.content = self.rendered_content
                   ^^^^^^^^^^^^^^^^^^^^^
  File "C:\Users\T\AppData\Local\Programs\Python\Python311\Lib\site-packages\django\template\response.py", line 90, in rendered_content
    template = self.resolve_template(self.template_name)
               ^^^^^^^^^^^^^^^^^^^^^^^^^^^^^^^^^^^^^^^^^
  File "C:\Users\T\AppData\Local\Programs\Python\Python311\Lib\site-packages\django\template\response.py", line 72, in resolve_template
    return select_template(template, using=self.using)
           ^^^^^^^^^^^^^^^^^^^^^^^^^^^^^^^^^^^^^^^^^^^
  File "C:\Users\T\AppData\Local\Programs\Python\Python311\Lib\site-packages\django\template\loader.py", line 42, in select_template
    return engine.get_template(template_name)
           ^^^^^^^^^^^^^^^^^^^^^^^^^^^^^^^^^^
  File "C:\Users\T\AppData\Local\Programs\Python\Python311\Lib\site-packages\django\template\backends\django.py", line 33, in get_template
    return Template(self.engine.get_template(template_name), self)
                    ^^^^^^^^^^^^^^^^^^^^^^^^^^^^^^^^^^^^^^^
  File "C:\Users\T\AppData\Local\Programs\Python\Python311\Lib\site-packages\django\template\engine.py", line 175, in get_template
    template, origin = self.find_template(template_name)
                       ^^^^^^^^^^^^^^^^^^^^^^^^^^^^^^^^^
  File "C:\Users\T\AppData\Local\Programs\Python\Python311\Lib\site-packages\django\template\engine.py", line 157, in find_template
    template = loader.get_template(name, skip=skip)
               ^^^^^^^^^^^^^^^^^^^^^^^^^^^^^^^^^^^^
  File "C:\Users\T\AppData\Local\Programs\Python\Python311\Lib\site-packages\django\template\loaders\cached.py", line 57, in get_template
    template = super().get_template(template_name, skip)
               ^^^^^^^^^^^^^^^^^^^^^^^^^^^^^^^^^^^^^^^^^
  File "C:\Users\T\AppData\Local\Programs\Python\Python311\Lib\site-packages\django\template\loaders\base.py", line 28, in get_template
    return Template(
           ^^^^^^^^^
  File "C:\Users\T\AppData\Local\Programs\Python\Python311\Lib\site-packages\django\template\base.py", line 154, in __init__
    self.nodelist = self.compile_nodelist()
                    ^^^^^^^^^^^^^^^^^^^^^^^
  File "C:\Users\T\AppData\Local\Programs\Python\Python311\Lib\site-packages\django\template\base.py", line 200, in compile_nodelist
    return parser.parse()
           ^^^^^^^^^^^^^^
  File "C:\Users\T\AppData\Local\Programs\Python\Python311\Lib\site-packages\django\template\base.py", line 513, in parse
    raise self.error(token, e)
  File "C:\Users\T\AppData\Local\Programs\Python\Python311\Lib\site-packages\django\template\base.py", line 511, in parse
    compiled_result = compile_func(self, token)
                      ^^^^^^^^^^^^^^^^^^^^^^^^^
  File "C:\Users\T\AppData\Local\Programs\Python\Python311\Lib\site-packages\django\template\loader_tags.py", line 293, in do_extends
    nodelist = parser.parse()
               ^^^^^^^^^^^^^^
  File "C:\Users\T\AppData\Local\Programs\Python\Python311\Lib\site-packages\django\template\base.py", line 513, in parse
    raise self.error(token, e)
  File "C:\Users\T\AppData\Local\Programs\Python\Python311\Lib\site-packages\django\template\base.py", line 511, in parse
    compiled_result = compile_func(self, token)
                      ^^^^^^^^^^^^^^^^^^^^^^^^^
  File "C:\Users\T\AppData\Local\Programs\Python\Python311\Lib\site-packages\django\template\loader_tags.py", line 232, in do_block
    nodelist = parser.parse(("endblock",))
               ^^^^^^^^^^^^^^^^^^^^^^^^^^^
  File "C:\Users\T\AppData\Local\Programs\Python\Python311\Lib\site-packages\django\template\base.py", line 518, in parse
    self.unclosed_block_tag(parse_until)
  File "C:\Users\T\AppData\Local\Programs\Python\Python311\Lib\site-packages\django\template\base.py", line 581, in unclosed_block_tag
    raise self.error(token, msg)
django.template.exceptions.TemplateSyntaxError: Unclosed tag on line 11: 'block'. Looking for one of: endblock.
ERROR 2025-12-06 16:31:49,472 basehttp "GET /library/document/3/ HTTP/1.1" 500 25988
WARNING 2025-12-06 16:31:49,543 log Not Found: /static/css/style.css
WARNING 2025-12-06 16:31:49,546 basehttp "GET /static/css/style.css HTTP/1.1" 404 25863
WARNING 2025-12-06 16:31:49,586 log Not Found: /static/js/main.js
WARNING 2025-12-06 16:31:49,587 basehttp "GET /static/js/main.js HTTP/1.1" 404 25863
ERROR 2025-12-06 16:31:50,540 log Internal Server Error: /library/document/3/
Traceback (most recent call last):
  File "C:\Users\T\AppData\Local\Programs\Python\Python311\Lib\site-packages\django\core\handlers\exception.py", line 55, in inner
    response = get_response(request)
               ^^^^^^^^^^^^^^^^^^^^^
  File "C:\Users\T\AppData\Local\Programs\Python\Python311\Lib\site-packages\django\core\handlers\base.py", line 220, in _get_response
    response = response.render()
               ^^^^^^^^^^^^^^^^^
  File "C:\Users\T\AppData\Local\Programs\Python\Python311\Lib\site-packages\django\template\response.py", line 114, in render
    self.content = self.rendered_content
                   ^^^^^^^^^^^^^^^^^^^^^
  File "C:\Users\T\AppData\Local\Programs\Python\Python311\Lib\site-packages\django\template\response.py", line 90, in rendered_content
    template = self.resolve_template(self.template_name)
               ^^^^^^^^^^^^^^^^^^^^^^^^^^^^^^^^^^^^^^^^^
  File "C:\Users\T\AppData\Local\Programs\Python\Python311\Lib\site-packages\django\template\response.py", line 72, in resolve_template
    return select_template(template, using=self.using)
           ^^^^^^^^^^^^^^^^^^^^^^^^^^^^^^^^^^^^^^^^^^^
  File "C:\Users\T\AppData\Local\Programs\Python\Python311\Lib\site-packages\django\template\loader.py", line 42, in select_template
    return engine.get_template(template_name)
           ^^^^^^^^^^^^^^^^^^^^^^^^^^^^^^^^^^
  File "C:\Users\T\AppData\Local\Programs\Python\Python311\Lib\site-packages\django\template\backends\django.py", line 33, in get_template
    return Template(self.engine.get_template(template_name), self)
                    ^^^^^^^^^^^^^^^^^^^^^^^^^^^^^^^^^^^^^^^
  File "C:\Users\T\AppData\Local\Programs\Python\Python311\Lib\site-packages\django\template\engine.py", line 175, in get_template
    template, origin = self.find_template(template_name)
                       ^^^^^^^^^^^^^^^^^^^^^^^^^^^^^^^^^
  File "C:\Users\T\AppData\Local\Programs\Python\Python311\Lib\site-packages\django\template\engine.py", line 157, in find_template
    template = loader.get_template(name, skip=skip)
               ^^^^^^^^^^^^^^^^^^^^^^^^^^^^^^^^^^^^
  File "C:\Users\T\AppData\Local\Programs\Python\Python311\Lib\site-packages\django\template\loaders\cached.py", line 57, in get_template
    template = super().get_template(template_name, skip)
               ^^^^^^^^^^^^^^^^^^^^^^^^^^^^^^^^^^^^^^^^^
  File "C:\Users\T\AppData\Local\Programs\Python\Python311\Lib\site-packages\django\template\loaders\base.py", line 28, in get_template
    return Template(
           ^^^^^^^^^
  File "C:\Users\T\AppData\Local\Programs\Python\Python311\Lib\site-packages\django\template\base.py", line 154, in __init__
    self.nodelist = self.compile_nodelist()
                    ^^^^^^^^^^^^^^^^^^^^^^^
  File "C:\Users\T\AppData\Local\Programs\Python\Python311\Lib\site-packages\django\template\base.py", line 200, in compile_nodelist
    return parser.parse()
           ^^^^^^^^^^^^^^
  File "C:\Users\T\AppData\Local\Programs\Python\Python311\Lib\site-packages\django\template\base.py", line 513, in parse
    raise self.error(token, e)
  File "C:\Users\T\AppData\Local\Programs\Python\Python311\Lib\site-packages\django\template\base.py", line 511, in parse
    compiled_result = compile_func(self, token)
                      ^^^^^^^^^^^^^^^^^^^^^^^^^
  File "C:\Users\T\AppData\Local\Programs\Python\Python311\Lib\site-packages\django\template\loader_tags.py", line 293, in do_extends
    nodelist = parser.parse()
               ^^^^^^^^^^^^^^
  File "C:\Users\T\AppData\Local\Programs\Python\Python311\Lib\site-packages\django\template\base.py", line 513, in parse
    raise self.error(token, e)
  File "C:\Users\T\AppData\Local\Programs\Python\Python311\Lib\site-packages\django\template\base.py", line 511, in parse
    compiled_result = compile_func(self, token)
                      ^^^^^^^^^^^^^^^^^^^^^^^^^
  File "C:\Users\T\AppData\Local\Programs\Python\Python311\Lib\site-packages\django\template\loader_tags.py", line 232, in do_block
    nodelist = parser.parse(("endblock",))
               ^^^^^^^^^^^^^^^^^^^^^^^^^^^
  File "C:\Users\T\AppData\Local\Programs\Python\Python311\Lib\site-packages\django\template\base.py", line 518, in parse
    self.unclosed_block_tag(parse_until)
  File "C:\Users\T\AppData\Local\Programs\Python\Python311\Lib\site-packages\django\template\base.py", line 581, in unclosed_block_tag
    raise self.error(token, msg)
django.template.exceptions.TemplateSyntaxError: Unclosed tag on line 11: 'block'. Looking for one of: endblock.
ERROR 2025-12-06 16:31:50,560 basehttp "GET /library/document/3/ HTTP/1.1" 500 25988
WARNING 2025-12-06 16:31:50,640 log Not Found: /static/js/main.js
WARNING 2025-12-06 16:31:50,644 basehttp "GET /static/js/main.js HTTP/1.1" 404 25863
WARNING 2025-12-06 16:31:50,668 log Not Found: /static/css/style.css
WARNING 2025-12-06 16:31:50,670 basehttp "GET /static/css/style.css HTTP/1.1" 404 25863
WARNING 2025-12-06 16:31:50,721 log Not Found: /static/js/main.js
WARNING 2025-12-06 16:31:50,725 basehttp "GET /static/js/main.js HTTP/1.1" 404 25863
ERROR 2025-12-06 16:32:43,717 log Internal Server Error: /library/document/3/
Traceback (most recent call last):
  File "C:\Users\T\AppData\Local\Programs\Python\Python311\Lib\site-packages\django\core\handlers\exception.py", line 55, in inner
    response = get_response(request)
               ^^^^^^^^^^^^^^^^^^^^^
  File "C:\Users\T\AppData\Local\Programs\Python\Python311\Lib\site-packages\django\core\handlers\base.py", line 220, in _get_response
    response = response.render()
               ^^^^^^^^^^^^^^^^^
  File "C:\Users\T\AppData\Local\Programs\Python\Python311\Lib\site-packages\django\template\response.py", line 114, in render
    self.content = self.rendered_content
                   ^^^^^^^^^^^^^^^^^^^^^
  File "C:\Users\T\AppData\Local\Programs\Python\Python311\Lib\site-packages\django\template\response.py", line 90, in rendered_content
    template = self.resolve_template(self.template_name)
               ^^^^^^^^^^^^^^^^^^^^^^^^^^^^^^^^^^^^^^^^^
  File "C:\Users\T\AppData\Local\Programs\Python\Python311\Lib\site-packages\django\template\response.py", line 72, in resolve_template
    return select_template(template, using=self.using)
           ^^^^^^^^^^^^^^^^^^^^^^^^^^^^^^^^^^^^^^^^^^^
  File "C:\Users\T\AppData\Local\Programs\Python\Python311\Lib\site-packages\django\template\loader.py", line 42, in select_template
    return engine.get_template(template_name)
           ^^^^^^^^^^^^^^^^^^^^^^^^^^^^^^^^^^
  File "C:\Users\T\AppData\Local\Programs\Python\Python311\Lib\site-packages\django\template\backends\django.py", line 33, in get_template
    return Template(self.engine.get_template(template_name), self)
                    ^^^^^^^^^^^^^^^^^^^^^^^^^^^^^^^^^^^^^^^
  File "C:\Users\T\AppData\Local\Programs\Python\Python311\Lib\site-packages\django\template\engine.py", line 175, in get_template
    template, origin = self.find_template(template_name)
                       ^^^^^^^^^^^^^^^^^^^^^^^^^^^^^^^^^
  File "C:\Users\T\AppData\Local\Programs\Python\Python311\Lib\site-packages\django\template\engine.py", line 157, in find_template
    template = loader.get_template(name, skip=skip)
               ^^^^^^^^^^^^^^^^^^^^^^^^^^^^^^^^^^^^
  File "C:\Users\T\AppData\Local\Programs\Python\Python311\Lib\site-packages\django\template\loaders\cached.py", line 57, in get_template
    template = super().get_template(template_name, skip)
               ^^^^^^^^^^^^^^^^^^^^^^^^^^^^^^^^^^^^^^^^^
  File "C:\Users\T\AppData\Local\Programs\Python\Python311\Lib\site-packages\django\template\loaders\base.py", line 28, in get_template
    return Template(
           ^^^^^^^^^
  File "C:\Users\T\AppData\Local\Programs\Python\Python311\Lib\site-packages\django\template\base.py", line 154, in __init__
    self.nodelist = self.compile_nodelist()
                    ^^^^^^^^^^^^^^^^^^^^^^^
  File "C:\Users\T\AppData\Local\Programs\Python\Python311\Lib\site-packages\django\template\base.py", line 200, in compile_nodelist
    return parser.parse()
           ^^^^^^^^^^^^^^
  File "C:\Users\T\AppData\Local\Programs\Python\Python311\Lib\site-packages\django\template\base.py", line 513, in parse
    raise self.error(token, e)
  File "C:\Users\T\AppData\Local\Programs\Python\Python311\Lib\site-packages\django\template\base.py", line 511, in parse
    compiled_result = compile_func(self, token)
                      ^^^^^^^^^^^^^^^^^^^^^^^^^
  File "C:\Users\T\AppData\Local\Programs\Python\Python311\Lib\site-packages\django\template\loader_tags.py", line 293, in do_extends
    nodelist = parser.parse()
               ^^^^^^^^^^^^^^
  File "C:\Users\T\AppData\Local\Programs\Python\Python311\Lib\site-packages\django\template\base.py", line 513, in parse
    raise self.error(token, e)
  File "C:\Users\T\AppData\Local\Programs\Python\Python311\Lib\site-packages\django\template\base.py", line 511, in parse
    compiled_result = compile_func(self, token)
                      ^^^^^^^^^^^^^^^^^^^^^^^^^
  File "C:\Users\T\AppData\Local\Programs\Python\Python311\Lib\site-packages\django\template\loader_tags.py", line 232, in do_block
    nodelist = parser.parse(("endblock",))
               ^^^^^^^^^^^^^^^^^^^^^^^^^^^
  File "C:\Users\T\AppData\Local\Programs\Python\Python311\Lib\site-packages\django\template\base.py", line 518, in parse
    self.unclosed_block_tag(parse_until)
  File "C:\Users\T\AppData\Local\Programs\Python\Python311\Lib\site-packages\django\template\base.py", line 581, in unclosed_block_tag
    raise self.error(token, msg)
django.template.exceptions.TemplateSyntaxError: Unclosed tag on line 11: 'block'. Looking for one of: endblock.
ERROR 2025-12-06 16:32:43,761 basehttp "GET /library/document/3/ HTTP/1.1" 500 25988
WARNING 2025-12-06 16:32:43,934 log Not Found: /static/css/style.css
WARNING 2025-12-06 16:32:43,935 basehttp "GET /static/css/style.css HTTP/1.1" 404 25863
WARNING 2025-12-06 16:32:44,044 log Not Found: /static/js/main.js
WARNING 2025-12-06 16:32:44,046 basehttp "GET /static/js/main.js HTTP/1.1" 404 25863
ERROR 2025-12-06 16:32:45,285 log Internal Server Error: /library/document/3/
Traceback (most recent call last):
  File "C:\Users\T\AppData\Local\Programs\Python\Python311\Lib\site-packages\django\core\handlers\exception.py", line 55, in inner
    response = get_response(request)
               ^^^^^^^^^^^^^^^^^^^^^
  File "C:\Users\T\AppData\Local\Programs\Python\Python311\Lib\site-packages\django\core\handlers\base.py", line 220, in _get_response
    response = response.render()
               ^^^^^^^^^^^^^^^^^
  File "C:\Users\T\AppData\Local\Programs\Python\Python311\Lib\site-packages\django\template\response.py", line 114, in render
    self.content = self.rendered_content
                   ^^^^^^^^^^^^^^^^^^^^^
  File "C:\Users\T\AppData\Local\Programs\Python\Python311\Lib\site-packages\django\template\response.py", line 90, in rendered_content
    template = self.resolve_template(self.template_name)
               ^^^^^^^^^^^^^^^^^^^^^^^^^^^^^^^^^^^^^^^^^
  File "C:\Users\T\AppData\Local\Programs\Python\Python311\Lib\site-packages\django\template\response.py", line 72, in resolve_template
    return select_template(template, using=self.using)
           ^^^^^^^^^^^^^^^^^^^^^^^^^^^^^^^^^^^^^^^^^^^
  File "C:\Users\T\AppData\Local\Programs\Python\Python311\Lib\site-packages\django\template\loader.py", line 42, in select_template
    return engine.get_template(template_name)
           ^^^^^^^^^^^^^^^^^^^^^^^^^^^^^^^^^^
  File "C:\Users\T\AppData\Local\Programs\Python\Python311\Lib\site-packages\django\template\backends\django.py", line 33, in get_template
    return Template(self.engine.get_template(template_name), self)
                    ^^^^^^^^^^^^^^^^^^^^^^^^^^^^^^^^^^^^^^^
  File "C:\Users\T\AppData\Local\Programs\Python\Python311\Lib\site-packages\django\template\engine.py", line 175, in get_template
    template, origin = self.find_template(template_name)
                       ^^^^^^^^^^^^^^^^^^^^^^^^^^^^^^^^^
  File "C:\Users\T\AppData\Local\Programs\Python\Python311\Lib\site-packages\django\template\engine.py", line 157, in find_template
    template = loader.get_template(name, skip=skip)
               ^^^^^^^^^^^^^^^^^^^^^^^^^^^^^^^^^^^^
  File "C:\Users\T\AppData\Local\Programs\Python\Python311\Lib\site-packages\django\template\loaders\cached.py", line 57, in get_template
    template = super().get_template(template_name, skip)
               ^^^^^^^^^^^^^^^^^^^^^^^^^^^^^^^^^^^^^^^^^
  File "C:\Users\T\AppData\Local\Programs\Python\Python311\Lib\site-packages\django\template\loaders\base.py", line 28, in get_template
    return Template(
           ^^^^^^^^^
  File "C:\Users\T\AppData\Local\Programs\Python\Python311\Lib\site-packages\django\template\base.py", line 154, in __init__
    self.nodelist = self.compile_nodelist()
                    ^^^^^^^^^^^^^^^^^^^^^^^
  File "C:\Users\T\AppData\Local\Programs\Python\Python311\Lib\site-packages\django\template\base.py", line 200, in compile_nodelist
    return parser.parse()
           ^^^^^^^^^^^^^^
  File "C:\Users\T\AppData\Local\Programs\Python\Python311\Lib\site-packages\django\template\base.py", line 513, in parse
    raise self.error(token, e)
  File "C:\Users\T\AppData\Local\Programs\Python\Python311\Lib\site-packages\django\template\base.py", line 511, in parse
    compiled_result = compile_func(self, token)
                      ^^^^^^^^^^^^^^^^^^^^^^^^^
  File "C:\Users\T\AppData\Local\Programs\Python\Python311\Lib\site-packages\django\template\loader_tags.py", line 293, in do_extends
    nodelist = parser.parse()
               ^^^^^^^^^^^^^^
  File "C:\Users\T\AppData\Local\Programs\Python\Python311\Lib\site-packages\django\template\base.py", line 513, in parse
    raise self.error(token, e)
  File "C:\Users\T\AppData\Local\Programs\Python\Python311\Lib\site-packages\django\template\base.py", line 511, in parse
    compiled_result = compile_func(self, token)
                      ^^^^^^^^^^^^^^^^^^^^^^^^^
  File "C:\Users\T\AppData\Local\Programs\Python\Python311\Lib\site-packages\django\template\loader_tags.py", line 232, in do_block
    nodelist = parser.parse(("endblock",))
               ^^^^^^^^^^^^^^^^^^^^^^^^^^^
  File "C:\Users\T\AppData\Local\Programs\Python\Python311\Lib\site-packages\django\template\base.py", line 518, in parse
    self.unclosed_block_tag(parse_until)
  File "C:\Users\T\AppData\Local\Programs\Python\Python311\Lib\site-packages\django\template\base.py", line 581, in unclosed_block_tag
    raise self.error(token, msg)
django.template.exceptions.TemplateSyntaxError: Unclosed tag on line 11: 'block'. Looking for one of: endblock.
ERROR 2025-12-06 16:32:45,322 basehttp "GET /library/document/3/ HTTP/1.1" 500 25988
WARNING 2025-12-06 16:32:45,471 log Not Found: /static/css/style.css
WARNING 2025-12-06 16:32:45,471 basehttp "GET /static/css/style.css HTTP/1.1" 404 25863
WARNING 2025-12-06 16:32:45,579 log Not Found: /static/js/main.js
WARNING 2025-12-06 16:32:45,581 basehttp "GET /static/js/main.js HTTP/1.1" 404 25863
INFO 2025-12-06 16:33:13,180 autoreload Watching for file changes with StatReloader
ERROR 2025-12-06 16:33:18,465 log Internal Server Error: /library/document/3/
Traceback (most recent call last):
  File "C:\Users\T\AppData\Local\Programs\Python\Python311\Lib\site-packages\django\core\handlers\exception.py", line 55, in inner
    response = get_response(request)
               ^^^^^^^^^^^^^^^^^^^^^
  File "C:\Users\T\AppData\Local\Programs\Python\Python311\Lib\site-packages\django\core\handlers\base.py", line 220, in _get_response
    response = response.render()
               ^^^^^^^^^^^^^^^^^
  File "C:\Users\T\AppData\Local\Programs\Python\Python311\Lib\site-packages\django\template\response.py", line 114, in render
    self.content = self.rendered_content
                   ^^^^^^^^^^^^^^^^^^^^^
  File "C:\Users\T\AppData\Local\Programs\Python\Python311\Lib\site-packages\django\template\response.py", line 90, in rendered_content
    template = self.resolve_template(self.template_name)
               ^^^^^^^^^^^^^^^^^^^^^^^^^^^^^^^^^^^^^^^^^
  File "C:\Users\T\AppData\Local\Programs\Python\Python311\Lib\site-packages\django\template\response.py", line 72, in resolve_template
    return select_template(template, using=self.using)
           ^^^^^^^^^^^^^^^^^^^^^^^^^^^^^^^^^^^^^^^^^^^
  File "C:\Users\T\AppData\Local\Programs\Python\Python311\Lib\site-packages\django\template\loader.py", line 42, in select_template
    return engine.get_template(template_name)
           ^^^^^^^^^^^^^^^^^^^^^^^^^^^^^^^^^^
  File "C:\Users\T\AppData\Local\Programs\Python\Python311\Lib\site-packages\django\template\backends\django.py", line 33, in get_template
    return Template(self.engine.get_template(template_name), self)
                    ^^^^^^^^^^^^^^^^^^^^^^^^^^^^^^^^^^^^^^^
  File "C:\Users\T\AppData\Local\Programs\Python\Python311\Lib\site-packages\django\template\engine.py", line 175, in get_template
    template, origin = self.find_template(template_name)
                       ^^^^^^^^^^^^^^^^^^^^^^^^^^^^^^^^^
  File "C:\Users\T\AppData\Local\Programs\Python\Python311\Lib\site-packages\django\template\engine.py", line 157, in find_template
    template = loader.get_template(name, skip=skip)
               ^^^^^^^^^^^^^^^^^^^^^^^^^^^^^^^^^^^^
  File "C:\Users\T\AppData\Local\Programs\Python\Python311\Lib\site-packages\django\template\loaders\cached.py", line 57, in get_template
    template = super().get_template(template_name, skip)
               ^^^^^^^^^^^^^^^^^^^^^^^^^^^^^^^^^^^^^^^^^
  File "C:\Users\T\AppData\Local\Programs\Python\Python311\Lib\site-packages\django\template\loaders\base.py", line 28, in get_template
    return Template(
           ^^^^^^^^^
  File "C:\Users\T\AppData\Local\Programs\Python\Python311\Lib\site-packages\django\template\base.py", line 154, in __init__
    self.nodelist = self.compile_nodelist()
                    ^^^^^^^^^^^^^^^^^^^^^^^
  File "C:\Users\T\AppData\Local\Programs\Python\Python311\Lib\site-packages\django\template\base.py", line 200, in compile_nodelist
    return parser.parse()
           ^^^^^^^^^^^^^^
  File "C:\Users\T\AppData\Local\Programs\Python\Python311\Lib\site-packages\django\template\base.py", line 513, in parse
    raise self.error(token, e)
  File "C:\Users\T\AppData\Local\Programs\Python\Python311\Lib\site-packages\django\template\base.py", line 511, in parse
    compiled_result = compile_func(self, token)
                      ^^^^^^^^^^^^^^^^^^^^^^^^^
  File "C:\Users\T\AppData\Local\Programs\Python\Python311\Lib\site-packages\django\template\loader_tags.py", line 293, in do_extends
    nodelist = parser.parse()
               ^^^^^^^^^^^^^^
  File "C:\Users\T\AppData\Local\Programs\Python\Python311\Lib\site-packages\django\template\base.py", line 513, in parse
    raise self.error(token, e)
  File "C:\Users\T\AppData\Local\Programs\Python\Python311\Lib\site-packages\django\template\base.py", line 511, in parse
    compiled_result = compile_func(self, token)
                      ^^^^^^^^^^^^^^^^^^^^^^^^^
  File "C:\Users\T\AppData\Local\Programs\Python\Python311\Lib\site-packages\django\template\loader_tags.py", line 232, in do_block
    nodelist = parser.parse(("endblock",))
               ^^^^^^^^^^^^^^^^^^^^^^^^^^^
  File "C:\Users\T\AppData\Local\Programs\Python\Python311\Lib\site-packages\django\template\base.py", line 518, in parse
    self.unclosed_block_tag(parse_until)
  File "C:\Users\T\AppData\Local\Programs\Python\Python311\Lib\site-packages\django\template\base.py", line 581, in unclosed_block_tag
    raise self.error(token, msg)
django.template.exceptions.TemplateSyntaxError: Unclosed tag on line 11: 'block'. Looking for one of: endblock.
ERROR 2025-12-06 16:33:18,483 basehttp "GET /library/document/3/ HTTP/1.1" 500 25988
WARNING 2025-12-06 16:33:18,620 log Not Found: /static/css/style.css
WARNING 2025-12-06 16:33:18,630 basehttp "GET /static/css/style.css HTTP/1.1" 404 25863
WARNING 2025-12-06 16:33:18,685 log Not Found: /static/js/main.js
WARNING 2025-12-06 16:33:18,691 basehttp "GET /static/js/main.js HTTP/1.1" 404 25863
ERROR 2025-12-06 16:33:19,621 log Internal Server Error: /library/document/3/
Traceback (most recent call last):
  File "C:\Users\T\AppData\Local\Programs\Python\Python311\Lib\site-packages\django\core\handlers\exception.py", line 55, in inner
    response = get_response(request)
               ^^^^^^^^^^^^^^^^^^^^^
  File "C:\Users\T\AppData\Local\Programs\Python\Python311\Lib\site-packages\django\core\handlers\base.py", line 220, in _get_response
    response = response.render()
               ^^^^^^^^^^^^^^^^^
  File "C:\Users\T\AppData\Local\Programs\Python\Python311\Lib\site-packages\django\template\response.py", line 114, in render
    self.content = self.rendered_content
                   ^^^^^^^^^^^^^^^^^^^^^
  File "C:\Users\T\AppData\Local\Programs\Python\Python311\Lib\site-packages\django\template\response.py", line 90, in rendered_content
    template = self.resolve_template(self.template_name)
               ^^^^^^^^^^^^^^^^^^^^^^^^^^^^^^^^^^^^^^^^^
  File "C:\Users\T\AppData\Local\Programs\Python\Python311\Lib\site-packages\django\template\response.py", line 72, in resolve_template
    return select_template(template, using=self.using)
           ^^^^^^^^^^^^^^^^^^^^^^^^^^^^^^^^^^^^^^^^^^^
  File "C:\Users\T\AppData\Local\Programs\Python\Python311\Lib\site-packages\django\template\loader.py", line 42, in select_template
    return engine.get_template(template_name)
           ^^^^^^^^^^^^^^^^^^^^^^^^^^^^^^^^^^
  File "C:\Users\T\AppData\Local\Programs\Python\Python311\Lib\site-packages\django\template\backends\django.py", line 33, in get_template
    return Template(self.engine.get_template(template_name), self)
                    ^^^^^^^^^^^^^^^^^^^^^^^^^^^^^^^^^^^^^^^
  File "C:\Users\T\AppData\Local\Programs\Python\Python311\Lib\site-packages\django\template\engine.py", line 175, in get_template
    template, origin = self.find_template(template_name)
                       ^^^^^^^^^^^^^^^^^^^^^^^^^^^^^^^^^
  File "C:\Users\T\AppData\Local\Programs\Python\Python311\Lib\site-packages\django\template\engine.py", line 157, in find_template
    template = loader.get_template(name, skip=skip)
               ^^^^^^^^^^^^^^^^^^^^^^^^^^^^^^^^^^^^
  File "C:\Users\T\AppData\Local\Programs\Python\Python311\Lib\site-packages\django\template\loaders\cached.py", line 57, in get_template
    template = super().get_template(template_name, skip)
               ^^^^^^^^^^^^^^^^^^^^^^^^^^^^^^^^^^^^^^^^^
  File "C:\Users\T\AppData\Local\Programs\Python\Python311\Lib\site-packages\django\template\loaders\base.py", line 28, in get_template
    return Template(
           ^^^^^^^^^
  File "C:\Users\T\AppData\Local\Programs\Python\Python311\Lib\site-packages\django\template\base.py", line 154, in __init__
    self.nodelist = self.compile_nodelist()
                    ^^^^^^^^^^^^^^^^^^^^^^^
  File "C:\Users\T\AppData\Local\Programs\Python\Python311\Lib\site-packages\django\template\base.py", line 200, in compile_nodelist
    return parser.parse()
           ^^^^^^^^^^^^^^
  File "C:\Users\T\AppData\Local\Programs\Python\Python311\Lib\site-packages\django\template\base.py", line 513, in parse
    raise self.error(token, e)
  File "C:\Users\T\AppData\Local\Programs\Python\Python311\Lib\site-packages\django\template\base.py", line 511, in parse
    compiled_result = compile_func(self, token)
                      ^^^^^^^^^^^^^^^^^^^^^^^^^
  File "C:\Users\T\AppData\Local\Programs\Python\Python311\Lib\site-packages\django\template\loader_tags.py", line 293, in do_extends
    nodelist = parser.parse()
               ^^^^^^^^^^^^^^
  File "C:\Users\T\AppData\Local\Programs\Python\Python311\Lib\site-packages\django\template\base.py", line 513, in parse
    raise self.error(token, e)
  File "C:\Users\T\AppData\Local\Programs\Python\Python311\Lib\site-packages\django\template\base.py", line 511, in parse
    compiled_result = compile_func(self, token)
                      ^^^^^^^^^^^^^^^^^^^^^^^^^
  File "C:\Users\T\AppData\Local\Programs\Python\Python311\Lib\site-packages\django\template\loader_tags.py", line 232, in do_block
    nodelist = parser.parse(("endblock",))
               ^^^^^^^^^^^^^^^^^^^^^^^^^^^
  File "C:\Users\T\AppData\Local\Programs\Python\Python311\Lib\site-packages\django\template\base.py", line 518, in parse
    self.unclosed_block_tag(parse_until)
  File "C:\Users\T\AppData\Local\Programs\Python\Python311\Lib\site-packages\django\template\base.py", line 581, in unclosed_block_tag
    raise self.error(token, msg)
django.template.exceptions.TemplateSyntaxError: Unclosed tag on line 11: 'block'. Looking for one of: endblock.
ERROR 2025-12-06 16:33:19,645 basehttp "GET /library/document/3/ HTTP/1.1" 500 25988
WARNING 2025-12-06 16:33:19,753 log Not Found: /static/js/main.js
WARNING 2025-12-06 16:33:19,755 basehttp "GET /static/js/main.js HTTP/1.1" 404 25863
WARNING 2025-12-06 16:33:19,849 log Not Found: /static/css/style.css
WARNING 2025-12-06 16:33:19,851 basehttp "GET /static/css/style.css HTTP/1.1" 404 25863
WARNING 2025-12-06 16:33:19,947 log Not Found: /static/js/main.js
WARNING 2025-12-06 16:33:19,949 basehttp "GET /static/js/main.js HTTP/1.1" 404 25863
INFO 2025-12-06 16:36:14,659 autoreload Watching for file changes with StatReloader
INFO 2025-12-06 16:36:19,987 basehttp "GET /library/document/3/ HTTP/1.1" 200 31398
WARNING 2025-12-06 16:36:20,222 log Not Found: /static/css/style.css
WARNING 2025-12-06 16:36:20,223 basehttp "GET /static/css/style.css HTTP/1.1" 404 25868
WARNING 2025-12-06 16:36:20,303 log Not Found: /static/js/main.js
WARNING 2025-12-06 16:36:20,305 basehttp "GET /static/js/main.js HTTP/1.1" 404 25868
WARNING 2025-12-06 16:36:20,507 log Not Found: /static/js/main.js
WARNING 2025-12-06 16:36:20,511 basehttp "GET /static/js/main.js HTTP/1.1" 404 25868
INFO 2025-12-06 16:36:22,531 basehttp "GET /library/document/3/view/ HTTP/1.1" 200 45304371
INFO 2025-12-06 16:37:43,647 basehttp "GET /library/document/3/ HTTP/1.1" 200 32406
WARNING 2025-12-06 16:37:43,744 log Not Found: /static/css/style.css
WARNING 2025-12-06 16:37:43,746 basehttp "GET /static/css/style.css HTTP/1.1" 404 25868
WARNING 2025-12-06 16:37:43,771 log Not Found: /static/js/main.js
WARNING 2025-12-06 16:37:43,771 basehttp "GET /static/js/main.js HTTP/1.1" 404 25868
INFO 2025-12-06 16:37:45,549 basehttp "GET /library/document/3/view/ HTTP/1.1" 200 45304371
INFO 2025-12-06 16:37:57,014 basehttp "GET /library/document/3/update/ HTTP/1.1" 200 29091
WARNING 2025-12-06 16:37:57,107 log Not Found: /static/js/main.js
WARNING 2025-12-06 16:37:57,110 basehttp "GET /static/js/main.js HTTP/1.1" 404 25868
WARNING 2025-12-06 16:37:57,141 log Not Found: /static/css/style.css
WARNING 2025-12-06 16:37:57,143 basehttp "GET /static/css/style.css HTTP/1.1" 404 25868
WARNING 2025-12-06 16:37:57,207 log Not Found: /static/js/main.js
WARNING 2025-12-06 16:37:57,210 basehttp "GET /static/js/main.js HTTP/1.1" 404 25868
WARNING 2025-12-06 16:38:06,133 log Not Found: /static/css/style.css
WARNING 2025-12-06 16:38:06,134 basehttp "GET /static/css/style.css HTTP/1.1" 404 25868
WARNING 2025-12-06 16:38:06,167 log Not Found: /static/js/main.js
WARNING 2025-12-06 16:38:06,168 basehttp "GET /static/js/main.js HTTP/1.1" 404 25868
INFO 2025-12-06 16:38:08,291 basehttp "GET /library/document/3/view/ HTTP/1.1" 200 45304371
ERROR 2025-12-06 16:38:37,242 log Invalid HTTP_HOST header: 'testserver'. You may need to add 'testserver' to ALLOWED_HOSTS.
Traceback (most recent call last):
  File "C:\Users\T\AppData\Local\Programs\Python\Python311\Lib\site-packages\django\core\handlers\exception.py", line 55, in inner
    response = get_response(request)
               ^^^^^^^^^^^^^^^^^^^^^
  File "C:\Users\T\AppData\Local\Programs\Python\Python311\Lib\site-packages\django\utils\deprecation.py", line 133, in __call__
    response = self.process_request(request)
               ^^^^^^^^^^^^^^^^^^^^^^^^^^^^^
  File "C:\Users\T\AppData\Local\Programs\Python\Python311\Lib\site-packages\django\middleware\common.py", line 48, in process_request
    host = request.get_host()
           ^^^^^^^^^^^^^^^^^^
  File "C:\Users\T\AppData\Local\Programs\Python\Python311\Lib\site-packages\django\http\request.py", line 150, in get_host
    raise DisallowedHost(msg)
django.core.exceptions.DisallowedHost: Invalid HTTP_HOST header: 'testserver'. You may need to add 'testserver' to ALLOWED_HOSTS.
ERROR 2025-12-06 16:38:49,375 log Invalid HTTP_HOST header: 'testserver'. You may need to add 'testserver' to ALLOWED_HOSTS.
Traceback (most recent call last):
  File "C:\Users\T\AppData\Local\Programs\Python\Python311\Lib\site-packages\django\core\handlers\exception.py", line 55, in inner
    response = get_response(request)
               ^^^^^^^^^^^^^^^^^^^^^
  File "C:\Users\T\AppData\Local\Programs\Python\Python311\Lib\site-packages\django\utils\deprecation.py", line 133, in __call__
    response = self.process_request(request)
               ^^^^^^^^^^^^^^^^^^^^^^^^^^^^^
  File "C:\Users\T\AppData\Local\Programs\Python\Python311\Lib\site-packages\django\middleware\common.py", line 48, in process_request
    host = request.get_host()
           ^^^^^^^^^^^^^^^^^^
  File "C:\Users\T\AppData\Local\Programs\Python\Python311\Lib\site-packages\django\http\request.py", line 150, in get_host
    raise DisallowedHost(msg)
django.core.exceptions.DisallowedHost: Invalid HTTP_HOST header: 'testserver'. You may need to add 'testserver' to ALLOWED_HOSTS.
INFO 2025-12-06 16:39:49,375 basehttp "GET /library/document/3/ HTTP/1.1" 200 32436
WARNING 2025-12-06 16:39:49,468 log Not Found: /static/js/main.js
WARNING 2025-12-06 16:39:49,470 basehttp "GET /static/js/main.js HTTP/1.1" 404 25868
WARNING 2025-12-06 16:39:49,504 log Not Found: /static/css/style.css
WARNING 2025-12-06 16:39:49,506 basehttp "GET /static/css/style.css HTTP/1.1" 404 25868
WARNING 2025-12-06 16:39:49,557 log Not Found: /static/js/main.js
WARNING 2025-12-06 16:39:49,558 basehttp "GET /static/js/main.js HTTP/1.1" 404 25868
WARNING 2025-12-06 16:39:49,611 log Not Found: /media/library/\u0643\u062a\u0627\u0628/2025/_79565.pdf
WARNING 2025-12-06 16:39:49,611 basehttp "GET /media/library/%D9%83%D8%AA%D8%A7%D8%A8/2025/_79565.pdf HTTP/1.1" 404 25868
WARNING 2025-12-06 16:39:49,674 log Not Found: /static/css/style.css
WARNING 2025-12-06 16:39:49,674 basehttp "GET /static/css/style.css HTTP/1.1" 404 25868
WARNING 2025-12-06 16:39:49,707 log Not Found: /static/js/main.js
WARNING 2025-12-06 16:39:49,710 basehttp "GET /static/js/main.js HTTP/1.1" 404 25868
INFO 2025-12-06 16:41:52,007 basehttp "GET /library/ HTTP/1.1" 200 32526
INFO 2025-12-06 16:41:52,322 basehttp "GET /static/css/style.css HTTP/1.1" 200 3761
INFO 2025-12-06 16:41:52,324 basehttp "GET /static/js/main.js HTTP/1.1" 200 4678
INFO 2025-12-06 16:41:55,468 basehttp "GET /library/document/3/ HTTP/1.1" 200 32436
INFO 2025-12-06 16:41:57,420 basehttp "GET /media/library/%D9%83%D8%AA%D8%A7%D8%A8/2025/_79565.pdf HTTP/1.1" 200 45304371
INFO 2025-12-06 16:42:55,097 basehttp "GET /library/ HTTP/1.1" 200 32526
INFO 2025-12-06 16:42:59,227 basehttp "GET /library/document/3/ HTTP/1.1" 200 32436
INFO 2025-12-06 16:43:01,541 basehttp "GET /media/library/%D9%83%D8%AA%D8%A7%D8%A8/2025/_79565.pdf HTTP/1.1" 200 45304371
INFO 2025-12-06 16:43:57,107 basehttp "GET /library/document/3/ HTTP/1.1" 200 32436
INFO 2025-12-06 16:43:58,774 basehttp "GET /media/library/%D9%83%D8%AA%D8%A7%D8%A8/2025/_79565.pdf HTTP/1.1" 200 45304371
INFO 2025-12-06 16:44:16,363 autoreload Watching for file changes with StatReloader
INFO 2025-12-06 16:44:34,246 basehttp - Broken pipe from ('127.0.0.1', 55692)
INFO 2025-12-06 16:44:40,841 basehttp - Broken pipe from ('127.0.0.1', 55695)
INFO 2025-12-06 16:44:42,147 basehttp "GET / HTTP/1.1" 200 26881
INFO 2025-12-06 16:44:51,635 basehttp "GET /library/ HTTP/1.1" 200 32526
INFO 2025-12-06 16:44:55,024 basehttp "GET /library/document/3/ HTTP/1.1" 200 33261
INFO 2025-12-06 16:44:56,587 basehttp "GET /library/document/3/pdf/ HTTP/1.1" 200 7208
INFO 2025-12-06 16:45:02,376 basehttp "GET /media/library/%D9%83%D8%AA%D8%A7%D8%A8/2025/_79565.pdf HTTP/1.1" 200 45304371
ERROR 2025-12-06 16:48:16,696 log Invalid HTTP_HOST header: 'testserver'. You may need to add 'testserver' to ALLOWED_HOSTS.
Traceback (most recent call last):
  File "C:\Users\T\AppData\Local\Programs\Python\Python311\Lib\site-packages\django\core\handlers\exception.py", line 55, in inner
    response = get_response(request)
               ^^^^^^^^^^^^^^^^^^^^^
  File "C:\Users\T\AppData\Local\Programs\Python\Python311\Lib\site-packages\django\utils\deprecation.py", line 133, in __call__
    response = self.process_request(request)
               ^^^^^^^^^^^^^^^^^^^^^^^^^^^^^
  File "C:\Users\T\AppData\Local\Programs\Python\Python311\Lib\site-packages\django\middleware\common.py", line 48, in process_request
    host = request.get_host()
           ^^^^^^^^^^^^^^^^^^
  File "C:\Users\T\AppData\Local\Programs\Python\Python311\Lib\site-packages\django\http\request.py", line 150, in get_host
    raise DisallowedHost(msg)
django.core.exceptions.DisallowedHost: Invalid HTTP_HOST header: 'testserver'. You may need to add 'testserver' to ALLOWED_HOSTS.
ERROR 2025-12-06 16:48:35,735 log Invalid HTTP_HOST header: 'testserver'. You may need to add 'testserver' to ALLOWED_HOSTS.
Traceback (most recent call last):
  File "C:\Users\T\AppData\Local\Programs\Python\Python311\Lib\site-packages\django\core\handlers\exception.py", line 55, in inner
    response = get_response(request)
               ^^^^^^^^^^^^^^^^^^^^^
  File "C:\Users\T\AppData\Local\Programs\Python\Python311\Lib\site-packages\django\utils\deprecation.py", line 133, in __call__
    response = self.process_request(request)
               ^^^^^^^^^^^^^^^^^^^^^^^^^^^^^
  File "C:\Users\T\AppData\Local\Programs\Python\Python311\Lib\site-packages\django\middleware\common.py", line 48, in process_request
    host = request.get_host()
           ^^^^^^^^^^^^^^^^^^
  File "C:\Users\T\AppData\Local\Programs\Python\Python311\Lib\site-packages\django\http\request.py", line 150, in get_host
    raise DisallowedHost(msg)
django.core.exceptions.DisallowedHost: Invalid HTTP_HOST header: 'testserver'. You may need to add 'testserver' to ALLOWED_HOSTS.
INFO 2025-12-06 16:48:42,183 autoreload D:\sanad-system\sanad_system\sanad_system\settings.py changed, reloading.
INFO 2025-12-06 16:48:43,821 autoreload Watching for file changes with StatReloader
INFO 2025-12-06 16:49:38,238 basehttp "GET /hadith/ HTTP/1.1" 200 55118
INFO 2025-12-06 16:49:40,407 basehttp "GET /library/ HTTP/1.1" 200 32526
INFO 2025-12-06 16:49:42,861 basehttp "GET /library/document/3/ HTTP/1.1" 200 33261
INFO 2025-12-06 16:49:43,007 basehttp "GET /library/document/3/pdf/ HTTP/1.1" 200 7208
INFO 2025-12-06 16:49:45,635 basehttp "GET /media/library/%D9%83%D8%AA%D8%A7%D8%A8/2025/_79565.pdf HTTP/1.1" 200 45304371
INFO 2025-12-06 16:51:37,415 autoreload Watching for file changes with StatReloader
INFO 2025-12-06 16:51:42,154 basehttp "GET / HTTP/1.1" 200 26881
INFO 2025-12-06 16:51:44,534 basehttp "GET /library/ HTTP/1.1" 200 32526
INFO 2025-12-06 16:51:48,346 basehttp "GET /library/document/3/ HTTP/1.1" 200 33261
INFO 2025-12-06 16:51:48,566 basehttp "GET /library/document/3/pdf/ HTTP/1.1" 200 8415
INFO 2025-12-06 16:51:51,828 basehttp "GET /media/library/%D9%83%D8%AA%D8%A7%D8%A8/2025/_79565.pdf HTTP/1.1" 200 45304371
INFO 2025-12-06 16:51:52,163 basehttp "GET /media/library/%D9%83%D8%AA%D8%A7%D8%A8/2025/_79565.pdf HTTP/1.1" 200 45304371
INFO 2025-12-06 16:52:11,902 basehttp "GET / HTTP/1.1" 200 26881
INFO 2025-12-06 16:52:13,627 basehttp "GET / HTTP/1.1" 200 26881
INFO 2025-12-06 16:52:29,449 basehttp "GET / HTTP/1.1" 200 26881
INFO 2025-12-06 16:52:52,390 basehttp "GET / HTTP/1.1" 200 26881
INFO 2025-12-06 16:55:12,173 basehttp "GET / HTTP/1.1" 200 26556
INFO 2025-12-06 16:55:20,693 basehttp "GET /hadith/ HTTP/1.1" 200 54793
INFO 2025-12-06 16:55:24,769 basehttp "GET /hadith/135/ HTTP/1.1" 200 26917
INFO 2025-12-07 11:52:04,761 autoreload Watching for file changes with StatReloader
INFO 2025-12-07 11:53:53,537 autoreload Watching for file changes with StatReloader
INFO 2025-12-07 11:54:51,820 autoreload Watching for file changes with StatReloader
INFO 2025-12-07 11:57:17,299 autoreload Watching for file changes with StatReloader
INFO 2025-12-07 11:58:12,917 autoreload Watching for file changes with StatReloader
INFO 2025-12-07 11:58:42,593 basehttp "GET / HTTP/1.1" 200 23931
INFO 2025-12-07 11:58:43,118 basehttp "GET /static/css/style.css HTTP/1.1" 200 3761
INFO 2025-12-07 11:58:43,120 basehttp "GET /static/js/main.js HTTP/1.1" 200 4678
WARNING 2025-12-07 11:58:44,198 log Not Found: /favicon.ico
WARNING 2025-12-07 11:58:44,200 basehttp "GET /favicon.ico HTTP/1.1" 404 7465
INFO 2025-12-07 11:58:53,141 basehttp "GET /accounts/register/ HTTP/1.1" 200 27836
INFO 2025-12-07 11:58:57,560 basehttp "GET /accounts/login/ HTTP/1.1" 200 28221
INFO 2025-12-07 11:59:03,328 basehttp "POST /accounts/login/ HTTP/1.1" 302 0
INFO 2025-12-07 11:59:03,495 basehttp "GET /hadith/ HTTP/1.1" 200 54793
INFO 2025-12-07 11:59:09,958 basehttp "GET /hadith/135/ HTTP/1.1" 200 26917
ERROR 2025-12-07 11:59:17,575 log Internal Server Error: /sanad/add/
Traceback (most recent call last):
  File "C:\Users\T\AppData\Local\Python\pythoncore-3.14-64\Lib\site-packages\django\core\handlers\exception.py", line 55, in inner
    response = get_response(request)
  File "C:\Users\T\AppData\Local\Python\pythoncore-3.14-64\Lib\site-packages\django\core\handlers\base.py", line 197, in _get_response
    response = wrapped_callback(request, *callback_args, **callback_kwargs)
  File "C:\Users\T\AppData\Local\Python\pythoncore-3.14-64\Lib\site-packages\django\views\generic\base.py", line 105, in view
    return self.dispatch(request, *args, **kwargs)
           ~~~~~~~~~~~~~^^^^^^^^^^^^^^^^^^^^^^^^^^
  File "C:\Users\T\AppData\Local\Python\pythoncore-3.14-64\Lib\site-packages\django\contrib\auth\mixins.py", line 73, in dispatch
    return super().dispatch(request, *args, **kwargs)
           ~~~~~~~~~~~~~~~~^^^^^^^^^^^^^^^^^^^^^^^^^^
  File "C:\Users\T\AppData\Local\Python\pythoncore-3.14-64\Lib\site-packages\django\views\generic\base.py", line 144, in dispatch
    return handler(request, *args, **kwargs)
  File "C:\Users\T\AppData\Local\Python\pythoncore-3.14-64\Lib\site-packages\django\views\generic\edit.py", line 180, in get
    return super().get(request, *args, **kwargs)
           ~~~~~~~~~~~^^^^^^^^^^^^^^^^^^^^^^^^^^
  File "C:\Users\T\AppData\Local\Python\pythoncore-3.14-64\Lib\site-packages\django\views\generic\edit.py", line 144, in get
    return self.render_to_response(self.get_context_data())
                                   ~~~~~~~~~~~~~~~~~~~~~^^
  File "D:\sanad-system\sanad_system\hadith_app\views\sanad_views.py", line 22, in get_context_data
    context['hadith'] = Hadith.objects.get(pk=self.kwargs['hadith_id'])
                                              ~~~~~~~~~~~^^^^^^^^^^^^^
KeyError: 'hadith_id'
ERROR 2025-12-07 11:59:17,618 basehttp "GET /sanad/add/ HTTP/1.1" 500 92166
INFO 2025-12-07 12:00:25,233 autoreload D:\sanad-system\sanad_system\hadith_app\urls.py changed, reloading.
INFO 2025-12-07 12:00:32,790 autoreload Watching for file changes with StatReloader
WARNING 2025-12-07 12:00:59,341 log Not Found: /sanad/add/
WARNING 2025-12-07 12:00:59,350 basehttp "GET /sanad/add/ HTTP/1.1" 404 7484
INFO 2025-12-07 12:01:30,165 basehttp "GET / HTTP/1.1" 200 26556
INFO 2025-12-07 12:01:34,331 basehttp "GET /hadith/ HTTP/1.1" 200 54793
INFO 2025-12-07 12:01:37,578 basehttp "GET /hadith/create/ HTTP/1.1" 200 30057
INFO 2025-12-07 12:02:04,579 basehttp "GET /admin HTTP/1.1" 301 0
INFO 2025-12-07 12:02:04,912 basehttp "GET /admin/ HTTP/1.1" 200 23847
INFO 2025-12-07 12:02:05,603 basehttp "GET /static/admin/css/base.css HTTP/1.1" 200 21310
INFO 2025-12-07 12:02:05,605 basehttp "GET /static/admin/css/dark_mode.css HTTP/1.1" 200 2929
INFO 2025-12-07 12:02:05,606 basehttp "GET /static/admin/css/admin-rtl.css HTTP/1.1" 200 2890
INFO 2025-12-07 12:02:05,705 basehttp "GET /static/admin/css/rtl.css HTTP/1.1" 200 4918
INFO 2025-12-07 12:02:05,706 basehttp "GET /static/admin/css/nav_sidebar.css HTTP/1.1" 200 2694
INFO 2025-12-07 12:02:05,706 basehttp "GET /static/admin/js/theme.js HTTP/1.1" 200 1943
INFO 2025-12-07 12:02:05,706 basehttp "GET /static/admin/css/dashboard.css HTTP/1.1" 200 441
INFO 2025-12-07 12:02:05,709 basehttp "GET /static/admin/css/responsive.css HTTP/1.1" 200 18559
INFO 2025-12-07 12:02:05,711 basehttp "GET /static/admin/js/nav_sidebar.js HTTP/1.1" 200 3063
INFO 2025-12-07 12:02:05,799 basehttp "GET /static/admin/css/responsive_rtl.css HTTP/1.1" 200 1864
INFO 2025-12-07 12:02:05,830 basehttp "GET /static/admin/img/icon-changelink.svg HTTP/1.1" 200 380
INFO 2025-12-07 12:02:05,831 basehttp "GET /static/admin/img/icon-addlink.svg HTTP/1.1" 200 331
INFO 2025-12-07 12:03:03,250 autoreload D:\sanad-system\sanad_system\hadith_app\admin_site.py changed, reloading.
INFO 2025-12-07 12:03:06,423 autoreload Watching for file changes with StatReloader
INFO 2025-12-07 12:03:13,551 autoreload D:\sanad-system\sanad_system\library_app\admin.py changed, reloading.
INFO 2025-12-07 12:03:15,284 autoreload Watching for file changes with StatReloader
INFO 2025-12-07 12:03:25,621 basehttp "GET /admin/ HTTP/1.1" 200 23847
INFO 2025-12-07 12:04:15,529 autoreload D:\sanad-system\sanad_system\hadith_app\admin_site.py changed, reloading.
INFO 2025-12-07 12:04:17,291 autoreload Watching for file changes with StatReloader
INFO 2025-12-07 12:04:19,981 autoreload D:\sanad-system\sanad_system\hadith_app\admin_site.py changed, reloading.
INFO 2025-12-07 12:04:21,463 autoreload Watching for file changes with StatReloader
INFO 2025-12-07 12:04:24,108 autoreload D:\sanad-system\sanad_system\hadith_app\admin_site.py changed, reloading.
INFO 2025-12-07 12:04:25,508 autoreload Watching for file changes with StatReloader
INFO 2025-12-07 12:04:36,138 basehttp "GET /admin/ HTTP/1.1" 200 23882
INFO 2025-12-07 12:04:36,177 basehttp "GET /static/admin/css/base.css HTTP/1.1" 304 0
INFO 2025-12-07 12:04:36,189 basehttp "GET /static/admin/css/rtl.css HTTP/1.1" 304 0
INFO 2025-12-07 12:04:36,197 basehttp "GET /static/admin/css/responsive.css HTTP/1.1" 304 0
INFO 2025-12-07 12:04:36,214 basehttp "GET /static/admin/css/dark_mode.css HTTP/1.1" 304 0
INFO 2025-12-07 12:04:36,214 basehttp "GET /static/admin/css/responsive_rtl.css HTTP/1.1" 304 0
INFO 2025-12-07 12:04:36,218 basehttp "GET /static/admin/js/theme.js HTTP/1.1" 304 0
INFO 2025-12-07 12:04:36,224 basehttp "GET /static/admin/css/nav_sidebar.css HTTP/1.1" 304 0
INFO 2025-12-07 12:04:36,231 basehttp "GET /static/admin/js/nav_sidebar.js HTTP/1.1" 304 0
INFO 2025-12-07 12:04:36,231 basehttp "GET /static/admin/css/dashboard.css HTTP/1.1" 304 0
INFO 2025-12-07 12:04:36,319 basehttp "GET /static/admin/img/icon-addlink.svg HTTP/1.1" 304 0
INFO 2025-12-07 12:04:36,320 basehttp "GET /static/admin/img/icon-changelink.svg HTTP/1.1" 304 0
INFO 2025-12-07 12:05:05,866 basehttp "GET /hadith/ HTTP/1.1" 200 54793
INFO 2025-12-07 12:05:16,353 basehttp "GET /hadith/?page=3 HTTP/1.1" 200 36809
INFO 2025-12-07 12:05:27,420 basehttp "GET /narrators/ HTTP/1.1" 200 33559
INFO 2025-12-07 12:05:34,582 basehttp "GET /narrators/3/ HTTP/1.1" 200 26978
INFO 2025-12-07 12:05:40,824 basehttp "GET /narrators/3/update/ HTTP/1.1" 200 28596
INFO 2025-12-07 12:05:46,763 basehttp "POST /narrators/3/update/ HTTP/1.1" 302 0
INFO 2025-12-07 12:05:46,846 basehttp "GET /narrators/ HTTP/1.1" 200 33786
INFO 2025-12-07 12:05:54,917 basehttp "GET /hadith/ HTTP/1.1" 200 54793
INFO 2025-12-07 12:11:05,794 basehttp "GET /hadith/ HTTP/1.1" 200 40568
ERROR 2025-12-07 12:11:17,934 log Internal Server Error: /hadith/169/
Traceback (most recent call last):
  File "C:\Users\T\AppData\Local\Python\pythoncore-3.14-64\Lib\site-packages\django\core\handlers\exception.py", line 55, in inner
    response = get_response(request)
  File "C:\Users\T\AppData\Local\Python\pythoncore-3.14-64\Lib\site-packages\django\core\handlers\base.py", line 220, in _get_response
    response = response.render()
  File "C:\Users\T\AppData\Local\Python\pythoncore-3.14-64\Lib\site-packages\django\template\response.py", line 114, in render
    self.content = self.rendered_content
                   ^^^^^^^^^^^^^^^^^^^^^
  File "C:\Users\T\AppData\Local\Python\pythoncore-3.14-64\Lib\site-packages\django\template\response.py", line 92, in rendered_content
    return template.render(context, self._request)
           ~~~~~~~~~~~~~~~^^^^^^^^^^^^^^^^^^^^^^^^
  File "C:\Users\T\AppData\Local\Python\pythoncore-3.14-64\Lib\site-packages\django\template\backends\django.py", line 61, in render
    return self.template.render(context)
           ~~~~~~~~~~~~~~~~~~~~^^^^^^^^^
  File "C:\Users\T\AppData\Local\Python\pythoncore-3.14-64\Lib\site-packages\django\template\base.py", line 175, in render
    return self._render(context)
           ~~~~~~~~~~~~^^^^^^^^^
  File "C:\Users\T\AppData\Local\Python\pythoncore-3.14-64\Lib\site-packages\django\template\base.py", line 167, in _render
    return self.nodelist.render(context)
           ~~~~~~~~~~~~~~~~~~~~^^^^^^^^^
  File "C:\Users\T\AppData\Local\Python\pythoncore-3.14-64\Lib\site-packages\django\template\base.py", line 1005, in render
    return SafeString("".join([node.render_annotated(context) for node in self]))
                               ~~~~~~~~~~~~~~~~~~~~~^^^^^^^^^
  File "C:\Users\T\AppData\Local\Python\pythoncore-3.14-64\Lib\site-packages\django\template\base.py", line 966, in render_annotated
    return self.render(context)
           ~~~~~~~~~~~^^^^^^^^^
  File "C:\Users\T\AppData\Local\Python\pythoncore-3.14-64\Lib\site-packages\django\template\loader_tags.py", line 157, in render
    return compiled_parent._render(context)
           ~~~~~~~~~~~~~~~~~~~~~~~^^^^^^^^^
  File "C:\Users\T\AppData\Local\Python\pythoncore-3.14-64\Lib\site-packages\django\template\base.py", line 167, in _render
    return self.nodelist.render(context)
           ~~~~~~~~~~~~~~~~~~~~^^^^^^^^^
  File "C:\Users\T\AppData\Local\Python\pythoncore-3.14-64\Lib\site-packages\django\template\base.py", line 1005, in render
    return SafeString("".join([node.render_annotated(context) for node in self]))
                               ~~~~~~~~~~~~~~~~~~~~~^^^^^^^^^
  File "C:\Users\T\AppData\Local\Python\pythoncore-3.14-64\Lib\site-packages\django\template\base.py", line 966, in render_annotated
    return self.render(context)
           ~~~~~~~~~~~^^^^^^^^^
  File "C:\Users\T\AppData\Local\Python\pythoncore-3.14-64\Lib\site-packages\django\template\loader_tags.py", line 63, in render
    result = block.nodelist.render(context)
  File "C:\Users\T\AppData\Local\Python\pythoncore-3.14-64\Lib\site-packages\django\template\base.py", line 1005, in render
    return SafeString("".join([node.render_annotated(context) for node in self]))
                               ~~~~~~~~~~~~~~~~~~~~~^^^^^^^^^
  File "C:\Users\T\AppData\Local\Python\pythoncore-3.14-64\Lib\site-packages\django\template\base.py", line 966, in render_annotated
    return self.render(context)
           ~~~~~~~~~~~^^^^^^^^^
  File "C:\Users\T\AppData\Local\Python\pythoncore-3.14-64\Lib\site-packages\django\template\defaulttags.py", line 471, in render
    url = reverse(view_name, args=args, kwargs=kwargs, current_app=current_app)
  File "C:\Users\T\AppData\Local\Python\pythoncore-3.14-64\Lib\site-packages\django\urls\base.py", line 88, in reverse
    return resolver._reverse_with_prefix(view, prefix, *args, **kwargs)
           ~~~~~~~~~~~~~~~~~~~~~~~~~~~~~^^^^^^^^^^^^^^^^^^^^^^^^^^^^^^^
  File "C:\Users\T\AppData\Local\Python\pythoncore-3.14-64\Lib\site-packages\django\urls\resolvers.py", line 828, in _reverse_with_prefix
    raise NoReverseMatch(msg)
django.urls.exceptions.NoReverseMatch: Reverse for 'sanad_add' with no arguments not found. 1 pattern(s) tried: ['sanad/(?P<hadith_id>[0-9]+)/add/\\Z']
ERROR 2025-12-07 12:11:18,071 basehttp "GET /hadith/169/ HTTP/1.1" 500 157409
INFO 2025-12-07 12:12:11,048 basehttp "GET /hadith/169/ HTTP/1.1" 200 26722
INFO 2025-12-07 12:12:19,344 basehttp "GET /sanad/169/add/ HTTP/1.1" 200 28788
INFO 2025-12-07 12:12:29,047 basehttp "GET /hadith/169/update/ HTTP/1.1" 200 30486
INFO 2025-12-07 12:12:37,026 basehttp "GET /hadith/create/ HTTP/1.1" 200 30057
INFO 2025-12-07 12:12:42,105 basehttp "GET /hadith/ HTTP/1.1" 200 40568
INFO 2025-12-07 12:12:55,202 basehttp "GET /profile/ HTTP/1.1" 200 30963
INFO 2025-12-07 12:13:07,836 basehttp "GET / HTTP/1.1" 200 26556
INFO 2025-12-07 12:13:10,879 basehttp "GET /hadith/ HTTP/1.1" 200 40568
INFO 2025-12-07 12:13:18,296 basehttp "GET /hadith/?grade=&category=2 HTTP/1.1" 200 40609
INFO 2025-12-07 12:13:25,113 basehttp "GET /hadith/?grade=hasan&category=2 HTTP/1.1" 200 26997
INFO 2025-12-07 12:13:31,065 basehttp "GET /hadith/?grade=sahih&category=2 HTTP/1.1" 200 40653
INFO 2025-12-07 12:13:45,682 basehttp "GET /narrators/ HTTP/1.1" 200 33559
INFO 2025-12-07 12:13:58,151 basehttp "GET /library/ HTTP/1.1" 200 32201
INFO 2025-12-07 12:14:03,018 basehttp "GET /library/document/1/ HTTP/1.1" 200 30571
ERROR 2025-12-07 12:14:19,166 log Internal Server Error: /library/document/1/delete/
Traceback (most recent call last):
  File "C:\Users\T\AppData\Local\Python\pythoncore-3.14-64\Lib\site-packages\django\core\handlers\exception.py", line 55, in inner
    response = get_response(request)
  File "C:\Users\T\AppData\Local\Python\pythoncore-3.14-64\Lib\site-packages\django\core\handlers\base.py", line 220, in _get_response
    response = response.render()
  File "C:\Users\T\AppData\Local\Python\pythoncore-3.14-64\Lib\site-packages\django\template\response.py", line 114, in render
    self.content = self.rendered_content
                   ^^^^^^^^^^^^^^^^^^^^^
  File "C:\Users\T\AppData\Local\Python\pythoncore-3.14-64\Lib\site-packages\django\template\response.py", line 90, in rendered_content
    template = self.resolve_template(self.template_name)
  File "C:\Users\T\AppData\Local\Python\pythoncore-3.14-64\Lib\site-packages\django\template\response.py", line 72, in resolve_template
    return select_template(template, using=self.using)
  File "C:\Users\T\AppData\Local\Python\pythoncore-3.14-64\Lib\site-packages\django\template\loader.py", line 47, in select_template
    raise TemplateDoesNotExist(", ".join(template_name_list), chain=chain)
django.template.exceptions.TemplateDoesNotExist: library_app/document_confirm_delete.html
ERROR 2025-12-07 12:14:19,178 basehttp "GET /library/document/1/delete/ HTTP/1.1" 500 84624
WARNING 2025-12-07 12:14:19,453 log Not Found: /favicon.ico
INFO 2025-12-07 12:14:19,457 basehttp - Broken pipe from ('127.0.0.1', 60544)
INFO 2025-12-07 12:15:23,844 basehttp "GET /library/document/1/delete/ HTTP/1.1" 200 27850
INFO 2025-12-07 12:15:30,026 basehttp "POST /library/document/1/delete/ HTTP/1.1" 302 0
INFO 2025-12-07 12:15:31,464 basehttp "GET /library/ HTTP/1.1" 200 30519
INFO 2025-12-07 12:15:36,132 basehttp "GET /library/document/2/ HTTP/1.1" 200 30403
INFO 2025-12-07 12:15:44,414 basehttp "GET /library/document/2/delete/ HTTP/1.1" 200 27751
INFO 2025-12-07 12:15:49,935 basehttp "POST /library/document/2/delete/ HTTP/1.1" 302 0
INFO 2025-12-07 12:15:52,848 basehttp "GET /library/ HTTP/1.1" 200 28879
INFO 2025-12-07 12:16:02,698 basehttp "GET /library/document/3/ HTTP/1.1" 200 32936
INFO 2025-12-07 12:16:03,035 basehttp "GET /library/document/3/pdf/ HTTP/1.1" 200 8415
INFO 2025-12-07 12:16:06,368 basehttp - Broken pipe from ('127.0.0.1', 61039)
INFO 2025-12-07 12:16:07,520 basehttp "GET /media/library/%D9%83%D8%AA%D8%A7%D8%A8/2025/_79565.pdf HTTP/1.1" 200 45304371
INFO 2025-12-07 12:17:06,325 autoreload D:\sanad-system\sanad_system\library_app\views.py changed, reloading.
INFO 2025-12-07 12:17:10,835 autoreload Watching for file changes with StatReloader
INFO 2025-12-07 12:17:19,351 basehttp "GET /library/document/3/ HTTP/1.1" 200 32936
INFO 2025-12-07 12:17:19,562 basehttp "GET /library/document/3/pdf/ HTTP/1.1" 200 8415
INFO 2025-12-07 12:17:24,624 basehttp "GET /media/library/%D9%83%D8%AA%D8%A7%D8%A8/2025/_79565.pdf HTTP/1.1" 200 45304371
INFO 2025-12-07 12:17:24,644 basehttp "GET /media/library/%D9%83%D8%AA%D8%A7%D8%A8/2025/_79565.pdf HTTP/1.1" 200 45304371
INFO 2025-12-07 12:19:54,885 autoreload D:\sanad-system\sanad_system\library_app\urls.py changed, reloading.
INFO 2025-12-07 12:20:02,956 autoreload Watching for file changes with StatReloader
INFO 2025-12-07 13:58:31,135 autoreload Watching for file changes with StatReloader
INFO 2025-12-07 14:01:21,309 autoreload D:\sanad-system\sanad_system\library_app\urls.py changed, reloading.
INFO 2025-12-07 14:01:21,302 autoreload D:\sanad-system\sanad_system\library_app\urls.py changed, reloading.
INFO 2025-12-07 14:01:23,933 autoreload Watching for file changes with StatReloader
INFO 2025-12-07 14:03:00,723 autoreload D:\sanad-system\sanad_system\library_app\urls.py changed, reloading.
INFO 2025-12-07 14:03:00,855 autoreload D:\sanad-system\sanad_system\library_app\urls.py changed, reloading.
INFO 2025-12-07 14:03:02,909 autoreload Watching for file changes with StatReloader
INFO 2025-12-07 14:03:03,043 autoreload Watching for file changes with StatReloader
INFO 2025-12-07 14:03:20,480 autoreload Watching for file changes with StatReloader
INFO 2025-12-07 14:03:42,493 basehttp "GET /library/ HTTP/1.1" 200 29477
INFO 2025-12-07 14:03:43,838 basehttp - Broken pipe from ('127.0.0.1', 54538)
INFO 2025-12-07 14:03:46,071 basehttp - Broken pipe from ('127.0.0.1', 54531)
ERROR 2025-12-07 14:03:52,516 log Internal Server Error: /library/search/
Traceback (most recent call last):
  File "C:\Users\T\AppData\Local\Python\pythoncore-3.14-64\Lib\site-packages\django\core\handlers\exception.py", line 55, in inner
    response = get_response(request)
  File "C:\Users\T\AppData\Local\Python\pythoncore-3.14-64\Lib\site-packages\django\core\handlers\base.py", line 197, in _get_response
    response = wrapped_callback(request, *callback_args, **callback_kwargs)
  File "C:\Users\T\AppData\Local\Python\pythoncore-3.14-64\Lib\site-packages\django\views\generic\base.py", line 105, in view
    return self.dispatch(request, *args, **kwargs)
           ~~~~~~~~~~~~~^^^^^^^^^^^^^^^^^^^^^^^^^^
  File "C:\Users\T\AppData\Local\Python\pythoncore-3.14-64\Lib\site-packages\django\views\generic\base.py", line 144, in dispatch
    return handler(request, *args, **kwargs)
  File "D:\sanad-system\sanad_system\library_app\document_search_views.py", line 44, in get
    'document_types': DocumentType.objects.all(),
                      ^^^^^^^^^^^^
NameError: name 'DocumentType' is not defined. Did you mean: 'document_type'?
ERROR 2025-12-07 14:03:52,801 basehttp "GET /library/search/ HTTP/1.1" 500 79493
INFO 2025-12-07 14:04:13,516 autoreload D:\sanad-system\sanad_system\library_app\document_search_views.py changed, reloading.
INFO 2025-12-07 14:04:13,660 autoreload D:\sanad-system\sanad_system\library_app\document_search_views.py changed, reloading.
INFO 2025-12-07 14:04:13,908 autoreload D:\sanad-system\sanad_system\library_app\document_search_views.py changed, reloading.
INFO 2025-12-07 14:04:17,675 autoreload Watching for file changes with StatReloader
INFO 2025-12-07 14:04:17,844 autoreload Watching for file changes with StatReloader
INFO 2025-12-07 14:04:17,892 autoreload Watching for file changes with StatReloader
INFO 2025-12-07 14:04:32,746 basehttp "GET /library/search/ HTTP/1.1" 200 29733
INFO 2025-12-07 14:05:35,364 basehttp "GET /library/search/ HTTP/1.1" 200 29733
INFO 2025-12-07 14:05:38,335 basehttp "GET /library/search/ HTTP/1.1" 200 29733
INFO 2025-12-07 14:06:08,122 autoreload Watching for file changes with StatReloader
INFO 2025-12-07 14:06:35,886 basehttp "GET /library/search/ HTTP/1.1" 200 29733
INFO 2025-12-07 14:06:37,251 basehttp "GET /library/search/ HTTP/1.1" 200 29733
INFO 2025-12-07 14:06:38,207 basehttp "GET /library/search/ HTTP/1.1" 200 29733
INFO 2025-12-07 14:06:39,301 basehttp "GET /library/search/ HTTP/1.1" 200 29733
INFO 2025-12-07 14:06:41,686 basehttp "GET /library/ HTTP/1.1" 200 29477
INFO 2025-12-07 14:06:44,609 basehttp "GET /narrators/ HTTP/1.1" 200 33559
INFO 2025-12-07 14:06:47,447 basehttp "GET / HTTP/1.1" 200 26556
INFO 2025-12-07 14:06:50,742 basehttp "GET /library/ HTTP/1.1" 200 29477
INFO 2025-12-07 14:06:53,831 basehttp "GET /library/search/ HTTP/1.1" 200 29733
INFO 2025-12-07 14:07:37,154 autoreload Watching for file changes with StatReloader
INFO 2025-12-07 14:07:49,276 basehttp "GET /library/search/ HTTP/1.1" 200 29733
INFO 2025-12-07 14:07:50,390 basehttp "GET /library/search/ HTTP/1.1" 200 29733
INFO 2025-12-07 14:07:51,461 basehttp "GET /library/search/ HTTP/1.1" 200 29733
INFO 2025-12-07 14:08:08,506 basehttp "GET /library/search/ HTTP/1.1" 200 29733
INFO 2025-12-07 14:08:11,451 basehttp "GET /library/search/ HTTP/1.1" 200 29733
INFO 2025-12-07 14:08:37,336 autoreload D:\sanad-system\sanad_system\library_app\document_search_views.py changed, reloading.
INFO 2025-12-07 14:08:37,377 autoreload D:\sanad-system\sanad_system\library_app\document_search_views.py changed, reloading.
INFO 2025-12-07 14:08:37,792 autoreload D:\sanad-system\sanad_system\library_app\document_search_views.py changed, reloading.
INFO 2025-12-07 14:08:41,114 autoreload Watching for file changes with StatReloader
INFO 2025-12-07 14:08:41,331 autoreload Watching for file changes with StatReloader
INFO 2025-12-07 14:08:42,486 autoreload Watching for file changes with StatReloader
INFO 2025-12-07 14:08:47,551 autoreload D:\sanad-system\sanad_system\library_app\document_search_views.py changed, reloading.
INFO 2025-12-07 14:08:47,757 autoreload D:\sanad-system\sanad_system\library_app\document_search_views.py changed, reloading.
INFO 2025-12-07 14:08:48,334 autoreload D:\sanad-system\sanad_system\library_app\document_search_views.py changed, reloading.
INFO 2025-12-07 14:08:49,557 autoreload Watching for file changes with StatReloader
INFO 2025-12-07 14:08:49,919 autoreload Watching for file changes with StatReloader
INFO 2025-12-07 14:08:50,750 autoreload Watching for file changes with StatReloader
INFO 2025-12-07 14:08:52,784 autoreload D:\sanad-system\sanad_system\library_app\document_search_views.py changed, reloading.
INFO 2025-12-07 14:08:53,065 autoreload D:\sanad-system\sanad_system\library_app\document_search_views.py changed, reloading.
INFO 2025-12-07 14:08:53,968 autoreload D:\sanad-system\sanad_system\library_app\document_search_views.py changed, reloading.
INFO 2025-12-07 14:08:56,118 autoreload Watching for file changes with StatReloader
INFO 2025-12-07 14:08:56,560 autoreload Watching for file changes with StatReloader
INFO 2025-12-07 14:08:56,899 autoreload Watching for file changes with StatReloader
INFO 2025-12-07 14:09:13,398 basehttp "GET /library/search/ HTTP/1.1" 200 29450
INFO 2025-12-07 14:09:16,777 basehttp "GET /library/search/ HTTP/1.1" 200 29450
INFO 2025-12-07 14:09:34,415 basehttp "GET /library/search/?q=%D8%B5%D9%84%D8%A7%D8%A9&type= HTTP/1.1" 200 29772
INFO 2025-12-07 14:09:45,216 basehttp "GET /library/ HTTP/1.1" 200 29477
INFO 2025-12-07 14:09:47,523 basehttp "GET /hadith/ HTTP/1.1" 200 40568
INFO 2025-12-07 14:10:39,394 autoreload Watching for file changes with StatReloader
INFO 2025-12-07 14:10:51,562 basehttp "GET /hadith/ HTTP/1.1" 200 61818
INFO 2025-12-07 14:11:00,532 basehttp "GET /hadith/216/ HTTP/1.1" 200 27754
INFO 2025-12-07 14:11:44,873 basehttp "GET /hadith/ HTTP/1.1" 200 61818
INFO 2025-12-07 14:11:53,658 basehttp "GET /hadith/?grade=&category=2 HTTP/1.1" 200 61859
INFO 2025-12-07 14:11:56,810 basehttp "GET /hadith/?grade=&category=2 HTTP/1.1" 200 61859
INFO 2025-12-07 14:12:01,606 basehttp "GET /hadith/?grade=sahih&category=2 HTTP/1.1" 200 61903
INFO 2025-12-07 14:18:35,525 autoreload D:\sanad-system\sanad_system\hadith_app\forms\search_forms.py changed, reloading.
INFO 2025-12-07 14:18:35,556 autoreload D:\sanad-system\sanad_system\hadith_app\forms\search_forms.py changed, reloading.
INFO 2025-12-07 14:18:35,619 autoreload D:\sanad-system\sanad_system\hadith_app\forms\search_forms.py changed, reloading.
INFO 2025-12-07 14:18:48,895 autoreload Watching for file changes with StatReloader
INFO 2025-12-07 14:18:48,899 autoreload Watching for file changes with StatReloader
INFO 2025-12-07 14:18:48,993 autoreload Watching for file changes with StatReloader
INFO 2025-12-07 14:23:43,617 autoreload D:\sanad-system\sanad_system\hadith_app\urls.py changed, reloading.
INFO 2025-12-07 14:23:43,721 autoreload D:\sanad-system\sanad_system\hadith_app\urls.py changed, reloading.
INFO 2025-12-07 14:23:44,730 autoreload D:\sanad-system\sanad_system\hadith_app\urls.py changed, reloading.
INFO 2025-12-07 14:23:50,528 autoreload Watching for file changes with StatReloader
INFO 2025-12-07 14:23:50,531 autoreload Watching for file changes with StatReloader
INFO 2025-12-07 14:23:50,540 autoreload Watching for file changes with StatReloader
INFO 2025-12-07 14:26:01,681 autoreload D:\sanad-system\sanad_system\hadith_app\views\sanad_tree_views.py changed, reloading.
INFO 2025-12-07 14:26:01,738 autoreload D:\sanad-system\sanad_system\hadith_app\views\sanad_tree_views.py changed, reloading.
INFO 2025-12-07 14:26:01,868 autoreload D:\sanad-system\sanad_system\hadith_app\views\sanad_tree_views.py changed, reloading.
INFO 2025-12-07 14:26:05,025 autoreload Watching for file changes with StatReloader
INFO 2025-12-07 14:26:06,155 autoreload Watching for file changes with StatReloader
INFO 2025-12-07 14:26:06,616 autoreload Watching for file changes with StatReloader
INFO 2025-12-07 14:28:01,872 autoreload Watching for file changes with StatReloader
INFO 2025-12-07 14:28:11,216 basehttp "GET /hadith/?grade=sahih&category=2 HTTP/1.1" 200 61903
INFO 2025-12-07 14:28:11,380 basehttp "GET /static/css/style.css HTTP/1.1" 304 0
INFO 2025-12-07 14:28:11,391 basehttp "GET /static/js/main.js HTTP/1.1" 304 0
INFO 2025-12-07 14:28:16,278 basehttp "GET /hadith/216/ HTTP/1.1" 200 27755
INFO 2025-12-07 14:28:20,470 basehttp "GET /hadith/ HTTP/1.1" 200 61818
INFO 2025-12-07 14:28:27,850 basehttp "GET /hadith/?page=3 HTTP/1.1" 200 40895
INFO 2025-12-07 14:28:33,681 basehttp "GET /hadith/?page=5 HTTP/1.1" 200 55156
INFO 2025-12-07 14:28:39,542 basehttp "GET /hadith/?page=7 HTTP/1.1" 200 36881
INFO 2025-12-07 14:28:58,027 basehttp - Broken pipe from ('127.0.0.1', 57664)
INFO 2025-12-07 14:28:58,189 basehttp "GET /hadith/1/ HTTP/1.1" 200 34239
ERROR 2025-12-07 14:29:54,568 log Internal Server Error: /sanad/1/tree/
Traceback (most recent call last):
  File "C:\Users\T\AppData\Local\Python\pythoncore-3.14-64\Lib\site-packages\django\core\handlers\exception.py", line 55, in inner
    response = get_response(request)
  File "C:\Users\T\AppData\Local\Python\pythoncore-3.14-64\Lib\site-packages\django\core\handlers\base.py", line 197, in _get_response
    response = wrapped_callback(request, *callback_args, **callback_kwargs)
  File "C:\Users\T\AppData\Local\Python\pythoncore-3.14-64\Lib\site-packages\django\views\generic\base.py", line 105, in view
    return self.dispatch(request, *args, **kwargs)
           ~~~~~~~~~~~~~^^^^^^^^^^^^^^^^^^^^^^^^^^
  File "C:\Users\T\AppData\Local\Python\pythoncore-3.14-64\Lib\site-packages\django\views\generic\base.py", line 144, in dispatch
    return handler(request, *args, **kwargs)
  File "C:\Users\T\AppData\Local\Python\pythoncore-3.14-64\Lib\site-packages\django\views\generic\detail.py", line 108, in get
    self.object = self.get_object()
                  ~~~~~~~~~~~~~~~^^
  File "C:\Users\T\AppData\Local\Python\pythoncore-3.14-64\Lib\site-packages\django\views\generic\detail.py", line 46, in get_object
    raise AttributeError(
    ...<2 lines>...
    )
AttributeError: Generic detail view SanadTreeView must be called with either an object pk or a slug in the URLconf.
ERROR 2025-12-07 14:29:54,586 basehttp "GET /sanad/1/tree/ HTTP/1.1" 500 83142
INFO 2025-12-07 14:31:17,883 autoreload Watching for file changes with StatReloader
INFO 2025-12-07 14:32:12,044 autoreload D:\sanad-system\sanad_system\hadith_app\views\sanad_tree_views.py changed, reloading.
INFO 2025-12-07 14:32:18,100 autoreload Watching for file changes with StatReloader
INFO 2025-12-07 14:32:22,160 autoreload D:\sanad-system\sanad_system\hadith_app\views\sanad_tree_views.py changed, reloading.
INFO 2025-12-07 14:32:24,810 autoreload Watching for file changes with StatReloader
INFO 2025-12-07 14:32:29,644 autoreload D:\sanad-system\sanad_system\hadith_app\views\sanad_tree_views.py changed, reloading.
INFO 2025-12-07 14:32:31,874 autoreload Watching for file changes with StatReloader
INFO 2025-12-07 14:32:36,559 autoreload D:\sanad-system\sanad_system\hadith_app\views\sanad_tree_views.py changed, reloading.
INFO 2025-12-07 14:32:38,599 autoreload Watching for file changes with StatReloader
INFO 2025-12-07 14:34:20,244 autoreload D:\sanad-system\sanad_system\hadith_app\views\sanad_tree_views.py changed, reloading.
INFO 2025-12-07 14:34:22,634 autoreload Watching for file changes with StatReloader
ERROR 2025-12-07 14:36:30,563 log Internal Server Error: /sanad/1/tree/
Traceback (most recent call last):
  File "C:\Users\T\AppData\Local\Python\pythoncore-3.14-64\Lib\site-packages\django\core\handlers\exception.py", line 55, in inner
    response = get_response(request)
  File "C:\Users\T\AppData\Local\Python\pythoncore-3.14-64\Lib\site-packages\django\core\handlers\base.py", line 197, in _get_response
    response = wrapped_callback(request, *callback_args, **callback_kwargs)
  File "C:\Users\T\AppData\Local\Python\pythoncore-3.14-64\Lib\site-packages\django\views\generic\base.py", line 105, in view
    return self.dispatch(request, *args, **kwargs)
           ~~~~~~~~~~~~~^^^^^^^^^^^^^^^^^^^^^^^^^^
  File "C:\Users\T\AppData\Local\Python\pythoncore-3.14-64\Lib\site-packages\django\views\generic\base.py", line 144, in dispatch
    return handler(request, *args, **kwargs)
  File "C:\Users\T\AppData\Local\Python\pythoncore-3.14-64\Lib\site-packages\django\views\generic\detail.py", line 108, in get
    self.object = self.get_object()
                  ~~~~~~~~~~~~~~~^^
  File "C:\Users\T\AppData\Local\Python\pythoncore-3.14-64\Lib\site-packages\django\views\generic\detail.py", line 46, in get_object
    raise AttributeError(
    ...<2 lines>...
    )
AttributeError: Generic detail view SanadTreeView must be called with either an object pk or a slug in the URLconf.
INFO 2025-12-07 14:36:38,344 autoreload D:\sanad-system\sanad_system\hadith_app\views\sanad_tree_views.py changed, reloading.
INFO 2025-12-07 14:36:40,458 autoreload Watching for file changes with StatReloader
ERROR 2025-12-07 14:36:52,352 log Internal Server Error: /sanad/1/tree/
Traceback (most recent call last):
  File "C:\Users\T\AppData\Local\Python\pythoncore-3.14-64\Lib\site-packages\django\core\handlers\exception.py", line 55, in inner
    response = get_response(request)
  File "C:\Users\T\AppData\Local\Python\pythoncore-3.14-64\Lib\site-packages\django\core\handlers\base.py", line 197, in _get_response
    response = wrapped_callback(request, *callback_args, **callback_kwargs)
  File "C:\Users\T\AppData\Local\Python\pythoncore-3.14-64\Lib\site-packages\django\views\generic\base.py", line 105, in view
    return self.dispatch(request, *args, **kwargs)
           ~~~~~~~~~~~~~^^^^^^^^^^^^^^^^^^^^^^^^^^
  File "C:\Users\T\AppData\Local\Python\pythoncore-3.14-64\Lib\site-packages\django\views\generic\base.py", line 144, in dispatch
    return handler(request, *args, **kwargs)
  File "C:\Users\T\AppData\Local\Python\pythoncore-3.14-64\Lib\site-packages\django\views\generic\detail.py", line 109, in get
    context = self.get_context_data(object=self.object)
  File "D:\sanad-system\sanad_system\hadith_app\views\sanad_tree_views.py", line 21, in get_context_data
    sanads = hadith.sanad_set.all().prefetch_related('narrators__narrator')
             ^^^^^^^^^^^^^^^^
AttributeError: 'Hadith' object has no attribute 'sanad_set'
INFO 2025-12-07 14:36:59,169 autoreload D:\sanad-system\sanad_system\hadith_app\views\sanad_tree_views.py changed, reloading.
INFO 2025-12-07 14:37:01,753 autoreload Watching for file changes with StatReloader
INFO 2025-12-07 14:37:04,609 autoreload D:\sanad-system\sanad_system\hadith_app\views\sanad_tree_views.py changed, reloading.
INFO 2025-12-07 14:37:06,264 autoreload Watching for file changes with StatReloader
ERROR 2025-12-07 14:37:17,891 log Internal Server Error: /sanad/1/tree/
Traceback (most recent call last):
  File "C:\Users\T\AppData\Local\Python\pythoncore-3.14-64\Lib\site-packages\django\core\handlers\exception.py", line 55, in inner
    response = get_response(request)
  File "C:\Users\T\AppData\Local\Python\pythoncore-3.14-64\Lib\site-packages\django\core\handlers\base.py", line 197, in _get_response
    response = wrapped_callback(request, *callback_args, **callback_kwargs)
  File "C:\Users\T\AppData\Local\Python\pythoncore-3.14-64\Lib\site-packages\django\views\generic\base.py", line 105, in view
    return self.dispatch(request, *args, **kwargs)
           ~~~~~~~~~~~~~^^^^^^^^^^^^^^^^^^^^^^^^^^
  File "C:\Users\T\AppData\Local\Python\pythoncore-3.14-64\Lib\site-packages\django\views\generic\base.py", line 144, in dispatch
    return handler(request, *args, **kwargs)
  File "C:\Users\T\AppData\Local\Python\pythoncore-3.14-64\Lib\site-packages\django\views\generic\detail.py", line 109, in get
    context = self.get_context_data(object=self.object)
  File "D:\sanad-system\sanad_system\hadith_app\views\sanad_tree_views.py", line 25, in get_context_data
    for sanad in sanads:
                 ^^^^^^
  File "C:\Users\T\AppData\Local\Python\pythoncore-3.14-64\Lib\site-packages\django\db\models\query.py", line 400, in __iter__
    self._fetch_all()
    ~~~~~~~~~~~~~~~^^
  File "C:\Users\T\AppData\Local\Python\pythoncore-3.14-64\Lib\site-packages\django\db\models\query.py", line 1888, in _fetch_all
    self._prefetch_related_objects()
    ~~~~~~~~~~~~~~~~~~~~~~~~~~~~~~^^
  File "C:\Users\T\AppData\Local\Python\pythoncore-3.14-64\Lib\site-packages\django\db\models\query.py", line 1275, in _prefetch_related_objects
    prefetch_related_objects(self._result_cache, *self._prefetch_related_lookups)
    ~~~~~~~~~~~~~~~~~~~~~~~~^^^^^^^^^^^^^^^^^^^^^^^^^^^^^^^^^^^^^^^^^^^^^^^^^^^^^
  File "C:\Users\T\AppData\Local\Python\pythoncore-3.14-64\Lib\site-packages\django\db\models\query.py", line 2301, in prefetch_related_objects
    raise AttributeError(
    ...<7 lines>...
    )
AttributeError: Cannot find 'narrator' on Narrator object, 'narrators__narrator' is an invalid parameter to prefetch_related()
INFO 2025-12-07 14:37:25,491 autoreload D:\sanad-system\sanad_system\hadith_app\views\sanad_tree_views.py changed, reloading.
INFO 2025-12-07 14:37:27,084 autoreload Watching for file changes with StatReloader
INFO 2025-12-07 14:37:30,891 autoreload D:\sanad-system\sanad_system\hadith_app\views\sanad_tree_views.py changed, reloading.
INFO 2025-12-07 14:37:32,997 autoreload Watching for file changes with StatReloader
ERROR 2025-12-07 14:37:55,433 log Internal Server Error: /sanad/1/tree/
Traceback (most recent call last):
  File "C:\Users\T\AppData\Local\Python\pythoncore-3.14-64\Lib\site-packages\django\core\handlers\exception.py", line 55, in inner
    response = get_response(request)
  File "C:\Users\T\AppData\Local\Python\pythoncore-3.14-64\Lib\site-packages\django\core\handlers\base.py", line 197, in _get_response
    response = wrapped_callback(request, *callback_args, **callback_kwargs)
  File "C:\Users\T\AppData\Local\Python\pythoncore-3.14-64\Lib\site-packages\django\views\generic\base.py", line 105, in view
    return self.dispatch(request, *args, **kwargs)
           ~~~~~~~~~~~~~^^^^^^^^^^^^^^^^^^^^^^^^^^
  File "C:\Users\T\AppData\Local\Python\pythoncore-3.14-64\Lib\site-packages\django\views\generic\base.py", line 144, in dispatch
    return handler(request, *args, **kwargs)
  File "C:\Users\T\AppData\Local\Python\pythoncore-3.14-64\Lib\site-packages\django\views\generic\detail.py", line 109, in get
    context = self.get_context_data(object=self.object)
  File "D:\sanad-system\sanad_system\hadith_app\views\sanad_tree_views.py", line 30, in get_context_data
    'tree_json': json.dumps(tree_data, ensure_ascii=False)
                 ~~~~~~~~~~^^^^^^^^^^^^^^^^^^^^^^^^^^^^^^^
  File "C:\Users\T\AppData\Local\Python\pythoncore-3.14-64\Lib\json\__init__.py", line 242, in dumps
    **kw).encode(obj)
          ~~~~~~^^^^^
  File "C:\Users\T\AppData\Local\Python\pythoncore-3.14-64\Lib\json\encoder.py", line 202, in encode
    chunks = self.iterencode(o, _one_shot=True)
  File "C:\Users\T\AppData\Local\Python\pythoncore-3.14-64\Lib\json\encoder.py", line 263, in iterencode
    return _iterencode(o, 0)
  File "C:\Users\T\AppData\Local\Python\pythoncore-3.14-64\Lib\json\encoder.py", line 182, in default
    raise TypeError(f'Object of type {o.__class__.__name__} '
                    f'is not JSON serializable')
TypeError: Object of type __proxy__ is not JSON serializable
when serializing dict item 'special'
when serializing list item 0
when serializing dict item 'nodes'
INFO 2025-12-07 14:38:06,382 autoreload D:\sanad-system\sanad_system\hadith_app\views\sanad_tree_views.py changed, reloading.
INFO 2025-12-07 14:38:08,909 autoreload Watching for file changes with StatReloader
INFO 2025-12-07 14:38:11,223 autoreload D:\sanad-system\sanad_system\hadith_app\views\sanad_tree_views.py changed, reloading.
INFO 2025-12-07 14:38:12,545 autoreload Watching for file changes with StatReloader
INFO 2025-12-07 14:38:15,546 autoreload D:\sanad-system\sanad_system\hadith_app\views\sanad_tree_views.py changed, reloading.
INFO 2025-12-07 14:38:17,015 autoreload Watching for file changes with StatReloader
ERROR 2025-12-07 14:38:24,165 log Internal Server Error: /sanad/1/tree/
Traceback (most recent call last):
  File "C:\Users\T\AppData\Local\Python\pythoncore-3.14-64\Lib\site-packages\django\core\handlers\exception.py", line 55, in inner
    response = get_response(request)
  File "C:\Users\T\AppData\Local\Python\pythoncore-3.14-64\Lib\site-packages\django\core\handlers\base.py", line 197, in _get_response
    response = wrapped_callback(request, *callback_args, **callback_kwargs)
  File "C:\Users\T\AppData\Local\Python\pythoncore-3.14-64\Lib\site-packages\django\views\generic\base.py", line 105, in view
    return self.dispatch(request, *args, **kwargs)
           ~~~~~~~~~~~~~^^^^^^^^^^^^^^^^^^^^^^^^^^
  File "C:\Users\T\AppData\Local\Python\pythoncore-3.14-64\Lib\site-packages\django\views\generic\base.py", line 144, in dispatch
    return handler(request, *args, **kwargs)
  File "C:\Users\T\AppData\Local\Python\pythoncore-3.14-64\Lib\site-packages\django\views\generic\detail.py", line 109, in get
    context = self.get_context_data(object=self.object)
  File "D:\sanad-system\sanad_system\hadith_app\views\sanad_tree_views.py", line 30, in get_context_data
    'tree_json': json.dumps(tree_data, ensure_ascii=False)
                 ~~~~~~~~~~^^^^^^^^^^^^^^^^^^^^^^^^^^^^^^^
  File "C:\Users\T\AppData\Local\Python\pythoncore-3.14-64\Lib\json\__init__.py", line 242, in dumps
    **kw).encode(obj)
          ~~~~~~^^^^^
  File "C:\Users\T\AppData\Local\Python\pythoncore-3.14-64\Lib\json\encoder.py", line 202, in encode
    chunks = self.iterencode(o, _one_shot=True)
  File "C:\Users\T\AppData\Local\Python\pythoncore-3.14-64\Lib\json\encoder.py", line 263, in iterencode
    return _iterencode(o, 0)
  File "C:\Users\T\AppData\Local\Python\pythoncore-3.14-64\Lib\json\encoder.py", line 182, in default
    raise TypeError(f'Object of type {o.__class__.__name__} '
                    f'is not JSON serializable')
TypeError: Object of type __proxy__ is not JSON serializable
when serializing dict item 'name'
when serializing list item 7
when serializing dict item 'nodes'
INFO 2025-12-07 14:38:34,391 autoreload D:\sanad-system\sanad_system\hadith_app\views\sanad_tree_views.py changed, reloading.
INFO 2025-12-07 14:38:37,304 autoreload Watching for file changes with StatReloader
ERROR 2025-12-07 14:39:12,275 log Internal Server Error: /sanad/1/comparison/
Traceback (most recent call last):
  File "C:\Users\T\AppData\Local\Python\pythoncore-3.14-64\Lib\site-packages\django\core\handlers\exception.py", line 55, in inner
    response = get_response(request)
  File "C:\Users\T\AppData\Local\Python\pythoncore-3.14-64\Lib\site-packages\django\core\handlers\base.py", line 197, in _get_response
    response = wrapped_callback(request, *callback_args, **callback_kwargs)
  File "C:\Users\T\AppData\Local\Python\pythoncore-3.14-64\Lib\site-packages\django\views\decorators\http.py", line 43, in inner
    return func(request, *args, **kwargs)
  File "D:\sanad-system\sanad_system\hadith_app\views\sanad_tree_views.py", line 148, in sanad_comparison_view
    common_narrator_ids = set(common_narrators.values_list('id', flat=True))
                              ^^^^^^^^^^^^^^^^^^^^^^^^^^^^
AttributeError: 'set' object has no attribute 'values_list'
INFO 2025-12-07 14:39:23,500 autoreload D:\sanad-system\sanad_system\hadith_app\views\sanad_tree_views.py changed, reloading.
INFO 2025-12-07 14:39:27,094 autoreload Watching for file changes with StatReloader
ERROR 2025-12-07 14:39:35,136 log Internal Server Error: /sanad/1/comparison/
Traceback (most recent call last):
  File "C:\Users\T\AppData\Local\Python\pythoncore-3.14-64\Lib\site-packages\django\core\handlers\exception.py", line 55, in inner
    response = get_response(request)
  File "C:\Users\T\AppData\Local\Python\pythoncore-3.14-64\Lib\site-packages\django\core\handlers\base.py", line 197, in _get_response
    response = wrapped_callback(request, *callback_args, **callback_kwargs)
  File "C:\Users\T\AppData\Local\Python\pythoncore-3.14-64\Lib\site-packages\django\views\decorators\http.py", line 43, in inner
    return func(request, *args, **kwargs)
  File "D:\sanad-system\sanad_system\hadith_app\views\sanad_tree_views.py", line 180, in sanad_comparison_view
    return render(request, 'hadith_app/sanad_comparison.html', context)
  File "C:\Users\T\AppData\Local\Python\pythoncore-3.14-64\Lib\site-packages\django\shortcuts.py", line 24, in render
    content = loader.render_to_string(template_name, context, request, using=using)
  File "C:\Users\T\AppData\Local\Python\pythoncore-3.14-64\Lib\site-packages\django\template\loader.py", line 61, in render_to_string
    template = get_template(template_name, using=using)
  File "C:\Users\T\AppData\Local\Python\pythoncore-3.14-64\Lib\site-packages\django\template\loader.py", line 15, in get_template
    return engine.get_template(template_name)
           ~~~~~~~~~~~~~~~~~~~^^^^^^^^^^^^^^^
  File "C:\Users\T\AppData\Local\Python\pythoncore-3.14-64\Lib\site-packages\django\template\backends\django.py", line 33, in get_template
    return Template(self.engine.get_template(template_name), self)
                    ~~~~~~~~~~~~~~~~~~~~~~~~^^^^^^^^^^^^^^^
  File "C:\Users\T\AppData\Local\Python\pythoncore-3.14-64\Lib\site-packages\django\template\engine.py", line 175, in get_template
    template, origin = self.find_template(template_name)
                       ~~~~~~~~~~~~~~~~~~^^^^^^^^^^^^^^^
  File "C:\Users\T\AppData\Local\Python\pythoncore-3.14-64\Lib\site-packages\django\template\engine.py", line 157, in find_template
    template = loader.get_template(name, skip=skip)
  File "C:\Users\T\AppData\Local\Python\pythoncore-3.14-64\Lib\site-packages\django\template\loaders\cached.py", line 57, in get_template
    template = super().get_template(template_name, skip)
  File "C:\Users\T\AppData\Local\Python\pythoncore-3.14-64\Lib\site-packages\django\template\loaders\base.py", line 28, in get_template
    return Template(
        contents,
    ...<2 lines>...
        self.engine,
    )
  File "C:\Users\T\AppData\Local\Python\pythoncore-3.14-64\Lib\site-packages\django\template\base.py", line 154, in __init__
    self.nodelist = self.compile_nodelist()
                    ~~~~~~~~~~~~~~~~~~~~~^^
  File "C:\Users\T\AppData\Local\Python\pythoncore-3.14-64\Lib\site-packages\django\template\base.py", line 200, in compile_nodelist
    return parser.parse()
           ~~~~~~~~~~~~^^
  File "C:\Users\T\AppData\Local\Python\pythoncore-3.14-64\Lib\site-packages\django\template\base.py", line 513, in parse
    raise self.error(token, e)
  File "C:\Users\T\AppData\Local\Python\pythoncore-3.14-64\Lib\site-packages\django\template\base.py", line 511, in parse
    compiled_result = compile_func(self, token)
  File "C:\Users\T\AppData\Local\Python\pythoncore-3.14-64\Lib\site-packages\django\template\loader_tags.py", line 293, in do_extends
    nodelist = parser.parse()
  File "C:\Users\T\AppData\Local\Python\pythoncore-3.14-64\Lib\site-packages\django\template\base.py", line 513, in parse
    raise self.error(token, e)
  File "C:\Users\T\AppData\Local\Python\pythoncore-3.14-64\Lib\site-packages\django\template\base.py", line 511, in parse
    compiled_result = compile_func(self, token)
  File "C:\Users\T\AppData\Local\Python\pythoncore-3.14-64\Lib\site-packages\django\template\loader_tags.py", line 232, in do_block
    nodelist = parser.parse(("endblock",))
  File "C:\Users\T\AppData\Local\Python\pythoncore-3.14-64\Lib\site-packages\django\template\base.py", line 513, in parse
    raise self.error(token, e)
  File "C:\Users\T\AppData\Local\Python\pythoncore-3.14-64\Lib\site-packages\django\template\base.py", line 511, in parse
    compiled_result = compile_func(self, token)
  File "C:\Users\T\AppData\Local\Python\pythoncore-3.14-64\Lib\site-packages\django\template\defaulttags.py", line 853, in do_for
    nodelist_loop = parser.parse(
        (
    ...<2 lines>...
        )
    )
  File "C:\Users\T\AppData\Local\Python\pythoncore-3.14-64\Lib\site-packages\django\template\base.py", line 513, in parse
    raise self.error(token, e)
  File "C:\Users\T\AppData\Local\Python\pythoncore-3.14-64\Lib\site-packages\django\template\base.py", line 511, in parse
    compiled_result = compile_func(self, token)
  File "C:\Users\T\AppData\Local\Python\pythoncore-3.14-64\Lib\site-packages\django\template\defaulttags.py", line 839, in do_for
    raise TemplateSyntaxError(
    ...<2 lines>...
    )
django.template.exceptions.TemplateSyntaxError: 'for' statements should use the format 'for x in y': for sanad_narrator in sanad.narrators.all.order_by 'position'
ERROR 2025-12-07 14:40:02,994 log Internal Server Error: /sanad/1/comparison/
Traceback (most recent call last):
  File "C:\Users\T\AppData\Local\Python\pythoncore-3.14-64\Lib\site-packages\django\template\base.py", line 505, in parse
    compile_func = self.tags[command]
                   ~~~~~~~~~^^^^^^^^^
KeyError: 'set'

During handling of the above exception, another exception occurred:

Traceback (most recent call last):
  File "C:\Users\T\AppData\Local\Python\pythoncore-3.14-64\Lib\site-packages\django\core\handlers\exception.py", line 55, in inner
    response = get_response(request)
  File "C:\Users\T\AppData\Local\Python\pythoncore-3.14-64\Lib\site-packages\django\core\handlers\base.py", line 197, in _get_response
    response = wrapped_callback(request, *callback_args, **callback_kwargs)
  File "C:\Users\T\AppData\Local\Python\pythoncore-3.14-64\Lib\site-packages\django\views\decorators\http.py", line 43, in inner
    return func(request, *args, **kwargs)
  File "D:\sanad-system\sanad_system\hadith_app\views\sanad_tree_views.py", line 180, in sanad_comparison_view
    return render(request, 'hadith_app/sanad_comparison.html', context)
  File "C:\Users\T\AppData\Local\Python\pythoncore-3.14-64\Lib\site-packages\django\shortcuts.py", line 24, in render
    content = loader.render_to_string(template_name, context, request, using=using)
  File "C:\Users\T\AppData\Local\Python\pythoncore-3.14-64\Lib\site-packages\django\template\loader.py", line 61, in render_to_string
    template = get_template(template_name, using=using)
  File "C:\Users\T\AppData\Local\Python\pythoncore-3.14-64\Lib\site-packages\django\template\loader.py", line 15, in get_template
    return engine.get_template(template_name)
           ~~~~~~~~~~~~~~~~~~~^^^^^^^^^^^^^^^
  File "C:\Users\T\AppData\Local\Python\pythoncore-3.14-64\Lib\site-packages\django\template\backends\django.py", line 33, in get_template
    return Template(self.engine.get_template(template_name), self)
                    ~~~~~~~~~~~~~~~~~~~~~~~~^^^^^^^^^^^^^^^
  File "C:\Users\T\AppData\Local\Python\pythoncore-3.14-64\Lib\site-packages\django\template\engine.py", line 175, in get_template
    template, origin = self.find_template(template_name)
                       ~~~~~~~~~~~~~~~~~~^^^^^^^^^^^^^^^
  File "C:\Users\T\AppData\Local\Python\pythoncore-3.14-64\Lib\site-packages\django\template\engine.py", line 157, in find_template
    template = loader.get_template(name, skip=skip)
  File "C:\Users\T\AppData\Local\Python\pythoncore-3.14-64\Lib\site-packages\django\template\loaders\cached.py", line 57, in get_template
    template = super().get_template(template_name, skip)
  File "C:\Users\T\AppData\Local\Python\pythoncore-3.14-64\Lib\site-packages\django\template\loaders\base.py", line 28, in get_template
    return Template(
        contents,
    ...<2 lines>...
        self.engine,
    )
  File "C:\Users\T\AppData\Local\Python\pythoncore-3.14-64\Lib\site-packages\django\template\base.py", line 154, in __init__
    self.nodelist = self.compile_nodelist()
                    ~~~~~~~~~~~~~~~~~~~~~^^
  File "C:\Users\T\AppData\Local\Python\pythoncore-3.14-64\Lib\site-packages\django\template\base.py", line 200, in compile_nodelist
    return parser.parse()
           ~~~~~~~~~~~~^^
  File "C:\Users\T\AppData\Local\Python\pythoncore-3.14-64\Lib\site-packages\django\template\base.py", line 513, in parse
    raise self.error(token, e)
  File "C:\Users\T\AppData\Local\Python\pythoncore-3.14-64\Lib\site-packages\django\template\base.py", line 511, in parse
    compiled_result = compile_func(self, token)
  File "C:\Users\T\AppData\Local\Python\pythoncore-3.14-64\Lib\site-packages\django\template\loader_tags.py", line 293, in do_extends
    nodelist = parser.parse()
  File "C:\Users\T\AppData\Local\Python\pythoncore-3.14-64\Lib\site-packages\django\template\base.py", line 513, in parse
    raise self.error(token, e)
  File "C:\Users\T\AppData\Local\Python\pythoncore-3.14-64\Lib\site-packages\django\template\base.py", line 511, in parse
    compiled_result = compile_func(self, token)
  File "C:\Users\T\AppData\Local\Python\pythoncore-3.14-64\Lib\site-packages\django\template\loader_tags.py", line 232, in do_block
    nodelist = parser.parse(("endblock",))
  File "C:\Users\T\AppData\Local\Python\pythoncore-3.14-64\Lib\site-packages\django\template\base.py", line 513, in parse
    raise self.error(token, e)
  File "C:\Users\T\AppData\Local\Python\pythoncore-3.14-64\Lib\site-packages\django\template\base.py", line 511, in parse
    compiled_result = compile_func(self, token)
  File "C:\Users\T\AppData\Local\Python\pythoncore-3.14-64\Lib\site-packages\django\template\defaulttags.py", line 853, in do_for
    nodelist_loop = parser.parse(
        (
    ...<2 lines>...
        )
    )
  File "C:\Users\T\AppData\Local\Python\pythoncore-3.14-64\Lib\site-packages\django\template\base.py", line 513, in parse
    raise self.error(token, e)
  File "C:\Users\T\AppData\Local\Python\pythoncore-3.14-64\Lib\site-packages\django\template\base.py", line 511, in parse
    compiled_result = compile_func(self, token)
  File "C:\Users\T\AppData\Local\Python\pythoncore-3.14-64\Lib\site-packages\django\template\defaulttags.py", line 853, in do_for
    nodelist_loop = parser.parse(
        (
    ...<2 lines>...
        )
    )
  File "C:\Users\T\AppData\Local\Python\pythoncore-3.14-64\Lib\site-packages\django\template\base.py", line 507, in parse
    self.invalid_block_tag(token, command, parse_until)
    ~~~~~~~~~~~~~~~~~~~~~~^^^^^^^^^^^^^^^^^^^^^^^^^^^^^
  File "C:\Users\T\AppData\Local\Python\pythoncore-3.14-64\Lib\site-packages\django\template\base.py", line 558, in invalid_block_tag
    raise self.error(
    ...<8 lines>...
    )
django.template.exceptions.TemplateSyntaxError: Invalid block tag on line 254: 'set', expected 'empty' or 'endfor'. Did you forget to register or load this tag?
ERROR 2025-12-07 14:40:41,095 log Internal Server Error: /sanad/1/comparison/
Traceback (most recent call last):
  File "C:\Users\T\AppData\Local\Python\pythoncore-3.14-64\Lib\site-packages\django\core\handlers\exception.py", line 55, in inner
    response = get_response(request)
  File "C:\Users\T\AppData\Local\Python\pythoncore-3.14-64\Lib\site-packages\django\core\handlers\base.py", line 197, in _get_response
    response = wrapped_callback(request, *callback_args, **callback_kwargs)
  File "C:\Users\T\AppData\Local\Python\pythoncore-3.14-64\Lib\site-packages\django\views\decorators\http.py", line 43, in inner
    return func(request, *args, **kwargs)
  File "D:\sanad-system\sanad_system\hadith_app\views\sanad_tree_views.py", line 180, in sanad_comparison_view
    return render(request, 'hadith_app/sanad_comparison.html', context)
  File "C:\Users\T\AppData\Local\Python\pythoncore-3.14-64\Lib\site-packages\django\shortcuts.py", line 24, in render
    content = loader.render_to_string(template_name, context, request, using=using)
  File "C:\Users\T\AppData\Local\Python\pythoncore-3.14-64\Lib\site-packages\django\template\loader.py", line 61, in render_to_string
    template = get_template(template_name, using=using)
  File "C:\Users\T\AppData\Local\Python\pythoncore-3.14-64\Lib\site-packages\django\template\loader.py", line 15, in get_template
    return engine.get_template(template_name)
           ~~~~~~~~~~~~~~~~~~~^^^^^^^^^^^^^^^
  File "C:\Users\T\AppData\Local\Python\pythoncore-3.14-64\Lib\site-packages\django\template\backends\django.py", line 33, in get_template
    return Template(self.engine.get_template(template_name), self)
                    ~~~~~~~~~~~~~~~~~~~~~~~~^^^^^^^^^^^^^^^
  File "C:\Users\T\AppData\Local\Python\pythoncore-3.14-64\Lib\site-packages\django\template\engine.py", line 175, in get_template
    template, origin = self.find_template(template_name)
                       ~~~~~~~~~~~~~~~~~~^^^^^^^^^^^^^^^
  File "C:\Users\T\AppData\Local\Python\pythoncore-3.14-64\Lib\site-packages\django\template\engine.py", line 157, in find_template
    template = loader.get_template(name, skip=skip)
  File "C:\Users\T\AppData\Local\Python\pythoncore-3.14-64\Lib\site-packages\django\template\loaders\cached.py", line 57, in get_template
    template = super().get_template(template_name, skip)
  File "C:\Users\T\AppData\Local\Python\pythoncore-3.14-64\Lib\site-packages\django\template\loaders\base.py", line 28, in get_template
    return Template(
        contents,
    ...<2 lines>...
        self.engine,
    )
  File "C:\Users\T\AppData\Local\Python\pythoncore-3.14-64\Lib\site-packages\django\template\base.py", line 154, in __init__
    self.nodelist = self.compile_nodelist()
                    ~~~~~~~~~~~~~~~~~~~~~^^
  File "C:\Users\T\AppData\Local\Python\pythoncore-3.14-64\Lib\site-packages\django\template\base.py", line 200, in compile_nodelist
    return parser.parse()
           ~~~~~~~~~~~~^^
  File "C:\Users\T\AppData\Local\Python\pythoncore-3.14-64\Lib\site-packages\django\template\base.py", line 513, in parse
    raise self.error(token, e)
  File "C:\Users\T\AppData\Local\Python\pythoncore-3.14-64\Lib\site-packages\django\template\base.py", line 511, in parse
    compiled_result = compile_func(self, token)
  File "C:\Users\T\AppData\Local\Python\pythoncore-3.14-64\Lib\site-packages\django\template\loader_tags.py", line 293, in do_extends
    nodelist = parser.parse()
  File "C:\Users\T\AppData\Local\Python\pythoncore-3.14-64\Lib\site-packages\django\template\base.py", line 513, in parse
    raise self.error(token, e)
  File "C:\Users\T\AppData\Local\Python\pythoncore-3.14-64\Lib\site-packages\django\template\base.py", line 511, in parse
    compiled_result = compile_func(self, token)
  File "C:\Users\T\AppData\Local\Python\pythoncore-3.14-64\Lib\site-packages\django\template\loader_tags.py", line 232, in do_block
    nodelist = parser.parse(("endblock",))
  File "C:\Users\T\AppData\Local\Python\pythoncore-3.14-64\Lib\site-packages\django\template\base.py", line 513, in parse
    raise self.error(token, e)
  File "C:\Users\T\AppData\Local\Python\pythoncore-3.14-64\Lib\site-packages\django\template\base.py", line 511, in parse
    compiled_result = compile_func(self, token)
  File "C:\Users\T\AppData\Local\Python\pythoncore-3.14-64\Lib\site-packages\django\template\defaulttags.py", line 853, in do_for
    nodelist_loop = parser.parse(
        (
    ...<2 lines>...
        )
    )
  File "C:\Users\T\AppData\Local\Python\pythoncore-3.14-64\Lib\site-packages\django\template\base.py", line 513, in parse
    raise self.error(token, e)
  File "C:\Users\T\AppData\Local\Python\pythoncore-3.14-64\Lib\site-packages\django\template\base.py", line 511, in parse
    compiled_result = compile_func(self, token)
  File "C:\Users\T\AppData\Local\Python\pythoncore-3.14-64\Lib\site-packages\django\template\defaulttags.py", line 853, in do_for
    nodelist_loop = parser.parse(
        (
    ...<2 lines>...
        )
    )
  File "C:\Users\T\AppData\Local\Python\pythoncore-3.14-64\Lib\site-packages\django\template\base.py", line 513, in parse
    raise self.error(token, e)
  File "C:\Users\T\AppData\Local\Python\pythoncore-3.14-64\Lib\site-packages\django\template\base.py", line 511, in parse
    compiled_result = compile_func(self, token)
  File "C:\Users\T\AppData\Local\Python\pythoncore-3.14-64\Lib\site-packages\django\template\defaulttags.py", line 1484, in do_with
    raise TemplateSyntaxError(
        "%r expected at least one variable assignment" % bits[0]
    )
django.template.exceptions.TemplateSyntaxError: 'with' expected at least one variable assignment
ERROR 2025-12-07 14:41:04,393 log Internal Server Error: /sanad/1/comparison/
Traceback (most recent call last):
  File "C:\Users\T\AppData\Local\Python\pythoncore-3.14-64\Lib\site-packages\django\core\handlers\exception.py", line 55, in inner
    response = get_response(request)
  File "C:\Users\T\AppData\Local\Python\pythoncore-3.14-64\Lib\site-packages\django\core\handlers\base.py", line 197, in _get_response
    response = wrapped_callback(request, *callback_args, **callback_kwargs)
  File "C:\Users\T\AppData\Local\Python\pythoncore-3.14-64\Lib\site-packages\django\views\decorators\http.py", line 43, in inner
    return func(request, *args, **kwargs)
  File "D:\sanad-system\sanad_system\hadith_app\views\sanad_tree_views.py", line 180, in sanad_comparison_view
    return render(request, 'hadith_app/sanad_comparison.html', context)
  File "C:\Users\T\AppData\Local\Python\pythoncore-3.14-64\Lib\site-packages\django\shortcuts.py", line 24, in render
    content = loader.render_to_string(template_name, context, request, using=using)
  File "C:\Users\T\AppData\Local\Python\pythoncore-3.14-64\Lib\site-packages\django\template\loader.py", line 61, in render_to_string
    template = get_template(template_name, using=using)
  File "C:\Users\T\AppData\Local\Python\pythoncore-3.14-64\Lib\site-packages\django\template\loader.py", line 15, in get_template
    return engine.get_template(template_name)
           ~~~~~~~~~~~~~~~~~~~^^^^^^^^^^^^^^^
  File "C:\Users\T\AppData\Local\Python\pythoncore-3.14-64\Lib\site-packages\django\template\backends\django.py", line 33, in get_template
    return Template(self.engine.get_template(template_name), self)
                    ~~~~~~~~~~~~~~~~~~~~~~~~^^^^^^^^^^^^^^^
  File "C:\Users\T\AppData\Local\Python\pythoncore-3.14-64\Lib\site-packages\django\template\engine.py", line 175, in get_template
    template, origin = self.find_template(template_name)
                       ~~~~~~~~~~~~~~~~~~^^^^^^^^^^^^^^^
  File "C:\Users\T\AppData\Local\Python\pythoncore-3.14-64\Lib\site-packages\django\template\engine.py", line 157, in find_template
    template = loader.get_template(name, skip=skip)
  File "C:\Users\T\AppData\Local\Python\pythoncore-3.14-64\Lib\site-packages\django\template\loaders\cached.py", line 57, in get_template
    template = super().get_template(template_name, skip)
  File "C:\Users\T\AppData\Local\Python\pythoncore-3.14-64\Lib\site-packages\django\template\loaders\base.py", line 28, in get_template
    return Template(
        contents,
    ...<2 lines>...
        self.engine,
    )
  File "C:\Users\T\AppData\Local\Python\pythoncore-3.14-64\Lib\site-packages\django\template\base.py", line 154, in __init__
    self.nodelist = self.compile_nodelist()
                    ~~~~~~~~~~~~~~~~~~~~~^^
  File "C:\Users\T\AppData\Local\Python\pythoncore-3.14-64\Lib\site-packages\django\template\base.py", line 200, in compile_nodelist
    return parser.parse()
           ~~~~~~~~~~~~^^
  File "C:\Users\T\AppData\Local\Python\pythoncore-3.14-64\Lib\site-packages\django\template\base.py", line 513, in parse
    raise self.error(token, e)
  File "C:\Users\T\AppData\Local\Python\pythoncore-3.14-64\Lib\site-packages\django\template\base.py", line 511, in parse
    compiled_result = compile_func(self, token)
  File "C:\Users\T\AppData\Local\Python\pythoncore-3.14-64\Lib\site-packages\django\template\loader_tags.py", line 293, in do_extends
    nodelist = parser.parse()
  File "C:\Users\T\AppData\Local\Python\pythoncore-3.14-64\Lib\site-packages\django\template\base.py", line 513, in parse
    raise self.error(token, e)
  File "C:\Users\T\AppData\Local\Python\pythoncore-3.14-64\Lib\site-packages\django\template\base.py", line 511, in parse
    compiled_result = compile_func(self, token)
  File "C:\Users\T\AppData\Local\Python\pythoncore-3.14-64\Lib\site-packages\django\template\loader_tags.py", line 232, in do_block
    nodelist = parser.parse(("endblock",))
  File "C:\Users\T\AppData\Local\Python\pythoncore-3.14-64\Lib\site-packages\django\template\base.py", line 513, in parse
    raise self.error(token, e)
  File "C:\Users\T\AppData\Local\Python\pythoncore-3.14-64\Lib\site-packages\django\template\base.py", line 511, in parse
    compiled_result = compile_func(self, token)
  File "C:\Users\T\AppData\Local\Python\pythoncore-3.14-64\Lib\site-packages\django\template\defaulttags.py", line 853, in do_for
    nodelist_loop = parser.parse(
        (
    ...<2 lines>...
        )
    )
  File "C:\Users\T\AppData\Local\Python\pythoncore-3.14-64\Lib\site-packages\django\template\base.py", line 513, in parse
    raise self.error(token, e)
  File "C:\Users\T\AppData\Local\Python\pythoncore-3.14-64\Lib\site-packages\django\template\base.py", line 511, in parse
    compiled_result = compile_func(self, token)
  File "C:\Users\T\AppData\Local\Python\pythoncore-3.14-64\Lib\site-packages\django\template\defaulttags.py", line 853, in do_for
    nodelist_loop = parser.parse(
        (
    ...<2 lines>...
        )
    )
  File "C:\Users\T\AppData\Local\Python\pythoncore-3.14-64\Lib\site-packages\django\template\base.py", line 513, in parse
    raise self.error(token, e)
  File "C:\Users\T\AppData\Local\Python\pythoncore-3.14-64\Lib\site-packages\django\template\base.py", line 511, in parse
    compiled_result = compile_func(self, token)
  File "C:\Users\T\AppData\Local\Python\pythoncore-3.14-64\Lib\site-packages\django\template\defaulttags.py", line 1488, in do_with
    raise TemplateSyntaxError(
        "%r received an invalid token: %r" % (bits[0], remaining_bits[0])
    )
django.template.exceptions.TemplateSyntaxError: 'with' received an invalid token: 'in'
INFO 2025-12-07 14:44:06,109 basehttp "GET /hadith/1/ HTTP/1.1" 200 34373
INFO 2025-12-07 14:44:14,453 basehttp "GET /sanad/1/tree/ HTTP/1.1" 200 43766
INFO 2025-12-07 14:52:57,318 basehttp "GET /sanad/1/tree/ HTTP/1.1" 200 40782
INFO 2025-12-07 14:55:02,811 basehttp "GET /sanad/1/tree/ HTTP/1.1" 200 43766
INFO 2025-12-07 16:16:17,728 autoreload Watching for file changes with StatReloader
INFO 2025-12-07 16:16:56,930 autoreload D:\sanad-system\sanad_system\hadith_app\models.py changed, reloading.
INFO 2025-12-07 16:17:00,003 autoreload Watching for file changes with StatReloader
ERROR 2025-12-07 16:17:15,278 log Internal Server Error: /sanad/1/tree/
Traceback (most recent call last):
  File "C:\Users\T\AppData\Local\Python\pythoncore-3.14-64\Lib\site-packages\django\db\backends\utils.py", line 89, in _execute
    return self.cursor.execute(sql, params)
           ~~~~~~~~~~~~~~~~~~~^^^^^^^^^^^^^
  File "C:\Users\T\AppData\Local\Python\pythoncore-3.14-64\Lib\site-packages\django\db\backends\sqlite3\base.py", line 328, in execute
    return super().execute(query, params)
           ~~~~~~~~~~~~~~~^^^^^^^^^^^^^^^
sqlite3.OperationalError: no such column: hadith_app_narrator.birth_place

The above exception was the direct cause of the following exception:

Traceback (most recent call last):
  File "C:\Users\T\AppData\Local\Python\pythoncore-3.14-64\Lib\site-packages\django\core\handlers\exception.py", line 55, in inner
    response = get_response(request)
  File "C:\Users\T\AppData\Local\Python\pythoncore-3.14-64\Lib\site-packages\django\core\handlers\base.py", line 197, in _get_response
    response = wrapped_callback(request, *callback_args, **callback_kwargs)
  File "C:\Users\T\AppData\Local\Python\pythoncore-3.14-64\Lib\site-packages\django\views\generic\base.py", line 105, in view
    return self.dispatch(request, *args, **kwargs)
           ~~~~~~~~~~~~~^^^^^^^^^^^^^^^^^^^^^^^^^^
  File "C:\Users\T\AppData\Local\Python\pythoncore-3.14-64\Lib\site-packages\django\views\generic\base.py", line 144, in dispatch
    return handler(request, *args, **kwargs)
  File "C:\Users\T\AppData\Local\Python\pythoncore-3.14-64\Lib\site-packages\django\views\generic\detail.py", line 109, in get
    context = self.get_context_data(object=self.object)
  File "D:\sanad-system\sanad_system\hadith_app\views\sanad_tree_views.py", line 25, in get_context_data
    for sanad in sanads:
                 ^^^^^^
  File "C:\Users\T\AppData\Local\Python\pythoncore-3.14-64\Lib\site-packages\django\db\models\query.py", line 400, in __iter__
    self._fetch_all()
    ~~~~~~~~~~~~~~~^^
  File "C:\Users\T\AppData\Local\Python\pythoncore-3.14-64\Lib\site-packages\django\db\models\query.py", line 1888, in _fetch_all
    self._prefetch_related_objects()
    ~~~~~~~~~~~~~~~~~~~~~~~~~~~~~~^^
  File "C:\Users\T\AppData\Local\Python\pythoncore-3.14-64\Lib\site-packages\django\db\models\query.py", line 1275, in _prefetch_related_objects
    prefetch_related_objects(self._result_cache, *self._prefetch_related_lookups)
    ~~~~~~~~~~~~~~~~~~~~~~~~^^^^^^^^^^^^^^^^^^^^^^^^^^^^^^^^^^^^^^^^^^^^^^^^^^^^^
  File "C:\Users\T\AppData\Local\Python\pythoncore-3.14-64\Lib\site-packages\django\db\models\query.py", line 2326, in prefetch_related_objects
    obj_list, additional_lookups = prefetch_one_level(
                                   ~~~~~~~~~~~~~~~~~~^
        obj_to_fetch,
        ^^^^^^^^^^^^^
    ...<2 lines>...
        level,
        ^^^^^^
    )
    ^
  File "C:\Users\T\AppData\Local\Python\pythoncore-3.14-64\Lib\site-packages\django\db\models\query.py", line 2485, in prefetch_one_level
    all_related_objects = list(rel_qs)
  File "C:\Users\T\AppData\Local\Python\pythoncore-3.14-64\Lib\site-packages\django\db\models\query.py", line 400, in __iter__
    self._fetch_all()
    ~~~~~~~~~~~~~~~^^
  File "C:\Users\T\AppData\Local\Python\pythoncore-3.14-64\Lib\site-packages\django\db\models\query.py", line 1886, in _fetch_all
    self._result_cache = list(self._iterable_class(self))
                         ~~~~^^^^^^^^^^^^^^^^^^^^^^^^^^^^
  File "C:\Users\T\AppData\Local\Python\pythoncore-3.14-64\Lib\site-packages\django\db\models\query.py", line 93, in __iter__
    results = compiler.execute_sql(
        chunked_fetch=self.chunked_fetch, chunk_size=self.chunk_size
    )
  File "C:\Users\T\AppData\Local\Python\pythoncore-3.14-64\Lib\site-packages\django\db\models\sql\compiler.py", line 1562, in execute_sql
    cursor.execute(sql, params)
    ~~~~~~~~~~~~~~^^^^^^^^^^^^^
  File "C:\Users\T\AppData\Local\Python\pythoncore-3.14-64\Lib\site-packages\django\db\backends\utils.py", line 102, in execute
    return super().execute(sql, params)
           ~~~~~~~~~~~~~~~^^^^^^^^^^^^^
  File "C:\Users\T\AppData\Local\Python\pythoncore-3.14-64\Lib\site-packages\django\db\backends\utils.py", line 67, in execute
    return self._execute_with_wrappers(
           ~~~~~~~~~~~~~~~~~~~~~~~~~~~^
        sql, params, many=False, executor=self._execute
        ^^^^^^^^^^^^^^^^^^^^^^^^^^^^^^^^^^^^^^^^^^^^^^^
    )
    ^
  File "C:\Users\T\AppData\Local\Python\pythoncore-3.14-64\Lib\site-packages\django\db\backends\utils.py", line 80, in _execute_with_wrappers
    return executor(sql, params, many, context)
  File "C:\Users\T\AppData\Local\Python\pythoncore-3.14-64\Lib\site-packages\django\db\backends\utils.py", line 84, in _execute
    with self.db.wrap_database_errors:
         ^^^^^^^^^^^^^^^^^^^^^^^^^^^^
  File "C:\Users\T\AppData\Local\Python\pythoncore-3.14-64\Lib\site-packages\django\db\utils.py", line 91, in __exit__
    raise dj_exc_value.with_traceback(traceback) from exc_value
  File "C:\Users\T\AppData\Local\Python\pythoncore-3.14-64\Lib\site-packages\django\db\backends\utils.py", line 89, in _execute
    return self.cursor.execute(sql, params)
           ~~~~~~~~~~~~~~~~~~~^^^^^^^^^^^^^
  File "C:\Users\T\AppData\Local\Python\pythoncore-3.14-64\Lib\site-packages\django\db\backends\sqlite3\base.py", line 328, in execute
    return super().execute(query, params)
           ~~~~~~~~~~~~~~~^^^^^^^^^^^^^^^
django.db.utils.OperationalError: no such column: hadith_app_narrator.birth_place
ERROR 2025-12-07 16:17:15,308 basehttp "GET /sanad/1/tree/ HTTP/1.1" 500 176416
INFO 2025-12-07 16:18:33,178 autoreload Watching for file changes with StatReloader
INFO 2025-12-07 16:18:39,645 basehttp "GET /sanad/1/tree/ HTTP/1.1" 200 43787
INFO 2025-12-07 16:19:22,800 basehttp "GET /hadith/ HTTP/1.1" 200 61818
INFO 2025-12-07 16:19:30,075 basehttp "GET /narrators/ HTTP/1.1" 200 33580
INFO 2025-12-07 16:19:35,962 basehttp "GET /narrators/3/ HTTP/1.1" 200 27162
ERROR 2025-12-07 16:19:39,987 log Internal Server Error: /narrator/3/analysis/
Traceback (most recent call last):
  File "C:\Users\T\AppData\Local\Python\pythoncore-3.14-64\Lib\site-packages\django\core\handlers\exception.py", line 55, in inner
    response = get_response(request)
  File "C:\Users\T\AppData\Local\Python\pythoncore-3.14-64\Lib\site-packages\django\core\handlers\base.py", line 197, in _get_response
    response = wrapped_callback(request, *callback_args, **callback_kwargs)
  File "C:\Users\T\AppData\Local\Python\pythoncore-3.14-64\Lib\site-packages\django\views\decorators\http.py", line 43, in inner
    return func(request, *args, **kwargs)
  File "D:\sanad-system\sanad_system\hadith_app\views\narrator_analysis_views.py", line 37, in narrator_analysis_view
    locations = narrator.get_narration_locations()
  File "D:\sanad-system\sanad_system\hadith_app\models.py", line 107, in get_narration_locations
    from ..models import SanadNarrator, Sanad
ImportError: attempted relative import beyond top-level package
ERROR 2025-12-07 16:19:39,995 basehttp "GET /narrator/3/analysis/ HTTP/1.1" 500 77661
INFO 2025-12-07 16:20:04,123 autoreload D:\sanad-system\sanad_system\hadith_app\views\narrator_analysis_views.py changed, reloading.
INFO 2025-12-07 16:20:09,878 autoreload Watching for file changes with StatReloader
ERROR 2025-12-07 16:20:22,184 log Internal Server Error: /narrator/3/analysis/
Traceback (most recent call last):
  File "C:\Users\T\AppData\Local\Python\pythoncore-3.14-64\Lib\site-packages\django\core\handlers\exception.py", line 55, in inner
    response = get_response(request)
  File "C:\Users\T\AppData\Local\Python\pythoncore-3.14-64\Lib\site-packages\django\core\handlers\base.py", line 197, in _get_response
    response = wrapped_callback(request, *callback_args, **callback_kwargs)
  File "C:\Users\T\AppData\Local\Python\pythoncore-3.14-64\Lib\site-packages\django\views\decorators\http.py", line 43, in inner
    return func(request, *args, **kwargs)
  File "D:\sanad-system\sanad_system\hadith_app\views\narrator_analysis_views.py", line 37, in narrator_analysis_view
    locations = narrator.get_narration_locations()
  File "D:\sanad-system\sanad_system\hadith_app\models.py", line 107, in get_narration_locations
    from ..models import SanadNarrator, Sanad
ImportError: attempted relative import beyond top-level package
ERROR 2025-12-07 16:20:22,190 basehttp "GET /narrator/3/analysis/ HTTP/1.1" 500 77661
INFO 2025-12-07 16:41:25,523 autoreload Watching for file changes with StatReloader
INFO 2025-12-07 16:41:34,092 basehttp "GET /narrator/3/analysis/ HTTP/1.1" 200 41192
INFO 2025-12-07 16:41:34,379 basehttp "GET /narrator/3/network/ HTTP/1.1" 200 323
INFO 2025-12-07 16:41:47,901 basehttp "GET /narrator/3/timeline/ HTTP/1.1" 200 672
INFO 2025-12-07 16:41:48,178 basehttp "GET /narrator/3/timeline/ HTTP/1.1" 200 672
INFO 2025-12-07 16:41:56,380 basehttp "GET /narrator/3/geographical/ HTTP/1.1" 200 255
INFO 2025-12-07 16:41:58,548 basehttp "GET /narrator/3/comparison/ HTTP/1.1" 200 457
INFO 2025-12-07 16:42:12,540 basehttp "GET / HTTP/1.1" 200 26556
INFO 2025-12-07 16:54:35,895 autoreload D:\sanad-system\sanad_system\hadith_app\views\narrator_analysis_views.py changed, reloading.
INFO 2025-12-07 16:54:42,808 autoreload Watching for file changes with StatReloader
INFO 2025-12-07 16:54:46,990 autoreload D:\sanad-system\sanad_system\hadith_app\urls.py changed, reloading.
INFO 2025-12-07 16:54:49,541 autoreload Watching for file changes with StatReloader
INFO 2025-12-07 17:02:46,344 basehttp "GET / HTTP/1.1" 200 26556
INFO 2025-12-07 17:02:58,983 basehttp "GET /hadith/ HTTP/1.1" 200 61818
INFO 2025-12-07 17:03:04,844 basehttp "GET /library/ HTTP/1.1" 200 29477
INFO 2025-12-07 17:03:08,406 basehttp "GET /library/document/3/delete/ HTTP/1.1" 200 28358
INFO 2025-12-07 17:03:11,490 basehttp "POST /library/document/3/delete/ HTTP/1.1" 302 0
INFO 2025-12-07 17:03:11,781 basehttp "GET /library/ HTTP/1.1" 200 28042
INFO 2025-12-07 17:03:14,689 basehttp "GET /library/document/create/ HTTP/1.1" 200 28975
INFO 2025-12-07 17:04:26,318 basehttp "POST /library/document/create/ HTTP/1.1" 302 0
INFO 2025-12-07 17:04:26,382 basehttp "GET /library/ HTTP/1.1" 200 29698
INFO 2025-12-07 17:04:29,336 basehttp "GET /library/document/create/ HTTP/1.1" 200 28975
INFO 2025-12-07 17:05:07,751 basehttp "POST /library/document/create/ HTTP/1.1" 302 0
INFO 2025-12-07 17:05:07,892 basehttp "GET /library/ HTTP/1.1" 200 31357
INFO 2025-12-07 17:05:10,668 basehttp "GET /library/document/create/ HTTP/1.1" 200 28975
INFO 2025-12-07 17:05:46,839 basehttp "POST /library/document/create/ HTTP/1.1" 302 0
INFO 2025-12-07 17:05:46,927 basehttp "GET /library/ HTTP/1.1" 200 33010
INFO 2025-12-07 17:05:55,918 basehttp "GET /library/document/5/ HTTP/1.1" 200 33720
INFO 2025-12-07 17:06:05,656 basehttp "GET /library/document/5/pdf/ HTTP/1.1" 200 8725
WARNING 2025-12-07 17:06:33,569 log The request's session was deleted before the request completed. The user may have logged out in a concurrent request, for example.: /media/library/\u0643\u062a\u0627\u0628/2025/_\u0635\u062d\u064a\u062d_\u0627\u0644\u0628\u062e\u0627\u0631\u064a.pdf
Traceback (most recent call last):
  File "C:\Users\T\AppData\Local\Python\pythoncore-3.14-64\Lib\site-packages\django\db\backends\utils.py", line 89, in _execute
    return self.cursor.execute(sql, params)
           ~~~~~~~~~~~~~~~~~~~^^^^^^^^^^^^^
  File "C:\Users\T\AppData\Local\Python\pythoncore-3.14-64\Lib\site-packages\django\db\backends\sqlite3\base.py", line 328, in execute
    return super().execute(query, params)
           ~~~~~~~~~~~~~~~^^^^^^^^^^^^^^^
sqlite3.OperationalError: database is locked

The above exception was the direct cause of the following exception:

Traceback (most recent call last):
  File "C:\Users\T\AppData\Local\Python\pythoncore-3.14-64\Lib\site-packages\django\contrib\sessions\backends\db.py", line 86, in save
    obj.save(
    ~~~~~~~~^
        force_insert=must_create, force_update=not must_create, using=using
        ^^^^^^^^^^^^^^^^^^^^^^^^^^^^^^^^^^^^^^^^^^^^^^^^^^^^^^^^^^^^^^^^^^^
    )
    ^
  File "C:\Users\T\AppData\Local\Python\pythoncore-3.14-64\Lib\site-packages\django\db\models\base.py", line 814, in save
    self.save_base(
    ~~~~~~~~~~~~~~^
        using=using,
        ^^^^^^^^^^^^
    ...<2 lines>...
        update_fields=update_fields,
        ^^^^^^^^^^^^^^^^^^^^^^^^^^^^
    )
    ^
  File "C:\Users\T\AppData\Local\Python\pythoncore-3.14-64\Lib\site-packages\django\db\models\base.py", line 877, in save_base
    updated = self._save_table(
        raw,
    ...<4 lines>...
        update_fields,
    )
  File "C:\Users\T\AppData\Local\Python\pythoncore-3.14-64\Lib\site-packages\django\db\models\base.py", line 990, in _save_table
    updated = self._do_update(
        base_qs, using, pk_val, values, update_fields, forced_update
    )
  File "C:\Users\T\AppData\Local\Python\pythoncore-3.14-64\Lib\site-packages\django\db\models\base.py", line 1054, in _do_update
    return filtered._update(values) > 0
           ~~~~~~~~~~~~~~~~^^^^^^^^
  File "C:\Users\T\AppData\Local\Python\pythoncore-3.14-64\Lib\site-packages\django\db\models\query.py", line 1233, in _update
    return query.get_compiler(self.db).execute_sql(CURSOR)
           ~~~~~~~~~~~~~~~~~~~~~~~~~~~~~~~~~~~~~~~^^^^^^^^
  File "C:\Users\T\AppData\Local\Python\pythoncore-3.14-64\Lib\site-packages\django\db\models\sql\compiler.py", line 1984, in execute_sql
    cursor = super().execute_sql(result_type)
  File "C:\Users\T\AppData\Local\Python\pythoncore-3.14-64\Lib\site-packages\django\db\models\sql\compiler.py", line 1562, in execute_sql
    cursor.execute(sql, params)
    ~~~~~~~~~~~~~~^^^^^^^^^^^^^
  File "C:\Users\T\AppData\Local\Python\pythoncore-3.14-64\Lib\site-packages\django\db\backends\utils.py", line 102, in execute
    return super().execute(sql, params)
           ~~~~~~~~~~~~~~~^^^^^^^^^^^^^
  File "C:\Users\T\AppData\Local\Python\pythoncore-3.14-64\Lib\site-packages\django\db\backends\utils.py", line 67, in execute
    return self._execute_with_wrappers(
           ~~~~~~~~~~~~~~~~~~~~~~~~~~~^
        sql, params, many=False, executor=self._execute
        ^^^^^^^^^^^^^^^^^^^^^^^^^^^^^^^^^^^^^^^^^^^^^^^
    )
    ^
  File "C:\Users\T\AppData\Local\Python\pythoncore-3.14-64\Lib\site-packages\django\db\backends\utils.py", line 80, in _execute_with_wrappers
    return executor(sql, params, many, context)
  File "C:\Users\T\AppData\Local\Python\pythoncore-3.14-64\Lib\site-packages\django\db\backends\utils.py", line 84, in _execute
    with self.db.wrap_database_errors:
         ^^^^^^^^^^^^^^^^^^^^^^^^^^^^
  File "C:\Users\T\AppData\Local\Python\pythoncore-3.14-64\Lib\site-packages\django\db\utils.py", line 91, in __exit__
    raise dj_exc_value.with_traceback(traceback) from exc_value
  File "C:\Users\T\AppData\Local\Python\pythoncore-3.14-64\Lib\site-packages\django\db\backends\utils.py", line 89, in _execute
    return self.cursor.execute(sql, params)
           ~~~~~~~~~~~~~~~~~~~^^^^^^^^^^^^^
  File "C:\Users\T\AppData\Local\Python\pythoncore-3.14-64\Lib\site-packages\django\db\backends\sqlite3\base.py", line 328, in execute
    return super().execute(query, params)
           ~~~~~~~~~~~~~~~^^^^^^^^^^^^^^^
django.db.utils.OperationalError: database is locked

During handling of the above exception, another exception occurred:

Traceback (most recent call last):
  File "C:\Users\T\AppData\Local\Python\pythoncore-3.14-64\Lib\site-packages\django\contrib\sessions\middleware.py", line 59, in process_response
    request.session.save()
    ~~~~~~~~~~~~~~~~~~~~^^
  File "C:\Users\T\AppData\Local\Python\pythoncore-3.14-64\Lib\site-packages\django\contrib\sessions\backends\db.py", line 95, in save
    raise UpdateError
django.contrib.sessions.backends.base.UpdateError

During handling of the above exception, another exception occurred:

Traceback (most recent call last):
  File "C:\Users\T\AppData\Local\Python\pythoncore-3.14-64\Lib\site-packages\django\core\handlers\exception.py", line 55, in inner
    response = get_response(request)
  File "C:\Users\T\AppData\Local\Python\pythoncore-3.14-64\Lib\site-packages\django\utils\deprecation.py", line 136, in __call__
    response = self.process_response(request, response)
  File "C:\Users\T\AppData\Local\Python\pythoncore-3.14-64\Lib\site-packages\django\contrib\sessions\middleware.py", line 61, in process_response
    raise SessionInterrupted(
    ...<3 lines>...
    )
django.contrib.sessions.exceptions.SessionInterrupted: The request's session was deleted before the request completed. The user may have logged out in a concurrent request, for example.
WARNING 2025-12-07 17:06:33,915 basehttp "GET /media/library/%D9%83%D8%AA%D8%A7%D8%A8/2025/_%D8%B5%D8%AD%D9%8A%D8%AD_%D8%A7%D9%84%D8%A8%D8%AE%D8%A7%D8%B1%D9%8A.pdf HTTP/1.1" 400 168645
INFO 2025-12-07 17:06:35,053 basehttp "GET /media/library/%D9%83%D8%AA%D8%A7%D8%A8/2025/_%D8%B5%D8%AD%D9%8A%D8%AD_%D8%A7%D9%84%D8%A8%D8%AE%D8%A7%D8%B1%D9%8A.pdf HTTP/1.1" 200 45304371
INFO 2025-12-07 17:07:04,620 basehttp "GET /admin/ HTTP/1.1" 200 23882
INFO 2025-12-07 17:07:04,790 basehttp "GET /static/admin/css/base.css HTTP/1.1" 200 21310
INFO 2025-12-07 17:07:04,814 basehttp "GET /static/admin/css/dark_mode.css HTTP/1.1" 200 2929
INFO 2025-12-07 17:07:04,817 basehttp "GET /static/admin/css/admin-rtl.css HTTP/1.1" 200 2890
INFO 2025-12-07 17:07:04,817 basehttp "GET /static/admin/css/nav_sidebar.css HTTP/1.1" 200 2694
INFO 2025-12-07 17:07:04,822 basehttp "GET /static/admin/css/dashboard.css HTTP/1.1" 200 441
INFO 2025-12-07 17:07:04,832 basehttp "GET /static/admin/css/responsive_rtl.css HTTP/1.1" 304 0
INFO 2025-12-07 17:07:04,835 basehttp "GET /static/admin/js/theme.js HTTP/1.1" 200 1943
INFO 2025-12-07 17:07:04,838 basehttp "GET /static/admin/js/nav_sidebar.js HTTP/1.1" 200 3063
INFO 2025-12-07 17:07:04,842 basehttp "GET /static/admin/css/rtl.css HTTP/1.1" 200 4918
INFO 2025-12-07 17:07:04,849 basehttp "GET /static/admin/css/responsive.css HTTP/1.1" 200 18559
INFO 2025-12-07 17:07:04,968 basehttp "GET /static/admin/img/icon-addlink.svg HTTP/1.1" 200 331
INFO 2025-12-07 17:07:04,970 basehttp "GET /static/admin/img/icon-changelink.svg HTTP/1.1" 200 380
INFO 2025-12-07 17:07:23,007 basehttp "GET /hadith/ HTTP/1.1" 200 61818
INFO 2025-12-07 17:14:34,797 basehttp "GET /narrators/ HTTP/1.1" 200 33643
INFO 2025-12-07 17:14:34,904 basehttp "GET /static/css/style.css HTTP/1.1" 304 0
INFO 2025-12-07 17:14:34,933 basehttp "GET /static/css/interactive.css HTTP/1.1" 200 5147
INFO 2025-12-07 17:14:34,934 basehttp "GET /static/js/main.js HTTP/1.1" 304 0
INFO 2025-12-07 17:14:39,158 basehttp "GET /hadith/ HTTP/1.1" 200 61881
INFO 2025-12-07 17:14:39,225 basehttp "GET /static/css/interactive.css HTTP/1.1" 304 0
INFO 2025-12-07 17:14:40,821 basehttp "GET /library/ HTTP/1.1" 200 32861
INFO 2025-12-07 17:14:45,362 basehttp "GET /library/document/5/ HTTP/1.1" 200 33783
INFO 2025-12-07 17:14:45,409 basehttp "GET /static/css/interactive.css HTTP/1.1" 304 0
INFO 2025-12-07 17:14:45,657 basehttp "GET /library/document/5/pdf/ HTTP/1.1" 200 8725
INFO 2025-12-07 17:14:49,406 basehttp "GET /media/library/%D9%83%D8%AA%D8%A7%D8%A8/2025/_%D8%B5%D8%AD%D9%8A%D8%AD_%D8%A7%D9%84%D8%A8%D8%AE%D8%A7%D8%B1%D9%8A.pdf HTTP/1.1" 200 45304371
INFO 2025-12-07 17:14:49,419 basehttp "GET /media/library/%D9%83%D8%AA%D8%A7%D8%A8/2025/_%D8%B5%D8%AD%D9%8A%D8%AD_%D8%A7%D9%84%D8%A8%D8%AE%D8%A7%D8%B1%D9%8A.pdf HTTP/1.1" 200 45304371
INFO 2025-12-07 17:18:35,325 autoreload D:\sanad-system\sanad_system\library_app\views.py changed, reloading.
INFO 2025-12-07 17:18:41,143 autoreload Watching for file changes with StatReloader
INFO 2025-12-07 17:19:47,762 autoreload D:\sanad-system\sanad_system\library_app\urls.py changed, reloading.
INFO 2025-12-07 17:19:52,909 autoreload Watching for file changes with StatReloader
INFO 2025-12-07 17:20:45,284 autoreload Watching for file changes with StatReloader
INFO 2025-12-07 17:21:37,282 basehttp "GET /library/ HTTP/1.1" 200 32861
INFO 2025-12-07 17:21:37,351 basehttp "GET /static/css/interactive.css HTTP/1.1" 304 0
INFO 2025-12-07 17:21:43,094 basehttp "GET /library/document/5/ HTTP/1.1" 200 33783
INFO 2025-12-07 17:21:43,460 basehttp "GET /library/document/5/pdf/ HTTP/1.1" 200 7943
INFO 2025-12-07 17:22:48,498 basehttp "GET /library/document/5/ HTTP/1.1" 200 34032
INFO 2025-12-07 17:22:48,531 basehttp "GET /static/css/interactive.css HTTP/1.1" 304 0
INFO 2025-12-07 17:22:48,741 basehttp "GET /library/document/5/pdf/ HTTP/1.1" 200 7943
INFO 2025-12-07 17:22:56,455 basehttp "GET /library/document/5/ HTTP/1.1" 200 34032
INFO 2025-12-07 17:22:56,620 basehttp "GET /library/document/5/pdf/ HTTP/1.1" 200 7943
INFO 2025-12-07 17:23:02,944 basehttp "GET /library/document/5/process/ HTTP/1.1" 200 32461
INFO 2025-12-07 17:23:56,247 autoreload D:\sanad-system\sanad_system\library_app\views.py changed, reloading.
INFO 2025-12-07 17:24:01,517 autoreload Watching for file changes with StatReloader
INFO 2025-12-07 17:24:09,762 basehttp "GET /library/document/5/process/ HTTP/1.1" 200 32455
INFO 2025-12-07 17:24:09,872 basehttp "GET /static/css/interactive.css HTTP/1.1" 304 0
INFO 2025-12-07 17:24:12,072 basehttp "GET /library/document/5/process/ HTTP/1.1" 200 32455
INFO 2025-12-07 17:24:56,213 autoreload Watching for file changes with StatReloader
INFO 2025-12-07 17:25:04,436 basehttp "GET /library/document/5/process/ HTTP/1.1" 200 32455
INFO 2025-12-07 17:26:13,954 basehttp - Broken pipe from ('127.0.0.1', 56632)
INFO 2025-12-07 17:26:18,889 basehttp "GET /library/document/5/process/ HTTP/1.1" 200 34101
INFO 2025-12-07 17:26:19,027 basehttp "GET /static/css/interactive.css HTTP/1.1" 304 0
INFO 2025-12-07 17:26:31,918 basehttp "POST /library/document/5/process/ HTTP/1.1" 200 32848
INFO 2025-12-07 17:27:29,497 autoreload D:\sanad-system\sanad_system\library_app\views.py changed, reloading.
INFO 2025-12-07 17:27:34,702 autoreload Watching for file changes with StatReloader
INFO 2025-12-07 17:28:00,718 basehttp "GET /library/ HTTP/1.1" 200 32861
INFO 2025-12-07 17:28:00,762 basehttp "GET /static/css/interactive.css HTTP/1.1" 304 0
INFO 2025-12-07 17:28:03,402 basehttp "GET /library/document/5/ HTTP/1.1" 200 34032
INFO 2025-12-07 17:28:03,731 basehttp "GET /library/document/5/pdf/ HTTP/1.1" 200 7943
INFO 2025-12-07 17:28:05,673 basehttp "GET /library/document/5/process/ HTTP/1.1" 200 34792
INFO 2025-12-07 17:28:11,766 basehttp "POST /library/document/5/process/ HTTP/1.1" 200 33054
INFO 2025-12-07 17:29:05,771 autoreload D:\sanad-system\sanad_system\library_app\document_processor.py changed, reloading.
INFO 2025-12-07 17:29:09,364 autoreload Watching for file changes with StatReloader
INFO 2025-12-07 17:29:24,596 autoreload D:\sanad-system\sanad_system\library_app\views.py changed, reloading.
INFO 2025-12-07 17:29:27,029 autoreload Watching for file changes with StatReloader
INFO 2025-12-07 17:53:51,519 basehttp "POST /library/document/5/process/ HTTP/1.1" 200 34149
INFO 2025-12-07 17:53:51,631 basehttp "GET /static/css/interactive.css HTTP/1.1" 304 0
INFO 2025-12-07 17:54:00,619 basehttp "GET /library/ HTTP/1.1" 200 32861
INFO 2025-12-07 17:54:05,464 basehttp "GET /library/document/5/ HTTP/1.1" 200 34032
INFO 2025-12-07 17:54:08,606 basehttp "GET /library/document/5/pdf/ HTTP/1.1" 200 7943
INFO 2025-12-07 17:54:15,752 basehttp "GET /library/document/5/process/ HTTP/1.1" 200 35023
INFO 2025-12-07 17:54:27,604 basehttp "POST /library/document/5/process/ HTTP/1.1" 200 34149
INFO 2025-12-07 17:54:33,955 basehttp "GET /library/document/5/process/?debug=1 HTTP/1.1" 200 45315
INFO 2025-12-07 18:12:18,432 autoreload Watching for file changes with StatReloader
INFO 2025-12-07 18:26:28,134 autoreload Watching for file changes with StatReloader
INFO 2025-12-07 18:28:33,551 autoreload D:\sanad-system\sanad_system\sanad_system\settings.py changed, reloading.
INFO 2025-12-07 18:28:36,884 autoreload Watching for file changes with StatReloader
INFO 2025-12-07 18:28:39,539 autoreload D:\sanad-system\sanad_system\sanad_system\settings.py changed, reloading.
INFO 2025-12-07 18:28:41,813 autoreload Watching for file changes with StatReloader
INFO 2025-12-07 18:28:56,553 autoreload D:\sanad-system\sanad_system\sanad_system\__init__.py changed, reloading.
INFO 2025-12-07 18:43:36,841 autoreload Watching for file changes with StatReloader
INFO 2025-12-07 18:44:16,144 autoreload D:\sanad-system\sanad_system\document_analysis\views.py changed, reloading.
INFO 2025-12-07 18:44:19,228 autoreload Watching for file changes with StatReloader
WARNING 2025-12-07 18:47:20,666 log Forbidden: /api/document-analysis/analyses/
WARNING 2025-12-07 18:47:20,674 basehttp "GET /api/document-analysis/analyses/ HTTP/1.1" 403 62
WARNING 2025-12-07 18:47:20,963 log Not Found: /api/document-analysis/dashboard/
WARNING 2025-12-07 18:47:20,965 basehttp "GET /api/document-analysis/dashboard/ HTTP/1.1" 404 10131
ERROR 2025-12-07 18:49:27,908 log Internal Server Error: /library/document/5/process/
Traceback (most recent call last):
  File "C:\Users\T\AppData\Local\Python\pythoncore-3.14-64\Lib\site-packages\django\core\handlers\exception.py", line 55, in inner
    response = get_response(request)
  File "C:\Users\T\AppData\Local\Python\pythoncore-3.14-64\Lib\site-packages\django\core\handlers\base.py", line 197, in _get_response
    response = wrapped_callback(request, *callback_args, **callback_kwargs)
  File "C:\Users\T\AppData\Local\Python\pythoncore-3.14-64\Lib\site-packages\django\contrib\auth\decorators.py", line 23, in _wrapper_view
    return view_func(request, *args, **kwargs)
  File "D:\sanad-system\sanad_system\library_app\views.py", line 293, in process_document_view
    return render(request, 'library_app/document_analysis.html', context)
  File "C:\Users\T\AppData\Local\Python\pythoncore-3.14-64\Lib\site-packages\django\shortcuts.py", line 24, in render
    content = loader.render_to_string(template_name, context, request, using=using)
  File "C:\Users\T\AppData\Local\Python\pythoncore-3.14-64\Lib\site-packages\django\template\loader.py", line 62, in render_to_string
    return template.render(context, request)
           ~~~~~~~~~~~~~~~^^^^^^^^^^^^^^^^^^
  File "C:\Users\T\AppData\Local\Python\pythoncore-3.14-64\Lib\site-packages\django\template\backends\django.py", line 61, in render
    return self.template.render(context)
           ~~~~~~~~~~~~~~~~~~~~^^^^^^^^^
  File "C:\Users\T\AppData\Local\Python\pythoncore-3.14-64\Lib\site-packages\django\template\base.py", line 175, in render
    return self._render(context)
           ~~~~~~~~~~~~^^^^^^^^^
  File "C:\Users\T\AppData\Local\Python\pythoncore-3.14-64\Lib\site-packages\django\template\base.py", line 167, in _render
    return self.nodelist.render(context)
           ~~~~~~~~~~~~~~~~~~~~^^^^^^^^^
  File "C:\Users\T\AppData\Local\Python\pythoncore-3.14-64\Lib\site-packages\django\template\base.py", line 1005, in render
    return SafeString("".join([node.render_annotated(context) for node in self]))
                               ~~~~~~~~~~~~~~~~~~~~~^^^^^^^^^
  File "C:\Users\T\AppData\Local\Python\pythoncore-3.14-64\Lib\site-packages\django\template\base.py", line 966, in render_annotated
    return self.render(context)
           ~~~~~~~~~~~^^^^^^^^^
  File "C:\Users\T\AppData\Local\Python\pythoncore-3.14-64\Lib\site-packages\django\template\loader_tags.py", line 157, in render
    return compiled_parent._render(context)
           ~~~~~~~~~~~~~~~~~~~~~~~^^^^^^^^^
  File "C:\Users\T\AppData\Local\Python\pythoncore-3.14-64\Lib\site-packages\django\template\base.py", line 167, in _render
    return self.nodelist.render(context)
           ~~~~~~~~~~~~~~~~~~~~^^^^^^^^^
  File "C:\Users\T\AppData\Local\Python\pythoncore-3.14-64\Lib\site-packages\django\template\base.py", line 1005, in render
    return SafeString("".join([node.render_annotated(context) for node in self]))
                               ~~~~~~~~~~~~~~~~~~~~~^^^^^^^^^
  File "C:\Users\T\AppData\Local\Python\pythoncore-3.14-64\Lib\site-packages\django\template\base.py", line 966, in render_annotated
    return self.render(context)
           ~~~~~~~~~~~^^^^^^^^^
  File "C:\Users\T\AppData\Local\Python\pythoncore-3.14-64\Lib\site-packages\django\template\defaulttags.py", line 471, in render
    url = reverse(view_name, args=args, kwargs=kwargs, current_app=current_app)
  File "C:\Users\T\AppData\Local\Python\pythoncore-3.14-64\Lib\site-packages\django\urls\base.py", line 88, in reverse
    return resolver._reverse_with_prefix(view, prefix, *args, **kwargs)
           ~~~~~~~~~~~~~~~~~~~~~~~~~~~~~^^^^^^^^^^^^^^^^^^^^^^^^^^^^^^^
  File "C:\Users\T\AppData\Local\Python\pythoncore-3.14-64\Lib\site-packages\django\urls\resolvers.py", line 828, in _reverse_with_prefix
    raise NoReverseMatch(msg)
django.urls.exceptions.NoReverseMatch: Reverse for 'document-analysis-dashboard' not found. 'document-analysis-dashboard' is not a valid view function or pattern name.
ERROR 2025-12-07 18:49:28,008 basehttp "GET /library/document/5/process/?debug=1 HTTP/1.1" 500 199008
INFO 2025-12-07 18:50:34,427 autoreload D:\sanad-system\sanad_system\sanad_system\urls.py changed, reloading.
INFO 2025-12-07 18:50:41,031 autoreload Watching for file changes with StatReloader
INFO 2025-12-07 18:51:44,172 basehttp "GET /library/document/5/process/?debug=1 HTTP/1.1" 200 45853
INFO 2025-12-07 18:51:44,375 basehttp "GET /static/css/interactive.css HTTP/1.1" 304 0
INFO 2025-12-07 18:52:02,522 basehttp "GET /library/document/5/process/?debug=1 HTTP/1.1" 200 45685
ERROR 2025-12-07 18:52:10,264 log Internal Server Error: /document-analysis/dashboard/
Traceback (most recent call last):
  File "C:\Users\T\AppData\Local\Python\pythoncore-3.14-64\Lib\site-packages\django\template\backends\django.py", line 61, in render
    return self.template.render(context)
           ~~~~~~~~~~~~~~~~~~~~^^^^^^^^^
  File "C:\Users\T\AppData\Local\Python\pythoncore-3.14-64\Lib\site-packages\django\template\base.py", line 175, in render
    return self._render(context)
           ~~~~~~~~~~~~^^^^^^^^^
  File "C:\Users\T\AppData\Local\Python\pythoncore-3.14-64\Lib\site-packages\django\template\base.py", line 167, in _render
    return self.nodelist.render(context)
           ~~~~~~~~~~~~~~~~~~~~^^^^^^^^^
  File "C:\Users\T\AppData\Local\Python\pythoncore-3.14-64\Lib\site-packages\django\template\base.py", line 1005, in render
    return SafeString("".join([node.render_annotated(context) for node in self]))
                               ~~~~~~~~~~~~~~~~~~~~~^^^^^^^^^
  File "C:\Users\T\AppData\Local\Python\pythoncore-3.14-64\Lib\site-packages\django\template\base.py", line 966, in render_annotated
    return self.render(context)
           ~~~~~~~~~~~^^^^^^^^^
  File "C:\Users\T\AppData\Local\Python\pythoncore-3.14-64\Lib\site-packages\django\template\loader_tags.py", line 132, in render
    compiled_parent = self.get_parent(context)
  File "C:\Users\T\AppData\Local\Python\pythoncore-3.14-64\Lib\site-packages\django\template\loader_tags.py", line 129, in get_parent
    return self.find_template(parent, context)
           ~~~~~~~~~~~~~~~~~~^^^^^^^^^^^^^^^^^
  File "C:\Users\T\AppData\Local\Python\pythoncore-3.14-64\Lib\site-packages\django\template\loader_tags.py", line 107, in find_template
    template, origin = context.template.engine.find_template(
                       ~~~~~~~~~~~~~~~~~~~~~~~~~~~~~~~~~~~~~^
        template_name,
        ^^^^^^^^^^^^^^
        skip=history,
        ^^^^^^^^^^^^^
    )
    ^
  File "C:\Users\T\AppData\Local\Python\pythoncore-3.14-64\Lib\site-packages\django\template\engine.py", line 161, in find_template
    raise TemplateDoesNotExist(name, tried=tried)
django.template.exceptions.TemplateDoesNotExist: base.html

The above exception was the direct cause of the following exception:

Traceback (most recent call last):
  File "C:\Users\T\AppData\Local\Python\pythoncore-3.14-64\Lib\site-packages\django\core\handlers\exception.py", line 55, in inner
    response = get_response(request)
  File "C:\Users\T\AppData\Local\Python\pythoncore-3.14-64\Lib\site-packages\django\core\handlers\base.py", line 197, in _get_response
    response = wrapped_callback(request, *callback_args, **callback_kwargs)
  File "C:\Users\T\AppData\Local\Python\pythoncore-3.14-64\Lib\site-packages\django\contrib\auth\decorators.py", line 23, in _wrapper_view
    return view_func(request, *args, **kwargs)
  File "D:\sanad-system\sanad_system\document_analysis\views.py", line 39, in document_analysis_dashboard
    return render(request, 'document_analysis/dashboard.html', {'analyses': analyses})
  File "C:\Users\T\AppData\Local\Python\pythoncore-3.14-64\Lib\site-packages\django\shortcuts.py", line 24, in render
    content = loader.render_to_string(template_name, context, request, using=using)
  File "C:\Users\T\AppData\Local\Python\pythoncore-3.14-64\Lib\site-packages\django\template\loader.py", line 62, in render_to_string
    return template.render(context, request)
           ~~~~~~~~~~~~~~~^^^^^^^^^^^^^^^^^^
  File "C:\Users\T\AppData\Local\Python\pythoncore-3.14-64\Lib\site-packages\django\template\backends\django.py", line 63, in render
    reraise(exc, self.backend)
    ~~~~~~~^^^^^^^^^^^^^^^^^^^
  File "C:\Users\T\AppData\Local\Python\pythoncore-3.14-64\Lib\site-packages\django\template\backends\django.py", line 84, in reraise
    raise new from exc
django.template.exceptions.TemplateDoesNotExist: base.html
ERROR 2025-12-07 18:52:10,297 basehttp "GET /document-analysis/dashboard/ HTTP/1.1" 500 138998
INFO 2025-12-07 18:52:40,699 autoreload D:\sanad-system\sanad_system\document_analysis\views.py changed, reloading.
INFO 2025-12-07 18:52:44,552 autoreload Watching for file changes with StatReloader
INFO 2025-12-07 18:52:50,254 basehttp "GET /document-analysis/dashboard/ HTTP/1.1" 200 32028
INFO 2025-12-07 18:53:42,818 basehttp "GET /library/ HTTP/1.1" 200 33231
INFO 2025-12-07 18:53:45,632 basehttp "GET /library/document/6/ HTTP/1.1" 200 34318
INFO 2025-12-07 18:53:45,844 basehttp "GET /library/document/6/pdf/ HTTP/1.1" 200 7943
INFO 2025-12-07 18:53:49,510 basehttp "GET /library/document/6/process/ HTTP/1.1" 200 35375
ERROR 2025-12-07 18:55:01,155 log Internal Server Error: /api/document-analysis/analyses/
Traceback (most recent call last):
  File "C:\Users\T\AppData\Local\Python\pythoncore-3.14-64\Lib\site-packages\redis\connection.py", line 855, in connect_check_health
    sock = self.retry.call_with_retry(
        lambda: self._connect(), lambda error: self.disconnect(error)
    )
  File "C:\Users\T\AppData\Local\Python\pythoncore-3.14-64\Lib\site-packages\redis\retry.py", line 116, in call_with_retry
    return do()
  File "C:\Users\T\AppData\Local\Python\pythoncore-3.14-64\Lib\site-packages\redis\connection.py", line 856, in <lambda>
    lambda: self._connect(), lambda error: self.disconnect(error)
            ~~~~~~~~~~~~~^^
  File "C:\Users\T\AppData\Local\Python\pythoncore-3.14-64\Lib\site-packages\redis\connection.py", line 1306, in _connect
    raise err
  File "C:\Users\T\AppData\Local\Python\pythoncore-3.14-64\Lib\site-packages\redis\connection.py", line 1290, in _connect
    sock.connect(socket_address)
    ~~~~~~~~~~~~^^^^^^^^^^^^^^^^
ConnectionRefusedError: [WinError 10061] No connection could be made because the target machine actively refused it

During handling of the above exception, another exception occurred:

Traceback (most recent call last):
  File "C:\Users\T\AppData\Local\Python\pythoncore-3.14-64\Lib\site-packages\celery\backends\redis.py", line 130, in reconnect_on_error
    yield
  File "C:\Users\T\AppData\Local\Python\pythoncore-3.14-64\Lib\site-packages\celery\backends\redis.py", line 180, in _consume_from
    self._pubsub.subscribe(key)
    ~~~~~~~~~~~~~~~~~~~~~~^^^^^
  File "C:\Users\T\AppData\Local\Python\pythoncore-3.14-64\Lib\site-packages\redis\client.py", line 1090, in subscribe
    ret_val = self.execute_command("SUBSCRIBE", *new_channels.keys())
  File "C:\Users\T\AppData\Local\Python\pythoncore-3.14-64\Lib\site-packages\redis\client.py", line 914, in execute_command
    self.connection = self.connection_pool.get_connection()
                      ~~~~~~~~~~~~~~~~~~~~~~~~~~~~~~~~~~~^^
  File "C:\Users\T\AppData\Local\Python\pythoncore-3.14-64\Lib\site-packages\redis\utils.py", line 196, in wrapper
    return func(*args, **kwargs)
  File "C:\Users\T\AppData\Local\Python\pythoncore-3.14-64\Lib\site-packages\redis\connection.py", line 2603, in get_connection
    connection.connect()
    ~~~~~~~~~~~~~~~~~~^^
  File "C:\Users\T\AppData\Local\Python\pythoncore-3.14-64\Lib\site-packages\redis\connection.py", line 846, in connect
    self.connect_check_health(check_health=True)
    ~~~~~~~~~~~~~~~~~~~~~~~~~^^^^^^^^^^^^^^^^^^^
  File "C:\Users\T\AppData\Local\Python\pythoncore-3.14-64\Lib\site-packages\redis\connection.py", line 863, in connect_check_health
    raise ConnectionError(self._error_message(e))
redis.exceptions.ConnectionError: Error 10061 connecting to localhost:6379. No connection could be made because the target machine actively refused it.

During handling of the above exception, another exception occurred:

Traceback (most recent call last):
  File "C:\Users\T\AppData\Local\Python\pythoncore-3.14-64\Lib\site-packages\redis\connection.py", line 855, in connect_check_health
    sock = self.retry.call_with_retry(
        lambda: self._connect(), lambda error: self.disconnect(error)
    )
  File "C:\Users\T\AppData\Local\Python\pythoncore-3.14-64\Lib\site-packages\redis\retry.py", line 116, in call_with_retry
    return do()
  File "C:\Users\T\AppData\Local\Python\pythoncore-3.14-64\Lib\site-packages\redis\connection.py", line 856, in <lambda>
    lambda: self._connect(), lambda error: self.disconnect(error)
            ~~~~~~~~~~~~~^^
  File "C:\Users\T\AppData\Local\Python\pythoncore-3.14-64\Lib\site-packages\redis\connection.py", line 1306, in _connect
    raise err
  File "C:\Users\T\AppData\Local\Python\pythoncore-3.14-64\Lib\site-packages\redis\connection.py", line 1290, in _connect
    sock.connect(socket_address)
    ~~~~~~~~~~~~^^^^^^^^^^^^^^^^
ConnectionRefusedError: [WinError 10061] No connection could be made because the target machine actively refused it

During handling of the above exception, another exception occurred:

Traceback (most recent call last):
  File "C:\Users\T\AppData\Local\Python\pythoncore-3.14-64\Lib\site-packages\celery\backends\redis.py", line 133, in reconnect_on_error
    self._ensure(self._reconnect_pubsub, ())
    ~~~~~~~~~~~~^^^^^^^^^^^^^^^^^^^^^^^^^^^^
  File "C:\Users\T\AppData\Local\Python\pythoncore-3.14-64\Lib\site-packages\celery\backends\redis.py", line 428, in ensure
    return retry_over_time(
        fun, self.connection_errors, args, {},
        partial(self.on_connection_error, max_retries),
        **retry_policy)
  File "C:\Users\T\AppData\Local\Python\pythoncore-3.14-64\Lib\site-packages\kombu\utils\functional.py", line 318, in retry_over_time
    return fun(*args, **kwargs)
  File "C:\Users\T\AppData\Local\Python\pythoncore-3.14-64\Lib\site-packages\celery\backends\redis.py", line 109, in _reconnect_pubsub
    metas = self.backend.client.mget(self.subscribed_to)
  File "C:\Users\T\AppData\Local\Python\pythoncore-3.14-64\Lib\site-packages\redis\commands\core.py", line 2091, in mget
    return self.execute_command("MGET", *args, **options)
           ~~~~~~~~~~~~~~~~~~~~^^^^^^^^^^^^^^^^^^^^^^^^^^
  File "C:\Users\T\AppData\Local\Python\pythoncore-3.14-64\Lib\site-packages\redis\client.py", line 657, in execute_command
    return self._execute_command(*args, **options)
           ~~~~~~~~~~~~~~~~~~~~~^^^^^^^^^^^^^^^^^^
  File "C:\Users\T\AppData\Local\Python\pythoncore-3.14-64\Lib\site-packages\redis\client.py", line 663, in _execute_command
    conn = self.connection or pool.get_connection()
                              ~~~~~~~~~~~~~~~~~~~^^
  File "C:\Users\T\AppData\Local\Python\pythoncore-3.14-64\Lib\site-packages\redis\utils.py", line 196, in wrapper
    return func(*args, **kwargs)
  File "C:\Users\T\AppData\Local\Python\pythoncore-3.14-64\Lib\site-packages\redis\connection.py", line 2603, in get_connection
    connection.connect()
    ~~~~~~~~~~~~~~~~~~^^
  File "C:\Users\T\AppData\Local\Python\pythoncore-3.14-64\Lib\site-packages\redis\connection.py", line 846, in connect
    self.connect_check_health(check_health=True)
    ~~~~~~~~~~~~~~~~~~~~~~~~~^^^^^^^^^^^^^^^^^^^
  File "C:\Users\T\AppData\Local\Python\pythoncore-3.14-64\Lib\site-packages\redis\connection.py", line 863, in connect_check_health
    raise ConnectionError(self._error_message(e))
redis.exceptions.ConnectionError: Error 10061 connecting to localhost:6379. No connection could be made because the target machine actively refused it.

The above exception was the direct cause of the following exception:

Traceback (most recent call last):
  File "C:\Users\T\AppData\Local\Python\pythoncore-3.14-64\Lib\site-packages\django\core\handlers\exception.py", line 55, in inner
    response = get_response(request)
  File "C:\Users\T\AppData\Local\Python\pythoncore-3.14-64\Lib\site-packages\django\core\handlers\base.py", line 197, in _get_response
    response = wrapped_callback(request, *callback_args, **callback_kwargs)
  File "C:\Users\T\AppData\Local\Python\pythoncore-3.14-64\Lib\site-packages\django\views\decorators\csrf.py", line 56, in wrapper_view
    return view_func(*args, **kwargs)
  File "C:\Users\T\AppData\Local\Python\pythoncore-3.14-64\Lib\site-packages\django\views\generic\base.py", line 105, in view
    return self.dispatch(request, *args, **kwargs)
           ~~~~~~~~~~~~~^^^^^^^^^^^^^^^^^^^^^^^^^^
  File "C:\Users\T\AppData\Local\Python\pythoncore-3.14-64\Lib\site-packages\rest_framework\views.py", line 515, in dispatch
    response = self.handle_exception(exc)
  File "C:\Users\T\AppData\Local\Python\pythoncore-3.14-64\Lib\site-packages\rest_framework\views.py", line 475, in handle_exception
    self.raise_uncaught_exception(exc)
    ~~~~~~~~~~~~~~~~~~~~~~~~~~~~~^^^^^
  File "C:\Users\T\AppData\Local\Python\pythoncore-3.14-64\Lib\site-packages\rest_framework\views.py", line 486, in raise_uncaught_exception
    raise exc
  File "C:\Users\T\AppData\Local\Python\pythoncore-3.14-64\Lib\site-packages\rest_framework\views.py", line 512, in dispatch
    response = handler(request, *args, **kwargs)
  File "C:\Users\T\AppData\Local\Python\pythoncore-3.14-64\Lib\site-packages\rest_framework\generics.py", line 246, in post
    return self.create(request, *args, **kwargs)
           ~~~~~~~~~~~^^^^^^^^^^^^^^^^^^^^^^^^^^
  File "C:\Users\T\AppData\Local\Python\pythoncore-3.14-64\Lib\site-packages\rest_framework\mixins.py", line 19, in create
    self.perform_create(serializer)
    ~~~~~~~~~~~~~~~~~~~^^^^^^^^^^^^
  File "D:\sanad-system\sanad_system\document_analysis\views.py", line 25, in perform_create
    process_document_analysis.delay(instance.id)
    ~~~~~~~~~~~~~~~~~~~~~~~~~~~~~~~^^^^^^^^^^^^^
  File "C:\Users\T\AppData\Local\Python\pythoncore-3.14-64\Lib\site-packages\celery\app\task.py", line 444, in delay
    return self.apply_async(args, kwargs)
           ~~~~~~~~~~~~~~~~^^^^^^^^^^^^^^
  File "C:\Users\T\AppData\Local\Python\pythoncore-3.14-64\Lib\site-packages\celery\app\task.py", line 608, in apply_async
    return app.send_task(
           ~~~~~~~~~~~~~^
        self.name, args, kwargs, task_id=task_id, producer=producer,
        ^^^^^^^^^^^^^^^^^^^^^^^^^^^^^^^^^^^^^^^^^^^^^^^^^^^^^^^^^^^^
    ...<2 lines>...
        **options
        ^^^^^^^^^
    )
    ^
  File "C:\Users\T\AppData\Local\Python\pythoncore-3.14-64\Lib\site-packages\celery\app\base.py", line 946, in send_task
    self.backend.on_task_call(P, task_id)
    ~~~~~~~~~~~~~~~~~~~~~~~~~^^^^^^^^^^^^
  File "C:\Users\T\AppData\Local\Python\pythoncore-3.14-64\Lib\site-packages\celery\backends\redis.py", line 417, in on_task_call
    self.result_consumer.consume_from(task_id)
    ~~~~~~~~~~~~~~~~~~~~~~~~~~~~~~~~~^^^^^^^^^
  File "C:\Users\T\AppData\Local\Python\pythoncore-3.14-64\Lib\site-packages\celery\backends\redis.py", line 172, in consume_from
    return self.start(task_id)
           ~~~~~~~~~~^^^^^^^^^
  File "C:\Users\T\AppData\Local\Python\pythoncore-3.14-64\Lib\site-packages\celery\backends\redis.py", line 150, in start
    self._consume_from(initial_task_id)
    ~~~~~~~~~~~~~~~~~~^^^^^^^^^^^^^^^^^
  File "C:\Users\T\AppData\Local\Python\pythoncore-3.14-64\Lib\site-packages\celery\backends\redis.py", line 179, in _consume_from
    with self.reconnect_on_error():
         ~~~~~~~~~~~~~~~~~~~~~~~^^
  File "C:\Users\T\AppData\Local\Python\pythoncore-3.14-64\Lib\contextlib.py", line 162, in __exit__
    self.gen.throw(value)
    ~~~~~~~~~~~~~~^^^^^^^
  File "C:\Users\T\AppData\Local\Python\pythoncore-3.14-64\Lib\site-packages\celery\backends\redis.py", line 136, in reconnect_on_error
    raise RuntimeError(E_RETRY_LIMIT_EXCEEDED) from e
RuntimeError: 
Retry limit exceeded while trying to reconnect to the Celery redis result store backend. The Celery application must be restarted.

INFO 2025-12-07 18:55:01,391 basehttp - Broken pipe from ('127.0.0.1', 65268)
ERROR 2025-12-07 18:55:15,902 log Internal Server Error: /api/document-analysis/analyses/
Traceback (most recent call last):
  File "C:\Users\T\AppData\Local\Python\pythoncore-3.14-64\Lib\site-packages\redis\connection.py", line 855, in connect_check_health
    sock = self.retry.call_with_retry(
        lambda: self._connect(), lambda error: self.disconnect(error)
    )
  File "C:\Users\T\AppData\Local\Python\pythoncore-3.14-64\Lib\site-packages\redis\retry.py", line 116, in call_with_retry
    return do()
  File "C:\Users\T\AppData\Local\Python\pythoncore-3.14-64\Lib\site-packages\redis\connection.py", line 856, in <lambda>
    lambda: self._connect(), lambda error: self.disconnect(error)
            ~~~~~~~~~~~~~^^
  File "C:\Users\T\AppData\Local\Python\pythoncore-3.14-64\Lib\site-packages\redis\connection.py", line 1306, in _connect
    raise err
  File "C:\Users\T\AppData\Local\Python\pythoncore-3.14-64\Lib\site-packages\redis\connection.py", line 1290, in _connect
    sock.connect(socket_address)
    ~~~~~~~~~~~~^^^^^^^^^^^^^^^^
ConnectionRefusedError: [WinError 10061] No connection could be made because the target machine actively refused it

During handling of the above exception, another exception occurred:

Traceback (most recent call last):
  File "C:\Users\T\AppData\Local\Python\pythoncore-3.14-64\Lib\site-packages\celery\backends\redis.py", line 130, in reconnect_on_error
    yield
  File "C:\Users\T\AppData\Local\Python\pythoncore-3.14-64\Lib\site-packages\celery\backends\redis.py", line 180, in _consume_from
    self._pubsub.subscribe(key)
    ~~~~~~~~~~~~~~~~~~~~~~^^^^^
  File "C:\Users\T\AppData\Local\Python\pythoncore-3.14-64\Lib\site-packages\redis\client.py", line 1090, in subscribe
    ret_val = self.execute_command("SUBSCRIBE", *new_channels.keys())
  File "C:\Users\T\AppData\Local\Python\pythoncore-3.14-64\Lib\site-packages\redis\client.py", line 914, in execute_command
    self.connection = self.connection_pool.get_connection()
                      ~~~~~~~~~~~~~~~~~~~~~~~~~~~~~~~~~~~^^
  File "C:\Users\T\AppData\Local\Python\pythoncore-3.14-64\Lib\site-packages\redis\utils.py", line 196, in wrapper
    return func(*args, **kwargs)
  File "C:\Users\T\AppData\Local\Python\pythoncore-3.14-64\Lib\site-packages\redis\connection.py", line 2603, in get_connection
    connection.connect()
    ~~~~~~~~~~~~~~~~~~^^
  File "C:\Users\T\AppData\Local\Python\pythoncore-3.14-64\Lib\site-packages\redis\connection.py", line 846, in connect
    self.connect_check_health(check_health=True)
    ~~~~~~~~~~~~~~~~~~~~~~~~~^^^^^^^^^^^^^^^^^^^
  File "C:\Users\T\AppData\Local\Python\pythoncore-3.14-64\Lib\site-packages\redis\connection.py", line 863, in connect_check_health
    raise ConnectionError(self._error_message(e))
redis.exceptions.ConnectionError: Error 10061 connecting to localhost:6379. No connection could be made because the target machine actively refused it.

During handling of the above exception, another exception occurred:

Traceback (most recent call last):
  File "C:\Users\T\AppData\Local\Python\pythoncore-3.14-64\Lib\site-packages\redis\connection.py", line 855, in connect_check_health
    sock = self.retry.call_with_retry(
        lambda: self._connect(), lambda error: self.disconnect(error)
    )
  File "C:\Users\T\AppData\Local\Python\pythoncore-3.14-64\Lib\site-packages\redis\retry.py", line 116, in call_with_retry
    return do()
  File "C:\Users\T\AppData\Local\Python\pythoncore-3.14-64\Lib\site-packages\redis\connection.py", line 856, in <lambda>
    lambda: self._connect(), lambda error: self.disconnect(error)
            ~~~~~~~~~~~~~^^
  File "C:\Users\T\AppData\Local\Python\pythoncore-3.14-64\Lib\site-packages\redis\connection.py", line 1306, in _connect
    raise err
  File "C:\Users\T\AppData\Local\Python\pythoncore-3.14-64\Lib\site-packages\redis\connection.py", line 1290, in _connect
    sock.connect(socket_address)
    ~~~~~~~~~~~~^^^^^^^^^^^^^^^^
ConnectionRefusedError: [WinError 10061] No connection could be made because the target machine actively refused it

During handling of the above exception, another exception occurred:

Traceback (most recent call last):
  File "C:\Users\T\AppData\Local\Python\pythoncore-3.14-64\Lib\site-packages\celery\backends\redis.py", line 133, in reconnect_on_error
    self._ensure(self._reconnect_pubsub, ())
    ~~~~~~~~~~~~^^^^^^^^^^^^^^^^^^^^^^^^^^^^
  File "C:\Users\T\AppData\Local\Python\pythoncore-3.14-64\Lib\site-packages\celery\backends\redis.py", line 428, in ensure
    return retry_over_time(
        fun, self.connection_errors, args, {},
        partial(self.on_connection_error, max_retries),
        **retry_policy)
  File "C:\Users\T\AppData\Local\Python\pythoncore-3.14-64\Lib\site-packages\kombu\utils\functional.py", line 318, in retry_over_time
    return fun(*args, **kwargs)
  File "C:\Users\T\AppData\Local\Python\pythoncore-3.14-64\Lib\site-packages\celery\backends\redis.py", line 109, in _reconnect_pubsub
    metas = self.backend.client.mget(self.subscribed_to)
  File "C:\Users\T\AppData\Local\Python\pythoncore-3.14-64\Lib\site-packages\redis\commands\core.py", line 2091, in mget
    return self.execute_command("MGET", *args, **options)
           ~~~~~~~~~~~~~~~~~~~~^^^^^^^^^^^^^^^^^^^^^^^^^^
  File "C:\Users\T\AppData\Local\Python\pythoncore-3.14-64\Lib\site-packages\redis\client.py", line 657, in execute_command
    return self._execute_command(*args, **options)
           ~~~~~~~~~~~~~~~~~~~~~^^^^^^^^^^^^^^^^^^
  File "C:\Users\T\AppData\Local\Python\pythoncore-3.14-64\Lib\site-packages\redis\client.py", line 663, in _execute_command
    conn = self.connection or pool.get_connection()
                              ~~~~~~~~~~~~~~~~~~~^^
  File "C:\Users\T\AppData\Local\Python\pythoncore-3.14-64\Lib\site-packages\redis\utils.py", line 196, in wrapper
    return func(*args, **kwargs)
  File "C:\Users\T\AppData\Local\Python\pythoncore-3.14-64\Lib\site-packages\redis\connection.py", line 2603, in get_connection
    connection.connect()
    ~~~~~~~~~~~~~~~~~~^^
  File "C:\Users\T\AppData\Local\Python\pythoncore-3.14-64\Lib\site-packages\redis\connection.py", line 846, in connect
    self.connect_check_health(check_health=True)
    ~~~~~~~~~~~~~~~~~~~~~~~~~^^^^^^^^^^^^^^^^^^^
  File "C:\Users\T\AppData\Local\Python\pythoncore-3.14-64\Lib\site-packages\redis\connection.py", line 863, in connect_check_health
    raise ConnectionError(self._error_message(e))
redis.exceptions.ConnectionError: Error 10061 connecting to localhost:6379. No connection could be made because the target machine actively refused it.

The above exception was the direct cause of the following exception:

Traceback (most recent call last):
  File "C:\Users\T\AppData\Local\Python\pythoncore-3.14-64\Lib\site-packages\django\core\handlers\exception.py", line 55, in inner
    response = get_response(request)
  File "C:\Users\T\AppData\Local\Python\pythoncore-3.14-64\Lib\site-packages\django\core\handlers\base.py", line 197, in _get_response
    response = wrapped_callback(request, *callback_args, **callback_kwargs)
  File "C:\Users\T\AppData\Local\Python\pythoncore-3.14-64\Lib\site-packages\django\views\decorators\csrf.py", line 56, in wrapper_view
    return view_func(*args, **kwargs)
  File "C:\Users\T\AppData\Local\Python\pythoncore-3.14-64\Lib\site-packages\django\views\generic\base.py", line 105, in view
    return self.dispatch(request, *args, **kwargs)
           ~~~~~~~~~~~~~^^^^^^^^^^^^^^^^^^^^^^^^^^
  File "C:\Users\T\AppData\Local\Python\pythoncore-3.14-64\Lib\site-packages\rest_framework\views.py", line 515, in dispatch
    response = self.handle_exception(exc)
  File "C:\Users\T\AppData\Local\Python\pythoncore-3.14-64\Lib\site-packages\rest_framework\views.py", line 475, in handle_exception
    self.raise_uncaught_exception(exc)
    ~~~~~~~~~~~~~~~~~~~~~~~~~~~~~^^^^^
  File "C:\Users\T\AppData\Local\Python\pythoncore-3.14-64\Lib\site-packages\rest_framework\views.py", line 486, in raise_uncaught_exception
    raise exc
  File "C:\Users\T\AppData\Local\Python\pythoncore-3.14-64\Lib\site-packages\rest_framework\views.py", line 512, in dispatch
    response = handler(request, *args, **kwargs)
  File "C:\Users\T\AppData\Local\Python\pythoncore-3.14-64\Lib\site-packages\rest_framework\generics.py", line 246, in post
    return self.create(request, *args, **kwargs)
           ~~~~~~~~~~~^^^^^^^^^^^^^^^^^^^^^^^^^^
  File "C:\Users\T\AppData\Local\Python\pythoncore-3.14-64\Lib\site-packages\rest_framework\mixins.py", line 19, in create
    self.perform_create(serializer)
    ~~~~~~~~~~~~~~~~~~~^^^^^^^^^^^^
  File "D:\sanad-system\sanad_system\document_analysis\views.py", line 25, in perform_create
    process_document_analysis.delay(instance.id)
    ~~~~~~~~~~~~~~~~~~~~~~~~~~~~~~~^^^^^^^^^^^^^
  File "C:\Users\T\AppData\Local\Python\pythoncore-3.14-64\Lib\site-packages\celery\app\task.py", line 444, in delay
    return self.apply_async(args, kwargs)
           ~~~~~~~~~~~~~~~~^^^^^^^^^^^^^^
  File "C:\Users\T\AppData\Local\Python\pythoncore-3.14-64\Lib\site-packages\celery\app\task.py", line 608, in apply_async
    return app.send_task(
           ~~~~~~~~~~~~~^
        self.name, args, kwargs, task_id=task_id, producer=producer,
        ^^^^^^^^^^^^^^^^^^^^^^^^^^^^^^^^^^^^^^^^^^^^^^^^^^^^^^^^^^^^
    ...<2 lines>...
        **options
        ^^^^^^^^^
    )
    ^
  File "C:\Users\T\AppData\Local\Python\pythoncore-3.14-64\Lib\site-packages\celery\app\base.py", line 946, in send_task
    self.backend.on_task_call(P, task_id)
    ~~~~~~~~~~~~~~~~~~~~~~~~~^^^^^^^^^^^^
  File "C:\Users\T\AppData\Local\Python\pythoncore-3.14-64\Lib\site-packages\celery\backends\redis.py", line 417, in on_task_call
    self.result_consumer.consume_from(task_id)
    ~~~~~~~~~~~~~~~~~~~~~~~~~~~~~~~~~^^^^^^^^^
  File "C:\Users\T\AppData\Local\Python\pythoncore-3.14-64\Lib\site-packages\celery\backends\redis.py", line 172, in consume_from
    return self.start(task_id)
           ~~~~~~~~~~^^^^^^^^^
  File "C:\Users\T\AppData\Local\Python\pythoncore-3.14-64\Lib\site-packages\celery\backends\redis.py", line 150, in start
    self._consume_from(initial_task_id)
    ~~~~~~~~~~~~~~~~~~^^^^^^^^^^^^^^^^^
  File "C:\Users\T\AppData\Local\Python\pythoncore-3.14-64\Lib\site-packages\celery\backends\redis.py", line 179, in _consume_from
    with self.reconnect_on_error():
         ~~~~~~~~~~~~~~~~~~~~~~~^^
  File "C:\Users\T\AppData\Local\Python\pythoncore-3.14-64\Lib\contextlib.py", line 162, in __exit__
    self.gen.throw(value)
    ~~~~~~~~~~~~~~^^^^^^^
  File "C:\Users\T\AppData\Local\Python\pythoncore-3.14-64\Lib\site-packages\celery\backends\redis.py", line 136, in reconnect_on_error
    raise RuntimeError(E_RETRY_LIMIT_EXCEEDED) from e
RuntimeError: 
Retry limit exceeded while trying to reconnect to the Celery redis result store backend. The Celery application must be restarted.

INFO 2025-12-07 18:55:15,936 basehttp - Broken pipe from ('127.0.0.1', 65326)
INFO 2025-12-07 18:55:28,920 basehttp "GET /document-analysis/dashboard/ HTTP/1.1" 200 35474
INFO 2025-12-07 18:56:25,268 autoreload D:\sanad-system\sanad_system\document_analysis\views.py changed, reloading.
INFO 2025-12-07 18:56:31,172 autoreload Watching for file changes with StatReloader
INFO 2025-12-07 18:57:08,282 autoreload D:\sanad-system\sanad_system\document_analysis\serializers.py changed, reloading.
INFO 2025-12-07 18:57:11,160 autoreload Watching for file changes with StatReloader
INFO 2025-12-07 18:57:33,245 basehttp "GET /library/ HTTP/1.1" 200 33231
INFO 2025-12-07 18:57:36,530 basehttp "GET /library/document/6/ HTTP/1.1" 200 34323
INFO 2025-12-07 18:57:36,839 basehttp "GET /library/document/6/pdf/ HTTP/1.1" 200 7943
INFO 2025-12-07 18:58:27,977 basehttp "GET /library/document/6/ HTTP/1.1" 200 34069
INFO 2025-12-07 18:58:28,241 basehttp "GET /library/document/6/pdf/ HTTP/1.1" 200 7943
INFO 2025-12-07 18:58:37,111 basehttp "GET /document-analysis/dashboard/ HTTP/1.1" 200 40430
WARNING 2025-12-07 18:58:49,762 log Bad Request: /api/document-analysis/analyses/
WARNING 2025-12-07 18:58:49,765 basehttp "POST /api/document-analysis/analyses/ HTTP/1.1" 400 52
INFO 2025-12-07 18:59:27,342 autoreload D:\sanad-system\sanad_system\document_analysis\views.py changed, reloading.
INFO 2025-12-07 18:59:30,391 autoreload Watching for file changes with StatReloader
INFO 2025-12-07 18:59:39,178 autoreload D:\sanad-system\sanad_system\document_analysis\views.py changed, reloading.
INFO 2025-12-07 18:59:41,341 autoreload Watching for file changes with StatReloader
INFO 2025-12-07 18:59:52,702 basehttp "GET /document-analysis/dashboard/ HTTP/1.1" 200 41116
WARNING 2025-12-07 19:00:04,307 log Bad Request: /api/document-analysis/analyses/
WARNING 2025-12-07 19:00:04,308 basehttp "POST /api/document-analysis/analyses/ HTTP/1.1" 400 52
INFO 2025-12-07 19:04:07,919 autoreload D:\sanad-system\sanad_system\document_analysis\serializers.py changed, reloading.
INFO 2025-12-07 19:04:12,203 autoreload Watching for file changes with StatReloader
INFO 2025-12-07 19:04:24,371 autoreload D:\sanad-system\sanad_system\document_analysis\models.py changed, reloading.
INFO 2025-12-07 19:04:27,404 autoreload Watching for file changes with StatReloader
INFO 2025-12-07 19:04:32,854 autoreload D:\sanad-system\sanad_system\document_analysis\serializers.py changed, reloading.
INFO 2025-12-07 19:04:35,599 autoreload Watching for file changes with StatReloader
INFO 2025-12-07 19:04:51,311 autoreload D:\sanad-system\sanad_system\document_analysis\tasks.py changed, reloading.
INFO 2025-12-07 19:04:54,821 autoreload Watching for file changes with StatReloader
INFO 2025-12-07 19:37:31,901 autoreload Watching for file changes with StatReloader
INFO 2025-12-07 19:37:57,322 basehttp "GET /document-analysis/dashboard/ HTTP/1.1" 200 41116
INFO 2025-12-07 19:37:57,610 basehttp "GET /static/css/interactive.css HTTP/1.1" 304 0
INFO 2025-12-07 19:37:59,394 basehttp "GET /document-analysis/dashboard/ HTTP/1.1" 200 41116
ERROR 2025-12-07 19:39:58,414 log Internal Server Error: /api/document-analysis/analyses/
Traceback (most recent call last):
  File "C:\Users\T\AppData\Local\Python\pythoncore-3.14-64\Lib\site-packages\redis\connection.py", line 855, in connect_check_health
    sock = self.retry.call_with_retry(
        lambda: self._connect(), lambda error: self.disconnect(error)
    )
  File "C:\Users\T\AppData\Local\Python\pythoncore-3.14-64\Lib\site-packages\redis\retry.py", line 116, in call_with_retry
    return do()
  File "C:\Users\T\AppData\Local\Python\pythoncore-3.14-64\Lib\site-packages\redis\connection.py", line 856, in <lambda>
    lambda: self._connect(), lambda error: self.disconnect(error)
            ~~~~~~~~~~~~~^^
  File "C:\Users\T\AppData\Local\Python\pythoncore-3.14-64\Lib\site-packages\redis\connection.py", line 1306, in _connect
    raise err
  File "C:\Users\T\AppData\Local\Python\pythoncore-3.14-64\Lib\site-packages\redis\connection.py", line 1290, in _connect
    sock.connect(socket_address)
    ~~~~~~~~~~~~^^^^^^^^^^^^^^^^
ConnectionRefusedError: [WinError 10061] No connection could be made because the target machine actively refused it

During handling of the above exception, another exception occurred:

Traceback (most recent call last):
  File "C:\Users\T\AppData\Local\Python\pythoncore-3.14-64\Lib\site-packages\celery\backends\redis.py", line 130, in reconnect_on_error
    yield
  File "C:\Users\T\AppData\Local\Python\pythoncore-3.14-64\Lib\site-packages\celery\backends\redis.py", line 180, in _consume_from
    self._pubsub.subscribe(key)
    ~~~~~~~~~~~~~~~~~~~~~~^^^^^
  File "C:\Users\T\AppData\Local\Python\pythoncore-3.14-64\Lib\site-packages\redis\client.py", line 1090, in subscribe
    ret_val = self.execute_command("SUBSCRIBE", *new_channels.keys())
  File "C:\Users\T\AppData\Local\Python\pythoncore-3.14-64\Lib\site-packages\redis\client.py", line 914, in execute_command
    self.connection = self.connection_pool.get_connection()
                      ~~~~~~~~~~~~~~~~~~~~~~~~~~~~~~~~~~~^^
  File "C:\Users\T\AppData\Local\Python\pythoncore-3.14-64\Lib\site-packages\redis\utils.py", line 196, in wrapper
    return func(*args, **kwargs)
  File "C:\Users\T\AppData\Local\Python\pythoncore-3.14-64\Lib\site-packages\redis\connection.py", line 2603, in get_connection
    connection.connect()
    ~~~~~~~~~~~~~~~~~~^^
  File "C:\Users\T\AppData\Local\Python\pythoncore-3.14-64\Lib\site-packages\redis\connection.py", line 846, in connect
    self.connect_check_health(check_health=True)
    ~~~~~~~~~~~~~~~~~~~~~~~~~^^^^^^^^^^^^^^^^^^^
  File "C:\Users\T\AppData\Local\Python\pythoncore-3.14-64\Lib\site-packages\redis\connection.py", line 863, in connect_check_health
    raise ConnectionError(self._error_message(e))
redis.exceptions.ConnectionError: Error 10061 connecting to localhost:6379. No connection could be made because the target machine actively refused it.

During handling of the above exception, another exception occurred:

Traceback (most recent call last):
  File "C:\Users\T\AppData\Local\Python\pythoncore-3.14-64\Lib\site-packages\redis\connection.py", line 855, in connect_check_health
    sock = self.retry.call_with_retry(
        lambda: self._connect(), lambda error: self.disconnect(error)
    )
  File "C:\Users\T\AppData\Local\Python\pythoncore-3.14-64\Lib\site-packages\redis\retry.py", line 116, in call_with_retry
    return do()
  File "C:\Users\T\AppData\Local\Python\pythoncore-3.14-64\Lib\site-packages\redis\connection.py", line 856, in <lambda>
    lambda: self._connect(), lambda error: self.disconnect(error)
            ~~~~~~~~~~~~~^^
  File "C:\Users\T\AppData\Local\Python\pythoncore-3.14-64\Lib\site-packages\redis\connection.py", line 1306, in _connect
    raise err
  File "C:\Users\T\AppData\Local\Python\pythoncore-3.14-64\Lib\site-packages\redis\connection.py", line 1290, in _connect
    sock.connect(socket_address)
    ~~~~~~~~~~~~^^^^^^^^^^^^^^^^
ConnectionRefusedError: [WinError 10061] No connection could be made because the target machine actively refused it

During handling of the above exception, another exception occurred:

Traceback (most recent call last):
  File "C:\Users\T\AppData\Local\Python\pythoncore-3.14-64\Lib\site-packages\celery\backends\redis.py", line 133, in reconnect_on_error
    self._ensure(self._reconnect_pubsub, ())
    ~~~~~~~~~~~~^^^^^^^^^^^^^^^^^^^^^^^^^^^^
  File "C:\Users\T\AppData\Local\Python\pythoncore-3.14-64\Lib\site-packages\celery\backends\redis.py", line 428, in ensure
    return retry_over_time(
        fun, self.connection_errors, args, {},
        partial(self.on_connection_error, max_retries),
        **retry_policy)
  File "C:\Users\T\AppData\Local\Python\pythoncore-3.14-64\Lib\site-packages\kombu\utils\functional.py", line 318, in retry_over_time
    return fun(*args, **kwargs)
  File "C:\Users\T\AppData\Local\Python\pythoncore-3.14-64\Lib\site-packages\celery\backends\redis.py", line 109, in _reconnect_pubsub
    metas = self.backend.client.mget(self.subscribed_to)
  File "C:\Users\T\AppData\Local\Python\pythoncore-3.14-64\Lib\site-packages\redis\commands\core.py", line 2091, in mget
    return self.execute_command("MGET", *args, **options)
           ~~~~~~~~~~~~~~~~~~~~^^^^^^^^^^^^^^^^^^^^^^^^^^
  File "C:\Users\T\AppData\Local\Python\pythoncore-3.14-64\Lib\site-packages\redis\client.py", line 657, in execute_command
    return self._execute_command(*args, **options)
           ~~~~~~~~~~~~~~~~~~~~~^^^^^^^^^^^^^^^^^^
  File "C:\Users\T\AppData\Local\Python\pythoncore-3.14-64\Lib\site-packages\redis\client.py", line 663, in _execute_command
    conn = self.connection or pool.get_connection()
                              ~~~~~~~~~~~~~~~~~~~^^
  File "C:\Users\T\AppData\Local\Python\pythoncore-3.14-64\Lib\site-packages\redis\utils.py", line 196, in wrapper
    return func(*args, **kwargs)
  File "C:\Users\T\AppData\Local\Python\pythoncore-3.14-64\Lib\site-packages\redis\connection.py", line 2603, in get_connection
    connection.connect()
    ~~~~~~~~~~~~~~~~~~^^
  File "C:\Users\T\AppData\Local\Python\pythoncore-3.14-64\Lib\site-packages\redis\connection.py", line 846, in connect
    self.connect_check_health(check_health=True)
    ~~~~~~~~~~~~~~~~~~~~~~~~~^^^^^^^^^^^^^^^^^^^
  File "C:\Users\T\AppData\Local\Python\pythoncore-3.14-64\Lib\site-packages\redis\connection.py", line 863, in connect_check_health
    raise ConnectionError(self._error_message(e))
redis.exceptions.ConnectionError: Error 10061 connecting to localhost:6379. No connection could be made because the target machine actively refused it.

The above exception was the direct cause of the following exception:

Traceback (most recent call last):
  File "C:\Users\T\AppData\Local\Python\pythoncore-3.14-64\Lib\site-packages\django\core\handlers\exception.py", line 55, in inner
    response = get_response(request)
  File "C:\Users\T\AppData\Local\Python\pythoncore-3.14-64\Lib\site-packages\django\core\handlers\base.py", line 197, in _get_response
    response = wrapped_callback(request, *callback_args, **callback_kwargs)
  File "C:\Users\T\AppData\Local\Python\pythoncore-3.14-64\Lib\site-packages\django\views\decorators\csrf.py", line 56, in wrapper_view
    return view_func(*args, **kwargs)
  File "C:\Users\T\AppData\Local\Python\pythoncore-3.14-64\Lib\site-packages\django\views\generic\base.py", line 105, in view
    return self.dispatch(request, *args, **kwargs)
           ~~~~~~~~~~~~~^^^^^^^^^^^^^^^^^^^^^^^^^^
  File "C:\Users\T\AppData\Local\Python\pythoncore-3.14-64\Lib\site-packages\rest_framework\views.py", line 515, in dispatch
    response = self.handle_exception(exc)
  File "C:\Users\T\AppData\Local\Python\pythoncore-3.14-64\Lib\site-packages\rest_framework\views.py", line 475, in handle_exception
    self.raise_uncaught_exception(exc)
    ~~~~~~~~~~~~~~~~~~~~~~~~~~~~~^^^^^
  File "C:\Users\T\AppData\Local\Python\pythoncore-3.14-64\Lib\site-packages\rest_framework\views.py", line 486, in raise_uncaught_exception
    raise exc
  File "C:\Users\T\AppData\Local\Python\pythoncore-3.14-64\Lib\site-packages\rest_framework\views.py", line 512, in dispatch
    response = handler(request, *args, **kwargs)
  File "C:\Users\T\AppData\Local\Python\pythoncore-3.14-64\Lib\site-packages\rest_framework\generics.py", line 246, in post
    return self.create(request, *args, **kwargs)
           ~~~~~~~~~~~^^^^^^^^^^^^^^^^^^^^^^^^^^
  File "C:\Users\T\AppData\Local\Python\pythoncore-3.14-64\Lib\site-packages\rest_framework\mixins.py", line 19, in create
    self.perform_create(serializer)
    ~~~~~~~~~~~~~~~~~~~^^^^^^^^^^^^
  File "D:\sanad-system\sanad_system\document_analysis\views.py", line 31, in perform_create
    process_document_analysis.delay(instance.id)
    ~~~~~~~~~~~~~~~~~~~~~~~~~~~~~~~^^^^^^^^^^^^^
  File "C:\Users\T\AppData\Local\Python\pythoncore-3.14-64\Lib\site-packages\celery\app\task.py", line 444, in delay
    return self.apply_async(args, kwargs)
           ~~~~~~~~~~~~~~~~^^^^^^^^^^^^^^
  File "C:\Users\T\AppData\Local\Python\pythoncore-3.14-64\Lib\site-packages\celery\app\task.py", line 608, in apply_async
    return app.send_task(
           ~~~~~~~~~~~~~^
        self.name, args, kwargs, task_id=task_id, producer=producer,
        ^^^^^^^^^^^^^^^^^^^^^^^^^^^^^^^^^^^^^^^^^^^^^^^^^^^^^^^^^^^^
    ...<2 lines>...
        **options
        ^^^^^^^^^
    )
    ^
  File "C:\Users\T\AppData\Local\Python\pythoncore-3.14-64\Lib\site-packages\celery\app\base.py", line 946, in send_task
    self.backend.on_task_call(P, task_id)
    ~~~~~~~~~~~~~~~~~~~~~~~~~^^^^^^^^^^^^
  File "C:\Users\T\AppData\Local\Python\pythoncore-3.14-64\Lib\site-packages\celery\backends\redis.py", line 417, in on_task_call
    self.result_consumer.consume_from(task_id)
    ~~~~~~~~~~~~~~~~~~~~~~~~~~~~~~~~~^^^^^^^^^
  File "C:\Users\T\AppData\Local\Python\pythoncore-3.14-64\Lib\site-packages\celery\backends\redis.py", line 172, in consume_from
    return self.start(task_id)
           ~~~~~~~~~~^^^^^^^^^
  File "C:\Users\T\AppData\Local\Python\pythoncore-3.14-64\Lib\site-packages\celery\backends\redis.py", line 150, in start
    self._consume_from(initial_task_id)
    ~~~~~~~~~~~~~~~~~~^^^^^^^^^^^^^^^^^
  File "C:\Users\T\AppData\Local\Python\pythoncore-3.14-64\Lib\site-packages\celery\backends\redis.py", line 179, in _consume_from
    with self.reconnect_on_error():
         ~~~~~~~~~~~~~~~~~~~~~~~^^
  File "C:\Users\T\AppData\Local\Python\pythoncore-3.14-64\Lib\contextlib.py", line 162, in __exit__
    self.gen.throw(value)
    ~~~~~~~~~~~~~~^^^^^^^
  File "C:\Users\T\AppData\Local\Python\pythoncore-3.14-64\Lib\site-packages\celery\backends\redis.py", line 136, in reconnect_on_error
    raise RuntimeError(E_RETRY_LIMIT_EXCEEDED) from e
RuntimeError: 
Retry limit exceeded while trying to reconnect to the Celery redis result store backend. The Celery application must be restarted.

ERROR 2025-12-07 19:39:58,524 basehttp "POST /api/document-analysis/analyses/ HTTP/1.1" 500 296762
INFO 2025-12-07 19:42:18,305 autoreload D:\sanad-system\sanad_system\document_analysis\document_analyzer.py changed, reloading.
INFO 2025-12-07 19:42:25,554 autoreload Watching for file changes with StatReloader
INFO 2025-12-07 19:42:40,312 autoreload D:\sanad-system\sanad_system\document_analysis\document_analyzer.py changed, reloading.
INFO 2025-12-07 19:42:43,065 autoreload Watching for file changes with StatReloader
INFO 2025-12-07 19:48:51,350 autoreload D:\sanad-system\sanad_system\document_analysis\document_analyzer.py changed, reloading.
INFO 2025-12-07 19:50:01,440 autoreload Watching for file changes with StatReloader
INFO 2025-12-07 19:52:19,275 autoreload D:\sanad-system\sanad_system\document_analysis\document_analyzer.py changed, reloading.
INFO 2025-12-07 19:52:25,848 autoreload Watching for file changes with StatReloader
INFO 2025-12-07 21:42:12,735 autoreload Watching for file changes with StatReloader
INFO 2025-12-07 21:42:24,188 basehttp "GET /document-analysis/dashboard/ HTTP/1.1" 200 43012
INFO 2025-12-07 21:42:24,733 basehttp "GET /static/css/style.css HTTP/1.1" 304 0
INFO 2025-12-07 21:42:24,738 basehttp "GET /static/css/interactive.css HTTP/1.1" 304 0
INFO 2025-12-07 21:42:24,747 basehttp "GET /static/js/main.js HTTP/1.1" 304 0
INFO 2025-12-07 21:42:28,203 basehttp "GET /document-analysis/dashboard/ HTTP/1.1" 200 43012
ERROR 2025-12-07 21:42:33,921 log Internal Server Error: /api/document-analysis/analyses/
Traceback (most recent call last):
  File "D:\sanad-system\sanad_system\venv314\Lib\site-packages\django\core\handlers\exception.py", line 55, in inner
    response = get_response(request)
  File "D:\sanad-system\sanad_system\venv314\Lib\site-packages\django\core\handlers\base.py", line 197, in _get_response
    response = wrapped_callback(request, *callback_args, **callback_kwargs)
  File "D:\sanad-system\sanad_system\venv314\Lib\site-packages\django\views\decorators\csrf.py", line 56, in wrapper_view
    return view_func(*args, **kwargs)
  File "D:\sanad-system\sanad_system\venv314\Lib\site-packages\django\views\generic\base.py", line 105, in view
    return self.dispatch(request, *args, **kwargs)
           ~~~~~~~~~~~~~^^^^^^^^^^^^^^^^^^^^^^^^^^
  File "D:\sanad-system\sanad_system\venv314\Lib\site-packages\rest_framework\views.py", line 515, in dispatch
    response = self.handle_exception(exc)
  File "D:\sanad-system\sanad_system\venv314\Lib\site-packages\rest_framework\views.py", line 475, in handle_exception
    self.raise_uncaught_exception(exc)
    ~~~~~~~~~~~~~~~~~~~~~~~~~~~~~^^^^^
  File "D:\sanad-system\sanad_system\venv314\Lib\site-packages\rest_framework\views.py", line 486, in raise_uncaught_exception
    raise exc
  File "D:\sanad-system\sanad_system\venv314\Lib\site-packages\rest_framework\views.py", line 512, in dispatch
    response = handler(request, *args, **kwargs)
  File "D:\sanad-system\sanad_system\venv314\Lib\site-packages\rest_framework\generics.py", line 246, in post
    return self.create(request, *args, **kwargs)
           ~~~~~~~~~~~^^^^^^^^^^^^^^^^^^^^^^^^^^
  File "D:\sanad-system\sanad_system\venv314\Lib\site-packages\rest_framework\mixins.py", line 19, in create
    self.perform_create(serializer)
    ~~~~~~~~~~~~~~~~~~~^^^^^^^^^^^^
  File "D:\sanad-system\sanad_system\document_analysis\views.py", line 31, in perform_create
    process_document_analysis.delay(instance.id)
    ~~~~~~~~~~~~~~~~~~~~~~~~~~~~~~~^^^^^^^^^^^^^
  File "D:\sanad-system\sanad_system\venv314\Lib\site-packages\celery\app\task.py", line 444, in delay
    return self.apply_async(args, kwargs)
           ~~~~~~~~~~~~~~~~^^^^^^^^^^^^^^
  File "D:\sanad-system\sanad_system\venv314\Lib\site-packages\celery\app\task.py", line 608, in apply_async
    return app.send_task(
           ~~~~~~~~~~~~~^
        self.name, args, kwargs, task_id=task_id, producer=producer,
        ^^^^^^^^^^^^^^^^^^^^^^^^^^^^^^^^^^^^^^^^^^^^^^^^^^^^^^^^^^^^
    ...<2 lines>...
        **options
        ^^^^^^^^^
    )
    ^
  File "D:\sanad-system\sanad_system\venv314\Lib\site-packages\celery\app\base.py", line 852, in send_task
    driver_type = self.producer_pool.connections.connection.transport.driver_type
                  ^^^^^^^^^^^^^^^^^^
  File "D:\sanad-system\sanad_system\venv314\Lib\site-packages\celery\app\base.py", line 1503, in producer_pool
    return self.amqp.producer_pool
           ^^^^^^^^^^^^^^^^^^^^^^^
  File "D:\sanad-system\sanad_system\venv314\Lib\site-packages\celery\app\amqp.py", line 633, in producer_pool
    self.app.connection_for_write()]
    ~~~~~~~~~~~~~~~~~~~~~~~~~~~~~^^
  File "D:\sanad-system\sanad_system\venv314\Lib\site-packages\celery\app\base.py", line 975, in connection_for_write
    return self._connection(url or self.conf.broker_write_url, **kwargs)
           ~~~~~~~~~~~~~~~~^^^^^^^^^^^^^^^^^^^^^^^^^^^^^^^^^^^^^^^^^^^^^
  File "D:\sanad-system\sanad_system\venv314\Lib\site-packages\celery\app\base.py", line 1026, in _connection
    return self.amqp.Connection(
           ~~~~~~~~~~~~~~~~~~~~^
        url,
        ^^^^
    ...<16 lines>...
        ),
        ^^
    )
    ^
  File "D:\sanad-system\sanad_system\venv314\Lib\site-packages\kombu\connection.py", line 202, in __init__
    if not get_transport_cls(transport).can_parse_url:
           ~~~~~~~~~~~~~~~~~^^^^^^^^^^^
  File "D:\sanad-system\sanad_system\venv314\Lib\site-packages\kombu\transport\__init__.py", line 92, in get_transport_cls
    _transport_cache[transport] = resolve_transport(transport)
                                  ~~~~~~~~~~~~~~~~~^^^^^^^^^^^
  File "D:\sanad-system\sanad_system\venv314\Lib\site-packages\kombu\transport\__init__.py", line 77, in resolve_transport
    return symbol_by_name(transport)
  File "D:\sanad-system\sanad_system\venv314\Lib\site-packages\kombu\utils\imports.py", line 59, in symbol_by_name
    module = imp(module_name, package=package, **kwargs)
  File "C:\Users\T\AppData\Local\Python\pythoncore-3.14-64\Lib\importlib\__init__.py", line 88, in import_module
    return _bootstrap._gcd_import(name[level:], package, level)
           ~~~~~~~~~~~~~~~~~~~~~~^^^^^^^^^^^^^^^^^^^^^^^^^^^^^^
  File "<frozen importlib._bootstrap>", line 1398, in _gcd_import
  File "<frozen importlib._bootstrap>", line 1371, in _find_and_load
  File "<frozen importlib._bootstrap>", line 1342, in _find_and_load_unlocked
  File "<frozen importlib._bootstrap>", line 938, in _load_unlocked
  File "<frozen importlib._bootstrap_external>", line 759, in exec_module
  File "<frozen importlib._bootstrap>", line 491, in _call_with_frames_removed
  File "D:\sanad-system\sanad_system\venv314\Lib\site-packages\kombu\transport\redis.py", line 274, in <module>
    class PrefixedStrictRedis(GlobalKeyPrefixMixin, redis.Redis):
                                                    ^^^^^^^^^^^
AttributeError: 'NoneType' object has no attribute 'Redis'
ERROR 2025-12-07 21:42:34,015 basehttp "POST /api/document-analysis/analyses/ HTTP/1.1" 500 227295
INFO 2025-12-07 21:42:41,772 basehttp "GET / HTTP/1.1" 200 26989
INFO 2025-12-07 21:42:46,158 basehttp "GET /document-analysis/dashboard/ HTTP/1.1" 200 44491
INFO 2025-12-07 21:45:24,766 autoreload Watching for file changes with StatReloader
INFO 2025-12-07 21:47:39,141 autoreload D:\sanad-system\sanad_system\document_analysis\views.py changed, reloading.
INFO 2025-12-07 21:47:44,847 autoreload Watching for file changes with StatReloader
INFO 2025-12-07 21:47:57,720 basehttp "GET /document-analysis/dashboard/ HTTP/1.1" 200 39657
ERROR 2025-12-07 21:48:56,133 log Internal Server Error: /api/document-analysis/analyses/
Traceback (most recent call last):
  File "D:\sanad-system\sanad_system\venv314\Lib\site-packages\django\core\handlers\exception.py", line 55, in inner
    response = get_response(request)
  File "D:\sanad-system\sanad_system\venv314\Lib\site-packages\django\core\handlers\base.py", line 197, in _get_response
    response = wrapped_callback(request, *callback_args, **callback_kwargs)
  File "D:\sanad-system\sanad_system\venv314\Lib\site-packages\django\views\decorators\csrf.py", line 56, in wrapper_view
    return view_func(*args, **kwargs)
  File "D:\sanad-system\sanad_system\venv314\Lib\site-packages\django\views\generic\base.py", line 105, in view
    return self.dispatch(request, *args, **kwargs)
           ~~~~~~~~~~~~~^^^^^^^^^^^^^^^^^^^^^^^^^^
  File "D:\sanad-system\sanad_system\venv314\Lib\site-packages\rest_framework\views.py", line 515, in dispatch
    response = self.handle_exception(exc)
  File "D:\sanad-system\sanad_system\venv314\Lib\site-packages\rest_framework\views.py", line 475, in handle_exception
    self.raise_uncaught_exception(exc)
    ~~~~~~~~~~~~~~~~~~~~~~~~~~~~~^^^^^
  File "D:\sanad-system\sanad_system\venv314\Lib\site-packages\rest_framework\views.py", line 486, in raise_uncaught_exception
    raise exc
  File "D:\sanad-system\sanad_system\venv314\Lib\site-packages\rest_framework\views.py", line 512, in dispatch
    response = handler(request, *args, **kwargs)
  File "D:\sanad-system\sanad_system\venv314\Lib\site-packages\rest_framework\generics.py", line 246, in post
    return self.create(request, *args, **kwargs)
           ~~~~~~~~~~~^^^^^^^^^^^^^^^^^^^^^^^^^^
  File "D:\sanad-system\sanad_system\venv314\Lib\site-packages\rest_framework\mixins.py", line 19, in create
    self.perform_create(serializer)
    ~~~~~~~~~~~~~~~~~~~^^^^^^^^^^^^
  File "D:\sanad-system\sanad_system\document_analysis\views.py", line 31, in perform_create
    process_document_analysis.delay(instance.id)
    ~~~~~~~~~~~~~~~~~~~~~~~~~~~~~~~^^^^^^^^^^^^^
  File "D:\sanad-system\sanad_system\venv314\Lib\site-packages\celery\app\task.py", line 444, in delay
    return self.apply_async(args, kwargs)
           ~~~~~~~~~~~~~~~~^^^^^^^^^^^^^^
  File "D:\sanad-system\sanad_system\venv314\Lib\site-packages\celery\app\task.py", line 608, in apply_async
    return app.send_task(
           ~~~~~~~~~~~~~^
        self.name, args, kwargs, task_id=task_id, producer=producer,
        ^^^^^^^^^^^^^^^^^^^^^^^^^^^^^^^^^^^^^^^^^^^^^^^^^^^^^^^^^^^^
    ...<2 lines>...
        **options
        ^^^^^^^^^
    )
    ^
  File "D:\sanad-system\sanad_system\venv314\Lib\site-packages\celery\app\base.py", line 852, in send_task
    driver_type = self.producer_pool.connections.connection.transport.driver_type
                  ^^^^^^^^^^^^^^^^^^
  File "D:\sanad-system\sanad_system\venv314\Lib\site-packages\celery\app\base.py", line 1503, in producer_pool
    return self.amqp.producer_pool
           ^^^^^^^^^^^^^^^^^^^^^^^
  File "D:\sanad-system\sanad_system\venv314\Lib\site-packages\celery\app\amqp.py", line 633, in producer_pool
    self.app.connection_for_write()]
    ~~~~~~~~~~~~~~~~~~~~~~~~~~~~~^^
  File "D:\sanad-system\sanad_system\venv314\Lib\site-packages\celery\app\base.py", line 975, in connection_for_write
    return self._connection(url or self.conf.broker_write_url, **kwargs)
           ~~~~~~~~~~~~~~~~^^^^^^^^^^^^^^^^^^^^^^^^^^^^^^^^^^^^^^^^^^^^^
  File "D:\sanad-system\sanad_system\venv314\Lib\site-packages\celery\app\base.py", line 1026, in _connection
    return self.amqp.Connection(
           ~~~~~~~~~~~~~~~~~~~~^
        url,
        ^^^^
    ...<16 lines>...
        ),
        ^^
    )
    ^
  File "D:\sanad-system\sanad_system\venv314\Lib\site-packages\kombu\connection.py", line 202, in __init__
    if not get_transport_cls(transport).can_parse_url:
           ~~~~~~~~~~~~~~~~~^^^^^^^^^^^
  File "D:\sanad-system\sanad_system\venv314\Lib\site-packages\kombu\transport\__init__.py", line 92, in get_transport_cls
    _transport_cache[transport] = resolve_transport(transport)
                                  ~~~~~~~~~~~~~~~~~^^^^^^^^^^^
  File "D:\sanad-system\sanad_system\venv314\Lib\site-packages\kombu\transport\__init__.py", line 77, in resolve_transport
    return symbol_by_name(transport)
  File "D:\sanad-system\sanad_system\venv314\Lib\site-packages\kombu\utils\imports.py", line 59, in symbol_by_name
    module = imp(module_name, package=package, **kwargs)
  File "C:\Users\T\AppData\Local\Python\pythoncore-3.14-64\Lib\importlib\__init__.py", line 88, in import_module
    return _bootstrap._gcd_import(name[level:], package, level)
           ~~~~~~~~~~~~~~~~~~~~~~^^^^^^^^^^^^^^^^^^^^^^^^^^^^^^
  File "<frozen importlib._bootstrap>", line 1398, in _gcd_import
  File "<frozen importlib._bootstrap>", line 1371, in _find_and_load
  File "<frozen importlib._bootstrap>", line 1342, in _find_and_load_unlocked
  File "<frozen importlib._bootstrap>", line 938, in _load_unlocked
  File "<frozen importlib._bootstrap_external>", line 759, in exec_module
  File "<frozen importlib._bootstrap>", line 491, in _call_with_frames_removed
  File "D:\sanad-system\sanad_system\venv314\Lib\site-packages\kombu\transport\redis.py", line 274, in <module>
    class PrefixedStrictRedis(GlobalKeyPrefixMixin, redis.Redis):
                                                    ^^^^^^^^^^^
AttributeError: 'NoneType' object has no attribute 'Redis'
ERROR 2025-12-07 21:48:56,185 basehttp "POST /api/document-analysis/analyses/ HTTP/1.1" 500 227764
INFO 2025-12-07 21:49:59,882 autoreload D:\sanad-system\sanad_system\document_analysis\serializers.py changed, reloading.
INFO 2025-12-07 21:50:05,173 autoreload Watching for file changes with StatReloader
INFO 2025-12-07 21:50:19,018 autoreload D:\sanad-system\sanad_system\document_analysis\serializers.py changed, reloading.
INFO 2025-12-07 21:50:24,451 autoreload Watching for file changes with StatReloader
INFO 2025-12-07 21:50:44,999 autoreload Watching for file changes with StatReloader
INFO 2025-12-07 21:51:16,868 basehttp "GET /document-analysis/dashboard/ HTTP/1.1" 200 42024
ERROR 2025-12-07 21:51:29,869 log Internal Server Error: /api/document-analysis/analyses/
Traceback (most recent call last):
  File "D:\sanad-system\sanad_system\venv314\Lib\site-packages\django\core\handlers\exception.py", line 55, in inner
    response = get_response(request)
  File "D:\sanad-system\sanad_system\venv314\Lib\site-packages\django\core\handlers\base.py", line 197, in _get_response
    response = wrapped_callback(request, *callback_args, **callback_kwargs)
  File "D:\sanad-system\sanad_system\venv314\Lib\site-packages\django\views\decorators\csrf.py", line 56, in wrapper_view
    return view_func(*args, **kwargs)
  File "D:\sanad-system\sanad_system\venv314\Lib\site-packages\django\views\generic\base.py", line 105, in view
    return self.dispatch(request, *args, **kwargs)
           ~~~~~~~~~~~~~^^^^^^^^^^^^^^^^^^^^^^^^^^
  File "D:\sanad-system\sanad_system\venv314\Lib\site-packages\rest_framework\views.py", line 515, in dispatch
    response = self.handle_exception(exc)
  File "D:\sanad-system\sanad_system\venv314\Lib\site-packages\rest_framework\views.py", line 475, in handle_exception
    self.raise_uncaught_exception(exc)
    ~~~~~~~~~~~~~~~~~~~~~~~~~~~~~^^^^^
  File "D:\sanad-system\sanad_system\venv314\Lib\site-packages\rest_framework\views.py", line 486, in raise_uncaught_exception
    raise exc
  File "D:\sanad-system\sanad_system\venv314\Lib\site-packages\rest_framework\views.py", line 512, in dispatch
    response = handler(request, *args, **kwargs)
  File "D:\sanad-system\sanad_system\venv314\Lib\site-packages\rest_framework\generics.py", line 246, in post
    return self.create(request, *args, **kwargs)
           ~~~~~~~~~~~^^^^^^^^^^^^^^^^^^^^^^^^^^
  File "D:\sanad-system\sanad_system\venv314\Lib\site-packages\rest_framework\mixins.py", line 19, in create
    self.perform_create(serializer)
    ~~~~~~~~~~~~~~~~~~~^^^^^^^^^^^^
  File "D:\sanad-system\sanad_system\document_analysis\views.py", line 31, in perform_create
    process_document_analysis.delay(instance.id)
    ~~~~~~~~~~~~~~~~~~~~~~~~~~~~~~~^^^^^^^^^^^^^
  File "D:\sanad-system\sanad_system\venv314\Lib\site-packages\celery\app\task.py", line 444, in delay
    return self.apply_async(args, kwargs)
           ~~~~~~~~~~~~~~~~^^^^^^^^^^^^^^
  File "D:\sanad-system\sanad_system\venv314\Lib\site-packages\celery\app\task.py", line 608, in apply_async
    return app.send_task(
           ~~~~~~~~~~~~~^
        self.name, args, kwargs, task_id=task_id, producer=producer,
        ^^^^^^^^^^^^^^^^^^^^^^^^^^^^^^^^^^^^^^^^^^^^^^^^^^^^^^^^^^^^
    ...<2 lines>...
        **options
        ^^^^^^^^^
    )
    ^
  File "D:\sanad-system\sanad_system\venv314\Lib\site-packages\celery\app\base.py", line 852, in send_task
    driver_type = self.producer_pool.connections.connection.transport.driver_type
                  ^^^^^^^^^^^^^^^^^^
  File "D:\sanad-system\sanad_system\venv314\Lib\site-packages\celery\app\base.py", line 1503, in producer_pool
    return self.amqp.producer_pool
           ^^^^^^^^^^^^^^^^^^^^^^^
  File "D:\sanad-system\sanad_system\venv314\Lib\site-packages\celery\app\amqp.py", line 633, in producer_pool
    self.app.connection_for_write()]
    ~~~~~~~~~~~~~~~~~~~~~~~~~~~~~^^
  File "D:\sanad-system\sanad_system\venv314\Lib\site-packages\celery\app\base.py", line 975, in connection_for_write
    return self._connection(url or self.conf.broker_write_url, **kwargs)
           ~~~~~~~~~~~~~~~~^^^^^^^^^^^^^^^^^^^^^^^^^^^^^^^^^^^^^^^^^^^^^
  File "D:\sanad-system\sanad_system\venv314\Lib\site-packages\celery\app\base.py", line 1026, in _connection
    return self.amqp.Connection(
           ~~~~~~~~~~~~~~~~~~~~^
        url,
        ^^^^
    ...<16 lines>...
        ),
        ^^
    )
    ^
  File "D:\sanad-system\sanad_system\venv314\Lib\site-packages\kombu\connection.py", line 202, in __init__
    if not get_transport_cls(transport).can_parse_url:
           ~~~~~~~~~~~~~~~~~^^^^^^^^^^^
  File "D:\sanad-system\sanad_system\venv314\Lib\site-packages\kombu\transport\__init__.py", line 92, in get_transport_cls
    _transport_cache[transport] = resolve_transport(transport)
                                  ~~~~~~~~~~~~~~~~~^^^^^^^^^^^
  File "D:\sanad-system\sanad_system\venv314\Lib\site-packages\kombu\transport\__init__.py", line 77, in resolve_transport
    return symbol_by_name(transport)
  File "D:\sanad-system\sanad_system\venv314\Lib\site-packages\kombu\utils\imports.py", line 59, in symbol_by_name
    module = imp(module_name, package=package, **kwargs)
  File "C:\Users\T\AppData\Local\Python\pythoncore-3.14-64\Lib\importlib\__init__.py", line 88, in import_module
    return _bootstrap._gcd_import(name[level:], package, level)
           ~~~~~~~~~~~~~~~~~~~~~~^^^^^^^^^^^^^^^^^^^^^^^^^^^^^^
  File "<frozen importlib._bootstrap>", line 1398, in _gcd_import
  File "<frozen importlib._bootstrap>", line 1371, in _find_and_load
  File "<frozen importlib._bootstrap>", line 1342, in _find_and_load_unlocked
  File "<frozen importlib._bootstrap>", line 938, in _load_unlocked
  File "<frozen importlib._bootstrap_external>", line 759, in exec_module
  File "<frozen importlib._bootstrap>", line 491, in _call_with_frames_removed
  File "D:\sanad-system\sanad_system\venv314\Lib\site-packages\kombu\transport\redis.py", line 274, in <module>
    class PrefixedStrictRedis(GlobalKeyPrefixMixin, redis.Redis):
                                                    ^^^^^^^^^^^
AttributeError: 'NoneType' object has no attribute 'Redis'
ERROR 2025-12-07 21:51:29,920 basehttp "POST /api/document-analysis/analyses/ HTTP/1.1" 500 227764
INFO 2025-12-07 21:52:05,146 autoreload D:\sanad-system\sanad_system\document_analysis\serializers.py changed, reloading.
INFO 2025-12-07 21:52:10,933 autoreload Watching for file changes with StatReloader
INFO 2025-12-07 21:52:19,447 autoreload D:\sanad-system\sanad_system\document_analysis\views.py changed, reloading.
INFO 2025-12-07 21:52:22,789 autoreload Watching for file changes with StatReloader
INFO 2025-12-07 21:53:47,336 basehttp "GET /document-analysis/dashboard/ HTTP/1.1" 200 44171
ERROR 2025-12-07 21:54:07,987 log Internal Server Error: /api/document-analysis/analyses/
Traceback (most recent call last):
  File "D:\sanad-system\sanad_system\venv314\Lib\site-packages\django\core\handlers\exception.py", line 55, in inner
    response = get_response(request)
  File "D:\sanad-system\sanad_system\venv314\Lib\site-packages\django\core\handlers\base.py", line 197, in _get_response
    response = wrapped_callback(request, *callback_args, **callback_kwargs)
  File "D:\sanad-system\sanad_system\venv314\Lib\site-packages\django\views\decorators\csrf.py", line 56, in wrapper_view
    return view_func(*args, **kwargs)
  File "D:\sanad-system\sanad_system\venv314\Lib\site-packages\django\views\generic\base.py", line 105, in view
    return self.dispatch(request, *args, **kwargs)
           ~~~~~~~~~~~~~^^^^^^^^^^^^^^^^^^^^^^^^^^
  File "D:\sanad-system\sanad_system\venv314\Lib\site-packages\rest_framework\views.py", line 515, in dispatch
    response = self.handle_exception(exc)
  File "D:\sanad-system\sanad_system\venv314\Lib\site-packages\rest_framework\views.py", line 475, in handle_exception
    self.raise_uncaught_exception(exc)
    ~~~~~~~~~~~~~~~~~~~~~~~~~~~~~^^^^^
  File "D:\sanad-system\sanad_system\venv314\Lib\site-packages\rest_framework\views.py", line 486, in raise_uncaught_exception
    raise exc
  File "D:\sanad-system\sanad_system\venv314\Lib\site-packages\rest_framework\views.py", line 512, in dispatch
    response = handler(request, *args, **kwargs)
  File "D:\sanad-system\sanad_system\venv314\Lib\site-packages\rest_framework\generics.py", line 246, in post
    return self.create(request, *args, **kwargs)
           ~~~~~~~~~~~^^^^^^^^^^^^^^^^^^^^^^^^^^
  File "D:\sanad-system\sanad_system\venv314\Lib\site-packages\rest_framework\mixins.py", line 19, in create
    self.perform_create(serializer)
    ~~~~~~~~~~~~~~~~~~~^^^^^^^^^^^^
  File "D:\sanad-system\sanad_system\document_analysis\views.py", line 36, in perform_create
    process_document_analysis.delay(instance.id)
    ~~~~~~~~~~~~~~~~~~~~~~~~~~~~~~~^^^^^^^^^^^^^
  File "D:\sanad-system\sanad_system\venv314\Lib\site-packages\celery\app\task.py", line 444, in delay
    return self.apply_async(args, kwargs)
           ~~~~~~~~~~~~~~~~^^^^^^^^^^^^^^
  File "D:\sanad-system\sanad_system\venv314\Lib\site-packages\celery\app\task.py", line 608, in apply_async
    return app.send_task(
           ~~~~~~~~~~~~~^
        self.name, args, kwargs, task_id=task_id, producer=producer,
        ^^^^^^^^^^^^^^^^^^^^^^^^^^^^^^^^^^^^^^^^^^^^^^^^^^^^^^^^^^^^
    ...<2 lines>...
        **options
        ^^^^^^^^^
    )
    ^
  File "D:\sanad-system\sanad_system\venv314\Lib\site-packages\celery\app\base.py", line 852, in send_task
    driver_type = self.producer_pool.connections.connection.transport.driver_type
                  ^^^^^^^^^^^^^^^^^^
  File "D:\sanad-system\sanad_system\venv314\Lib\site-packages\celery\app\base.py", line 1503, in producer_pool
    return self.amqp.producer_pool
           ^^^^^^^^^^^^^^^^^^^^^^^
  File "D:\sanad-system\sanad_system\venv314\Lib\site-packages\celery\app\amqp.py", line 633, in producer_pool
    self.app.connection_for_write()]
    ~~~~~~~~~~~~~~~~~~~~~~~~~~~~~^^
  File "D:\sanad-system\sanad_system\venv314\Lib\site-packages\celery\app\base.py", line 975, in connection_for_write
    return self._connection(url or self.conf.broker_write_url, **kwargs)
           ~~~~~~~~~~~~~~~~^^^^^^^^^^^^^^^^^^^^^^^^^^^^^^^^^^^^^^^^^^^^^
  File "D:\sanad-system\sanad_system\venv314\Lib\site-packages\celery\app\base.py", line 1026, in _connection
    return self.amqp.Connection(
           ~~~~~~~~~~~~~~~~~~~~^
        url,
        ^^^^
    ...<16 lines>...
        ),
        ^^
    )
    ^
  File "D:\sanad-system\sanad_system\venv314\Lib\site-packages\kombu\connection.py", line 202, in __init__
    if not get_transport_cls(transport).can_parse_url:
           ~~~~~~~~~~~~~~~~~^^^^^^^^^^^
  File "D:\sanad-system\sanad_system\venv314\Lib\site-packages\kombu\transport\__init__.py", line 92, in get_transport_cls
    _transport_cache[transport] = resolve_transport(transport)
                                  ~~~~~~~~~~~~~~~~~^^^^^^^^^^^
  File "D:\sanad-system\sanad_system\venv314\Lib\site-packages\kombu\transport\__init__.py", line 77, in resolve_transport
    return symbol_by_name(transport)
  File "D:\sanad-system\sanad_system\venv314\Lib\site-packages\kombu\utils\imports.py", line 59, in symbol_by_name
    module = imp(module_name, package=package, **kwargs)
  File "C:\Users\T\AppData\Local\Python\pythoncore-3.14-64\Lib\importlib\__init__.py", line 88, in import_module
    return _bootstrap._gcd_import(name[level:], package, level)
           ~~~~~~~~~~~~~~~~~~~~~~^^^^^^^^^^^^^^^^^^^^^^^^^^^^^^
  File "<frozen importlib._bootstrap>", line 1398, in _gcd_import
  File "<frozen importlib._bootstrap>", line 1371, in _find_and_load
  File "<frozen importlib._bootstrap>", line 1342, in _find_and_load_unlocked
  File "<frozen importlib._bootstrap>", line 938, in _load_unlocked
  File "<frozen importlib._bootstrap_external>", line 759, in exec_module
  File "<frozen importlib._bootstrap>", line 491, in _call_with_frames_removed
  File "D:\sanad-system\sanad_system\venv314\Lib\site-packages\kombu\transport\redis.py", line 274, in <module>
    class PrefixedStrictRedis(GlobalKeyPrefixMixin, redis.Redis):
                                                    ^^^^^^^^^^^
AttributeError: 'NoneType' object has no attribute 'Redis'
ERROR 2025-12-07 21:54:08,044 basehttp "POST /api/document-analysis/analyses/ HTTP/1.1" 500 227841
INFO 2025-12-07 21:54:58,758 autoreload D:\sanad-system\sanad_system\document_analysis\views.py changed, reloading.
INFO 2025-12-07 21:55:06,010 autoreload Watching for file changes with StatReloader
INFO 2025-12-07 21:55:09,776 autoreload D:\sanad-system\sanad_system\document_analysis\views.py changed, reloading.
INFO 2025-12-07 21:55:11,915 autoreload Watching for file changes with StatReloader
INFO 2025-12-07 21:55:26,169 basehttp "GET /document-analysis/dashboard/ HTTP/1.1" 200 45933
INFO 2025-12-07 21:55:43,524 basehttp "POST /api/document-analysis/analyses/ HTTP/1.1" 201 525
INFO 2025-12-07 22:05:12,979 autoreload D:\sanad-system\sanad_system\sanad_system\settings.py changed, reloading.
INFO 2025-12-07 22:05:25,266 autoreload Watching for file changes with StatReloader
INFO 2025-12-07 22:05:52,150 autoreload D:\sanad-system\sanad_system\sanad_system\celery.py changed, reloading.
INFO 2025-12-07 22:05:56,250 autoreload Watching for file changes with StatReloader
INFO 2025-12-07 22:07:36,980 autoreload D:\sanad-system\sanad_system\sanad_system\settings.py changed, reloading.
INFO 2025-12-07 22:07:42,404 autoreload Watching for file changes with StatReloader
INFO 2025-12-07 22:07:45,301 autoreload D:\sanad-system\sanad_system\sanad_system\celery.py changed, reloading.
INFO 2025-12-07 22:07:47,849 autoreload Watching for file changes with StatReloader
INFO 2025-12-07 22:08:51,003 autoreload Watching for file changes with StatReloader
INFO 2025-12-07 22:09:02,096 basehttp "GET /document-analysis/dashboard/ HTTP/1.1" 200 48051
INFO 2025-12-07 22:09:18,718 basehttp "POST /api/document-analysis/analyses/ HTTP/1.1" 201 525
INFO 2025-12-07 22:09:27,603 basehttp "GET /document-analysis/dashboard/ HTTP/1.1" 200 49813
INFO 2025-12-07 22:09:27,889 basehttp "GET /static/css/interactive.css HTTP/1.1" 304 0
INFO 2025-12-07 22:09:32,461 basehttp "GET /api/document-analysis/analyses/9/ HTTP/1.1" 200 525
INFO 2025-12-07 22:53:57,408 autoreload Watching for file changes with StatReloader
INFO 2025-12-07 22:54:11,348 basehttp "GET / HTTP/1.1" 200 26989
INFO 2025-12-07 22:54:11,583 basehttp "GET /static/css/interactive.css HTTP/1.1" 304 0
INFO 2025-12-07 22:54:16,763 basehttp "GET /document-analysis/dashboard/ HTTP/1.1" 200 49813
INFO 2025-12-07 22:54:20,678 basehttp "GET /api/document-analysis/analyses/9/ HTTP/1.1" 200 525
INFO 2025-12-07 22:56:24,969 basehttp "GET /document-analysis/dashboard/ HTTP/1.1" 200 53073
INFO 2025-12-07 22:57:13,104 basehttp "POST /api/document-analysis/analyses/ HTTP/1.1" 201 526
INFO 2025-12-07 22:57:23,298 basehttp "GET /document-analysis/dashboard/ HTTP/1.1" 200 54859
INFO 2025-12-07 22:57:29,308 basehttp "GET /api/document-analysis/analyses/10/ HTTP/1.1" 200 526
INFO 2025-12-07 23:00:01,951 autoreload Watching for file changes with StatReloader
INFO 2025-12-07 23:01:08,078 autoreload D:\sanad-system\sanad_system\document_analysis\views.py changed, reloading.
INFO 2025-12-07 23:01:12,519 autoreload Watching for file changes with StatReloader
INFO 2025-12-07 23:03:08,680 autoreload Watching for file changes with StatReloader
INFO 2025-12-07 23:03:20,535 basehttp "GET /document-analysis/dashboard/ HTTP/1.1" 200 54859
INFO 2025-12-07 23:03:30,411 basehttp "POST /api/document-analysis/analyses/ HTTP/1.1" 201 526
INFO 2025-12-07 23:03:34,069 basehttp "GET /document-analysis/dashboard/ HTTP/1.1" 200 56645
INFO 2025-12-07 23:03:37,864 basehttp "GET /api/document-analysis/analyses/11/ HTTP/1.1" 200 526
INFO 2025-12-07 23:04:56,211 autoreload Watching for file changes with StatReloader
INFO 2025-12-07 23:06:31,191 autoreload D:\sanad-system\sanad_system\document_analysis\tasks.py changed, reloading.
INFO 2025-12-07 23:06:34,171 autoreload Watching for file changes with StatReloader
INFO 2025-12-07 23:07:40,283 autoreload Watching for file changes with StatReloader
INFO 2025-12-07 23:07:45,007 basehttp "GET /document-analysis/dashboard/ HTTP/1.1" 200 58571
INFO 2025-12-07 23:07:46,439 basehttp "GET /document-analysis/dashboard/ HTTP/1.1" 200 58571
INFO 2025-12-07 23:08:17,577 basehttp "POST /api/document-analysis/analyses/ HTTP/1.1" 201 505
INFO 2025-12-07 23:08:21,392 basehttp - Broken pipe from ('127.0.0.1', 60259)
INFO 2025-12-07 23:08:21,485 basehttp "GET /document-analysis/dashboard/ HTTP/1.1" 200 60700
INFO 2025-12-07 23:08:25,769 basehttp "GET /api/document-analysis/analyses/12/ HTTP/1.1" 200 693
INFO 2025-12-07 23:08:55,316 autoreload D:\sanad-system\sanad_system\document_analysis\document_analyzer.py changed, reloading.
INFO 2025-12-07 23:09:01,533 autoreload Watching for file changes with StatReloader
INFO 2025-12-07 23:09:20,989 basehttp "GET /api/document-analysis/analyses/12/ HTTP/1.1" 200 693
INFO 2025-12-07 23:09:24,839 basehttp "GET /document-analysis/dashboard/ HTTP/1.1" 200 60700
INFO 2025-12-07 23:10:15,327 basehttp "POST /api/document-analysis/analyses/ HTTP/1.1" 201 529
INFO 2025-12-07 23:10:33,995 basehttp - Broken pipe from ('127.0.0.1', 60418)
INFO 2025-12-07 23:10:34,083 basehttp "GET /document-analysis/dashboard/ HTTP/1.1" 200 62845
INFO 2025-12-07 23:10:37,000 basehttp "GET /api/document-analysis/analyses/13/ HTTP/1.1" 200 717
INFO 2025-12-07 23:11:09,122 autoreload D:\sanad-system\sanad_system\document_analysis\document_analyzer.py changed, reloading.
INFO 2025-12-07 23:11:13,257 autoreload Watching for file changes with StatReloader
INFO 2025-12-07 23:12:13,305 autoreload Watching for file changes with StatReloader
INFO 2025-12-07 23:12:23,405 basehttp "GET /document-analysis/dashboard/ HTTP/1.1" 200 62845
INFO 2025-12-07 23:12:24,813 basehttp "GET /document-analysis/dashboard/ HTTP/1.1" 200 62845
INFO 2025-12-07 23:13:03,868 autoreload D:\sanad-system\sanad_system\document_analysis\document_analyzer.py changed, reloading.
INFO 2025-12-07 23:13:06,429 autoreload Watching for file changes with StatReloader
INFO 2025-12-07 23:13:13,006 autoreload D:\sanad-system\sanad_system\document_analysis\document_analyzer.py changed, reloading.
INFO 2025-12-07 23:13:15,631 autoreload Watching for file changes with StatReloader
INFO 2025-12-07 23:13:49,193 basehttp "GET /document-analysis/dashboard/ HTTP/1.1" 200 62845
INFO 2025-12-07 23:13:50,394 basehttp "GET /document-analysis/dashboard/ HTTP/1.1" 200 62845
INFO 2025-12-07 23:14:02,264 basehttp "POST /api/document-analysis/analyses/ HTTP/1.1" 201 529
INFO 2025-12-07 23:14:10,609 basehttp - Broken pipe from ('127.0.0.1', 60906)
INFO 2025-12-07 23:14:10,734 basehttp "GET /document-analysis/dashboard/ HTTP/1.1" 200 64990
INFO 2025-12-07 23:14:14,350 basehttp "GET /api/document-analysis/analyses/14/ HTTP/1.1" 200 988
INFO 2025-12-07 23:16:11,680 autoreload Watching for file changes with StatReloader
INFO 2025-12-07 23:16:23,433 basehttp "GET /document-analysis/dashboard/ HTTP/1.1" 200 64990
INFO 2025-12-07 23:19:05,519 basehttp "POST /api/document-analysis/analyses/ HTTP/1.1" 201 529
INFO 2025-12-07 23:19:10,486 basehttp - Broken pipe from ('127.0.0.1', 61377)
INFO 2025-12-07 23:19:10,714 basehttp "GET /document-analysis/dashboard/ HTTP/1.1" 200 67135
INFO 2025-12-07 23:19:18,699 basehttp "GET /api/document-analysis/analyses/15/ HTTP/1.1" 200 1100
INFO 2025-12-07 23:20:24,148 autoreload D:\sanad-system\sanad_system\document_analysis\document_analyzer.py changed, reloading.
INFO 2025-12-07 23:20:27,856 autoreload Watching for file changes with StatReloader
INFO 2025-12-07 23:20:39,104 autoreload D:\sanad-system\sanad_system\document_analysis\document_analyzer.py changed, reloading.
INFO 2025-12-07 23:20:42,023 autoreload Watching for file changes with StatReloader
INFO 2025-12-07 23:30:29,919 autoreload Watching for file changes with StatReloader
INFO 2025-12-07 23:30:35,972 basehttp "GET /document-analysis/dashboard/ HTTP/1.1" 200 67135
INFO 2025-12-07 23:30:36,215 basehttp "GET /static/css/interactive.css HTTP/1.1" 304 0
INFO 2025-12-07 23:32:29,318 basehttp "POST /api/document-analysis/analyses/ HTTP/1.1" 201 529
INFO 2025-12-07 23:32:34,079 basehttp - Broken pipe from ('127.0.0.1', 62459)
INFO 2025-12-07 23:32:34,293 basehttp "GET /document-analysis/dashboard/ HTTP/1.1" 200 69280
INFO 2025-12-07 23:32:41,627 basehttp "GET /api/document-analysis/analyses/16/ HTTP/1.1" 200 1099
INFO 2025-12-07 23:34:20,143 autoreload D:\sanad-system\sanad_system\document_analysis\document_analyzer.py changed, reloading.
INFO 2025-12-07 23:34:31,805 autoreload Watching for file changes with StatReloader
INFO 2025-12-07 23:35:03,195 basehttp "GET /document-analysis/dashboard/ HTTP/1.1" 200 69280
INFO 2025-12-07 23:35:42,267 basehttp "POST /api/document-analysis/analyses/ HTTP/1.1" 201 659
INFO 2025-12-07 23:35:47,533 basehttp - Broken pipe from ('127.0.0.1', 62914)
INFO 2025-12-07 23:35:47,686 basehttp "GET /document-analysis/dashboard/ HTTP/1.1" 200 71497
INFO 2025-12-07 23:35:51,618 basehttp "GET /api/document-analysis/analyses/17/ HTTP/1.1" 200 1228
INFO 2025-12-07 23:36:29,864 autoreload D:\sanad-system\sanad_system\document_analysis\document_analyzer.py changed, reloading.
INFO 2025-12-07 23:36:33,066 autoreload Watching for file changes with StatReloader
INFO 2025-12-07 23:36:51,601 basehttp "GET /document-analysis/dashboard/ HTTP/1.1" 200 71497
INFO 2025-12-07 23:37:07,926 basehttp "POST /api/document-analysis/analyses/ HTTP/1.1" 201 683
INFO 2025-12-07 23:37:12,965 basehttp - Broken pipe from ('127.0.0.1', 63085)
INFO 2025-12-07 23:37:13,049 basehttp "GET /document-analysis/dashboard/ HTTP/1.1" 200 73730
INFO 2025-12-07 23:37:15,694 basehttp "GET /api/document-analysis/analyses/18/ HTTP/1.1" 200 1252
INFO 2025-12-07 23:37:41,555 autoreload D:\sanad-system\sanad_system\document_analysis\document_analyzer.py changed, reloading.
INFO 2025-12-07 23:37:44,987 autoreload Watching for file changes with StatReloader
INFO 2025-12-07 23:43:04,959 basehttp "POST /api/document-analysis/analyses/ HTTP/1.1" 201 345
INFO 2025-12-07 23:43:14,096 basehttp - Broken pipe from ('127.0.0.1', 63620)
INFO 2025-12-07 23:43:14,414 basehttp "GET /document-analysis/dashboard/ HTTP/1.1" 200 75767
INFO 2025-12-07 23:43:18,200 basehttp "GET /api/document-analysis/analyses/19/ HTTP/1.1" 200 634
INFO 2025-12-07 23:46:29,352 basehttp "POST /api/document-analysis/analyses/ HTTP/1.1" 201 345
INFO 2025-12-07 23:46:39,506 basehttp - Broken pipe from ('127.0.0.1', 63974)
INFO 2025-12-07 23:46:40,919 basehttp "GET /document-analysis/dashboard/ HTTP/1.1" 200 77804
INFO 2025-12-07 23:46:49,133 basehttp "GET /api/document-analysis/analyses/20/ HTTP/1.1" 200 634
INFO 2025-12-07 23:50:00,901 autoreload D:\sanad-system\sanad_system\document_analysis\document_analyzer.py changed, reloading.
INFO 2025-12-07 23:50:08,207 autoreload Watching for file changes with StatReloader
INFO 2025-12-07 23:50:18,171 autoreload D:\sanad-system\sanad_system\document_analysis\document_analyzer.py changed, reloading.
INFO 2025-12-07 23:50:21,535 autoreload Watching for file changes with StatReloader
INFO 2025-12-07 23:50:30,338 autoreload D:\sanad-system\sanad_system\document_analysis\document_analyzer.py changed, reloading.
INFO 2025-12-07 23:50:32,905 autoreload Watching for file changes with StatReloader
INFO 2025-12-07 23:52:07,589 autoreload Watching for file changes with StatReloader
INFO 2025-12-07 23:52:18,985 basehttp "GET /document-analysis/dashboard/ HTTP/1.1" 200 79746
INFO 2025-12-07 23:52:20,273 basehttp "GET /document-analysis/dashboard/ HTTP/1.1" 200 79746
INFO 2025-12-07 23:52:48,451 basehttp "POST /api/document-analysis/analyses/ HTTP/1.1" 201 369
INFO 2025-12-07 23:52:48,531 basehttp "POST /api/document-analysis/analyses/ HTTP/1.1" 201 369
INFO 2025-12-07 23:52:54,819 basehttp - Broken pipe from ('127.0.0.1', 64566)
INFO 2025-12-07 23:52:54,901 basehttp "GET /document-analysis/dashboard/ HTTP/1.1" 200 83852
INFO 2025-12-07 23:52:58,520 basehttp "GET /api/document-analysis/analyses/22/ HTTP/1.1" 200 718
INFO 2025-12-07 23:53:19,191 autoreload D:\sanad-system\sanad_system\document_analysis\document_analyzer.py changed, reloading.
INFO 2025-12-07 23:53:35,664 autoreload Watching for file changes with StatReloader
INFO 2025-12-07 23:53:40,589 autoreload D:\sanad-system\sanad_system\document_analysis\document_analyzer.py changed, reloading.
INFO 2025-12-07 23:53:44,101 autoreload Watching for file changes with StatReloader
INFO 2025-12-07 23:54:56,139 autoreload Watching for file changes with StatReloader
INFO 2025-12-07 23:55:06,705 basehttp "GET /document-analysis/dashboard/ HTTP/1.1" 200 83852
INFO 2025-12-07 23:55:08,325 basehttp - Broken pipe from ('127.0.0.1', 64879)
INFO 2025-12-07 23:55:16,452 basehttp "GET /document-analysis/dashboard/ HTTP/1.1" 200 83852
INFO 2025-12-07 23:55:18,239 basehttp - Broken pipe from ('127.0.0.1', 64911)
WARNING 2025-12-07 23:55:19,062 log Not Found: /favicon.ico
INFO 2025-12-07 23:55:19,072 basehttp - Broken pipe from ('127.0.0.1', 64924)
INFO 2025-12-07 23:55:23,865 basehttp "GET /document-analysis/dashboard/ HTTP/1.1" 200 83852
INFO 2025-12-07 23:56:17,069 basehttp "POST /api/document-analysis/analyses/ HTTP/1.1" 201 369
INFO 2025-12-07 23:56:23,849 basehttp - Broken pipe from ('127.0.0.1', 64935)
INFO 2025-12-07 23:56:24,156 basehttp "GET /document-analysis/dashboard/ HTTP/1.1" 200 85905
INFO 2025-12-07 23:56:26,775 basehttp "GET /api/document-analysis/analyses/23/ HTTP/1.1" 200 737
INFO 2025-12-07 23:58:12,965 autoreload Watching for file changes with StatReloader
INFO 2025-12-07 23:58:24,429 basehttp "GET /document-analysis/dashboard/ HTTP/1.1" 200 85905
INFO 2025-12-07 23:58:26,448 basehttp "GET /document-analysis/dashboard/ HTTP/1.1" 200 85905
INFO 2025-12-07 23:59:43,687 basehttp "POST /api/document-analysis/analyses/ HTTP/1.1" 201 369
INFO 2025-12-07 23:59:48,650 basehttp - Broken pipe from ('127.0.0.1', 65236)
INFO 2025-12-07 23:59:48,823 basehttp "GET /document-analysis/dashboard/ HTTP/1.1" 200 87958
INFO 2025-12-07 23:59:51,569 basehttp "GET /api/document-analysis/analyses/24/ HTTP/1.1" 200 737
INFO 2025-12-08 00:01:53,335 autoreload Watching for file changes with StatReloader
INFO 2025-12-08 00:02:02,330 autoreload D:\sanad-system\sanad_system\document_analysis\document_analyzer.py changed, reloading.
INFO 2025-12-08 00:02:05,470 autoreload Watching for file changes with StatReloader
INFO 2025-12-08 00:02:49,800 basehttp "POST /api/document-analysis/analyses/ HTTP/1.1" 201 369
INFO 2025-12-08 00:02:54,033 basehttp - Broken pipe from ('127.0.0.1', 49225)
INFO 2025-12-08 00:02:54,320 basehttp "GET /document-analysis/dashboard/ HTTP/1.1" 200 90011
INFO 2025-12-08 00:03:00,927 basehttp "GET /api/document-analysis/analyses/25/ HTTP/1.1" 200 737
INFO 2025-12-08 00:03:28,041 autoreload D:\sanad-system\sanad_system\document_analysis\document_analyzer.py changed, reloading.
INFO 2025-12-08 00:03:31,824 autoreload Watching for file changes with StatReloader
INFO 2025-12-08 00:03:53,864 autoreload Watching for file changes with StatReloader
INFO 2025-12-08 00:04:02,794 basehttp "GET /document-analysis/dashboard/ HTTP/1.1" 200 90011
INFO 2025-12-08 00:04:28,297 basehttp "POST /api/document-analysis/analyses/ HTTP/1.1" 201 369
INFO 2025-12-08 00:04:34,535 basehttp - Broken pipe from ('127.0.0.1', 49410)
INFO 2025-12-08 00:04:34,700 basehttp "GET /document-analysis/dashboard/ HTTP/1.1" 200 92064
INFO 2025-12-08 00:04:38,600 basehttp "GET /api/document-analysis/analyses/26/ HTTP/1.1" 200 737
INFO 2025-12-08 00:05:48,525 autoreload Watching for file changes with StatReloader
INFO 2025-12-08 00:05:57,595 basehttp "GET /document-analysis/dashboard/ HTTP/1.1" 200 92868
INFO 2025-12-08 00:06:24,169 basehttp "POST /api/document-analysis/analyses/ HTTP/1.1" 201 369
INFO 2025-12-08 00:06:28,751 basehttp - Broken pipe from ('127.0.0.1', 49598)
INFO 2025-12-08 00:06:29,164 basehttp "GET /document-analysis/dashboard/ HTTP/1.1" 200 94921
INFO 2025-12-08 00:06:33,434 basehttp "GET /api/document-analysis/analyses/27/ HTTP/1.1" 200 737
INFO 2025-12-08 00:09:38,361 basehttp "GET /api/document-analysis/analyses/27/ HTTP/1.1" 200 737
INFO 2025-12-08 00:13:50,367 autoreload D:\sanad-system\sanad_system\document_analysis\document_analyzer.py changed, reloading.
INFO 2025-12-08 00:14:07,314 autoreload Watching for file changes with StatReloader
INFO 2025-12-08 00:16:15,480 autoreload Watching for file changes with StatReloader
INFO 2025-12-08 00:17:30,736 basehttp "POST /api/document-analysis/analyses/ HTTP/1.1" 201 369
INFO 2025-12-08 00:17:36,378 basehttp - Broken pipe from ('127.0.0.1', 50917)
INFO 2025-12-08 00:17:36,969 basehttp "GET /document-analysis/dashboard/ HTTP/1.1" 200 96974
INFO 2025-12-08 00:17:37,018 basehttp "GET /static/css/interactive.css HTTP/1.1" 304 0
INFO 2025-12-08 00:17:40,280 basehttp "GET /api/document-analysis/analyses/28/ HTTP/1.1" 200 907
INFO 2025-12-08 00:18:23,119 autoreload D:\sanad-system\sanad_system\document_analysis\document_analyzer.py changed, reloading.
INFO 2025-12-08 00:19:20,858 autoreload Watching for file changes with StatReloader
INFO 2025-12-08 00:19:53,336 autoreload Watching for file changes with StatReloader
INFO 2025-12-08 00:20:14,675 basehttp "GET /hadith/ HTTP/1.1" 200 62251
INFO 2025-12-08 00:20:30,479 basehttp "GET /hadith/205/ HTTP/1.1" 200 27582
INFO 2025-12-08 00:21:50,104 basehttp "POST /api/document-analysis/analyses/ HTTP/1.1" 201 345
INFO 2025-12-08 00:21:55,546 basehttp - Broken pipe from ('127.0.0.1', 51255)
INFO 2025-12-08 00:21:55,731 basehttp "GET /document-analysis/dashboard/ HTTP/1.1" 200 99011
INFO 2025-12-08 00:22:00,493 basehttp "GET /api/document-analysis/analyses/29/ HTTP/1.1" 200 1398
INFO 2025-12-08 00:24:39,095 autoreload D:\sanad-system\sanad_system\document_analysis\document_analyzer.py changed, reloading.
INFO 2025-12-08 00:24:47,070 autoreload Watching for file changes with StatReloader
INFO 2025-12-08 00:25:13,702 autoreload Watching for file changes with StatReloader
INFO 2025-12-08 00:25:31,055 basehttp "GET /document-analysis/dashboard/ HTTP/1.1" 200 99011
INFO 2025-12-08 00:25:55,919 basehttp "POST /api/document-analysis/analyses/ HTTP/1.1" 201 369
INFO 2025-12-08 00:26:00,021 basehttp - Broken pipe from ('127.0.0.1', 51854)
INFO 2025-12-08 00:26:00,136 basehttp "GET /document-analysis/dashboard/ HTTP/1.1" 200 101064
INFO 2025-12-08 00:26:06,237 basehttp "GET /api/document-analysis/analyses/30/ HTTP/1.1" 200 1422
INFO 2025-12-08 00:28:18,858 basehttp "GET /api/document-analysis/analyses/30/ HTTP/1.1" 200 1422
INFO 2025-12-08 00:28:33,121 basehttp "GET /hadith/ HTTP/1.1" 200 62251
WARNING 2025-12-08 00:28:35,095 log The request's session was deleted before the request completed. The user may have logged out in a concurrent request, for example.: /api/document-analysis/analyses/30/
Traceback (most recent call last):
  File "C:\Users\T\AppData\Local\Programs\Python\Python310\lib\site-packages\django\db\backends\utils.py", line 89, in _execute
    return self.cursor.execute(sql, params)
  File "C:\Users\T\AppData\Local\Programs\Python\Python310\lib\site-packages\django\db\backends\sqlite3\base.py", line 328, in execute
    return super().execute(query, params)
sqlite3.OperationalError: database is locked

The above exception was the direct cause of the following exception:

Traceback (most recent call last):
  File "C:\Users\T\AppData\Local\Programs\Python\Python310\lib\site-packages\django\contrib\sessions\backends\db.py", line 86, in save
    obj.save(
  File "C:\Users\T\AppData\Local\Programs\Python\Python310\lib\site-packages\django\db\models\base.py", line 814, in save
    self.save_base(
  File "C:\Users\T\AppData\Local\Programs\Python\Python310\lib\site-packages\django\db\models\base.py", line 877, in save_base
    updated = self._save_table(
  File "C:\Users\T\AppData\Local\Programs\Python\Python310\lib\site-packages\django\db\models\base.py", line 990, in _save_table
    updated = self._do_update(
  File "C:\Users\T\AppData\Local\Programs\Python\Python310\lib\site-packages\django\db\models\base.py", line 1054, in _do_update
    return filtered._update(values) > 0
  File "C:\Users\T\AppData\Local\Programs\Python\Python310\lib\site-packages\django\db\models\query.py", line 1233, in _update
    return query.get_compiler(self.db).execute_sql(CURSOR)
  File "C:\Users\T\AppData\Local\Programs\Python\Python310\lib\site-packages\django\db\models\sql\compiler.py", line 1984, in execute_sql
    cursor = super().execute_sql(result_type)
  File "C:\Users\T\AppData\Local\Programs\Python\Python310\lib\site-packages\django\db\models\sql\compiler.py", line 1562, in execute_sql
    cursor.execute(sql, params)
  File "C:\Users\T\AppData\Local\Programs\Python\Python310\lib\site-packages\django\db\backends\utils.py", line 102, in execute
    return super().execute(sql, params)
  File "C:\Users\T\AppData\Local\Programs\Python\Python310\lib\site-packages\django\db\backends\utils.py", line 67, in execute
    return self._execute_with_wrappers(
  File "C:\Users\T\AppData\Local\Programs\Python\Python310\lib\site-packages\django\db\backends\utils.py", line 80, in _execute_with_wrappers
    return executor(sql, params, many, context)
  File "C:\Users\T\AppData\Local\Programs\Python\Python310\lib\site-packages\django\db\backends\utils.py", line 84, in _execute
    with self.db.wrap_database_errors:
  File "C:\Users\T\AppData\Local\Programs\Python\Python310\lib\site-packages\django\db\utils.py", line 91, in __exit__
    raise dj_exc_value.with_traceback(traceback) from exc_value
  File "C:\Users\T\AppData\Local\Programs\Python\Python310\lib\site-packages\django\db\backends\utils.py", line 89, in _execute
    return self.cursor.execute(sql, params)
  File "C:\Users\T\AppData\Local\Programs\Python\Python310\lib\site-packages\django\db\backends\sqlite3\base.py", line 328, in execute
    return super().execute(query, params)
django.db.utils.OperationalError: database is locked

During handling of the above exception, another exception occurred:

Traceback (most recent call last):
  File "C:\Users\T\AppData\Local\Programs\Python\Python310\lib\site-packages\django\contrib\sessions\middleware.py", line 59, in process_response
    request.session.save()
  File "C:\Users\T\AppData\Local\Programs\Python\Python310\lib\site-packages\django\contrib\sessions\backends\db.py", line 95, in save
    raise UpdateError
django.contrib.sessions.backends.base.UpdateError

During handling of the above exception, another exception occurred:

Traceback (most recent call last):
  File "C:\Users\T\AppData\Local\Programs\Python\Python310\lib\site-packages\django\core\handlers\exception.py", line 55, in inner
    response = get_response(request)
  File "C:\Users\T\AppData\Local\Programs\Python\Python310\lib\site-packages\django\utils\deprecation.py", line 136, in __call__
    response = self.process_response(request, response)
  File "C:\Users\T\AppData\Local\Programs\Python\Python310\lib\site-packages\django\contrib\sessions\middleware.py", line 61, in process_response
    raise SessionInterrupted(
django.contrib.sessions.exceptions.SessionInterrupted: The request's session was deleted before the request completed. The user may have logged out in a concurrent request, for example.
WARNING 2025-12-08 00:28:35,111 basehttp "GET /api/document-analysis/analyses/30/ HTTP/1.1" 400 168759
INFO 2025-12-08 00:28:53,558 basehttp "GET /hadith/ HTTP/1.1" 200 62251
INFO 2025-12-08 00:29:33,145 basehttp "GET /document-analysis/dashboard/ HTTP/1.1" 200 101064
INFO 2025-12-08 00:29:37,711 basehttp "GET /hadith/ HTTP/1.1" 200 62251
INFO 2025-12-08 00:30:00,460 basehttp - Broken pipe from ('127.0.0.1', 51900)
INFO 2025-12-08 00:30:03,275 basehttp "GET /hadith/ HTTP/1.1" 200 62251
WARNING 2025-12-08 00:30:15,627 log Not Found: /api/hadith/suggestions/
WARNING 2025-12-08 00:30:15,629 basehttp "GET /api/hadith/suggestions/?q=%D8%A5%D9%86%D9%85%D8%A7%20%D8%A7%D9%84%D8%A3%D8%B9%D9%85%D8%A7%D9%84%20%D8%A8%D8%A7%D9%84%D9%86%D9%8A%D8%A7%D8%AA HTTP/1.1" 404 10026
ERROR 2025-12-08 00:30:16,333 log Internal Server Error: /search/
Traceback (most recent call last):
  File "C:\Users\T\AppData\Local\Programs\Python\Python310\lib\site-packages\django\core\handlers\exception.py", line 55, in inner
    response = get_response(request)
  File "C:\Users\T\AppData\Local\Programs\Python\Python310\lib\site-packages\django\core\handlers\base.py", line 197, in _get_response
    response = wrapped_callback(request, *callback_args, **callback_kwargs)
  File "C:\Users\T\AppData\Local\Programs\Python\Python310\lib\site-packages\django\views\generic\base.py", line 105, in view
    return self.dispatch(request, *args, **kwargs)
  File "C:\Users\T\AppData\Local\Programs\Python\Python310\lib\site-packages\django\views\generic\base.py", line 144, in dispatch
    return handler(request, *args, **kwargs)
  File "D:\sanad-system\sanad_system\hadith_app\views\search_views.py", line 14, in get
    return self.render_to_response(self.get_context_data(form=form))
  File "D:\sanad-system\sanad_system\hadith_app\views\search_views.py", line 25, in get_context_data
    page = request.GET.get('page', 1)
NameError: name 'request' is not defined
ERROR 2025-12-08 00:30:16,351 basehttp "GET /search/?q=%D8%A5%D9%86%D9%85%D8%A7+%D8%A7%D9%84%D8%A3%D8%B9%D9%85%D8%A7%D9%84+%D8%A8%D8%A7%D9%84%D9%86%D9%8A%D8%A7%D8%AA HTTP/1.1" 500 86713
INFO 2025-12-08 00:30:45,695 autoreload D:\sanad-system\sanad_system\hadith_app\views\search_views.py changed, reloading.
INFO 2025-12-08 00:30:52,589 autoreload Watching for file changes with StatReloader
ERROR 2025-12-08 00:31:16,250 log Internal Server Error: /search/
Traceback (most recent call last):
  File "C:\Users\T\AppData\Local\Programs\Python\Python310\lib\site-packages\django\template\base.py", line 505, in parse
    compile_func = self.tags[command]
KeyError: 'else'

During handling of the above exception, another exception occurred:

Traceback (most recent call last):
  File "C:\Users\T\AppData\Local\Programs\Python\Python310\lib\site-packages\django\core\handlers\exception.py", line 55, in inner
    response = get_response(request)
  File "C:\Users\T\AppData\Local\Programs\Python\Python310\lib\site-packages\django\core\handlers\base.py", line 220, in _get_response
    response = response.render()
  File "C:\Users\T\AppData\Local\Programs\Python\Python310\lib\site-packages\django\template\response.py", line 114, in render
    self.content = self.rendered_content
  File "C:\Users\T\AppData\Local\Programs\Python\Python310\lib\site-packages\django\template\response.py", line 90, in rendered_content
    template = self.resolve_template(self.template_name)
  File "C:\Users\T\AppData\Local\Programs\Python\Python310\lib\site-packages\django\template\response.py", line 72, in resolve_template
    return select_template(template, using=self.using)
  File "C:\Users\T\AppData\Local\Programs\Python\Python310\lib\site-packages\django\template\loader.py", line 42, in select_template
    return engine.get_template(template_name)
  File "C:\Users\T\AppData\Local\Programs\Python\Python310\lib\site-packages\django\template\backends\django.py", line 33, in get_template
    return Template(self.engine.get_template(template_name), self)
  File "C:\Users\T\AppData\Local\Programs\Python\Python310\lib\site-packages\django\template\engine.py", line 175, in get_template
    template, origin = self.find_template(template_name)
  File "C:\Users\T\AppData\Local\Programs\Python\Python310\lib\site-packages\django\template\engine.py", line 157, in find_template
    template = loader.get_template(name, skip=skip)
  File "C:\Users\T\AppData\Local\Programs\Python\Python310\lib\site-packages\django\template\loaders\cached.py", line 57, in get_template
    template = super().get_template(template_name, skip)
  File "C:\Users\T\AppData\Local\Programs\Python\Python310\lib\site-packages\django\template\loaders\base.py", line 28, in get_template
    return Template(
  File "C:\Users\T\AppData\Local\Programs\Python\Python310\lib\site-packages\django\template\base.py", line 154, in __init__
    self.nodelist = self.compile_nodelist()
  File "C:\Users\T\AppData\Local\Programs\Python\Python310\lib\site-packages\django\template\base.py", line 200, in compile_nodelist
    return parser.parse()
  File "C:\Users\T\AppData\Local\Programs\Python\Python310\lib\site-packages\django\template\base.py", line 513, in parse
    raise self.error(token, e)
  File "C:\Users\T\AppData\Local\Programs\Python\Python310\lib\site-packages\django\template\base.py", line 511, in parse
    compiled_result = compile_func(self, token)
  File "C:\Users\T\AppData\Local\Programs\Python\Python310\lib\site-packages\django\template\loader_tags.py", line 293, in do_extends
    nodelist = parser.parse()
  File "C:\Users\T\AppData\Local\Programs\Python\Python310\lib\site-packages\django\template\base.py", line 513, in parse
    raise self.error(token, e)
  File "C:\Users\T\AppData\Local\Programs\Python\Python310\lib\site-packages\django\template\base.py", line 511, in parse
    compiled_result = compile_func(self, token)
  File "C:\Users\T\AppData\Local\Programs\Python\Python310\lib\site-packages\django\template\loader_tags.py", line 232, in do_block
    nodelist = parser.parse(("endblock",))
  File "C:\Users\T\AppData\Local\Programs\Python\Python310\lib\site-packages\django\template\base.py", line 513, in parse
    raise self.error(token, e)
  File "C:\Users\T\AppData\Local\Programs\Python\Python310\lib\site-packages\django\template\base.py", line 511, in parse
    compiled_result = compile_func(self, token)
  File "C:\Users\T\AppData\Local\Programs\Python\Python310\lib\site-packages\django\template\defaulttags.py", line 953, in do_if
    nodelist = parser.parse(("elif", "else", "endif"))
  File "C:\Users\T\AppData\Local\Programs\Python\Python310\lib\site-packages\django\template\base.py", line 513, in parse
    raise self.error(token, e)
  File "C:\Users\T\AppData\Local\Programs\Python\Python310\lib\site-packages\django\template\base.py", line 511, in parse
    compiled_result = compile_func(self, token)
  File "C:\Users\T\AppData\Local\Programs\Python\Python310\lib\site-packages\django\template\defaulttags.py", line 953, in do_if
    nodelist = parser.parse(("elif", "else", "endif"))
  File "C:\Users\T\AppData\Local\Programs\Python\Python310\lib\site-packages\django\template\base.py", line 513, in parse
    raise self.error(token, e)
  File "C:\Users\T\AppData\Local\Programs\Python\Python310\lib\site-packages\django\template\base.py", line 511, in parse
    compiled_result = compile_func(self, token)
  File "C:\Users\T\AppData\Local\Programs\Python\Python310\lib\site-packages\django\template\defaulttags.py", line 853, in do_for
    nodelist_loop = parser.parse(
  File "C:\Users\T\AppData\Local\Programs\Python\Python310\lib\site-packages\django\template\base.py", line 513, in parse
    raise self.error(token, e)
  File "C:\Users\T\AppData\Local\Programs\Python\Python310\lib\site-packages\django\template\base.py", line 511, in parse
    compiled_result = compile_func(self, token)
  File "C:\Users\T\AppData\Local\Programs\Python\Python310\lib\site-packages\django\template\defaulttags.py", line 953, in do_if
    nodelist = parser.parse(("elif", "else", "endif"))
  File "C:\Users\T\AppData\Local\Programs\Python\Python310\lib\site-packages\django\template\base.py", line 513, in parse
    raise self.error(token, e)
  File "C:\Users\T\AppData\Local\Programs\Python\Python310\lib\site-packages\django\template\base.py", line 511, in parse
    compiled_result = compile_func(self, token)
  File "C:\Users\T\AppData\Local\Programs\Python\Python310\lib\site-packages\django\template\defaulttags.py", line 1491, in do_with
    nodelist = parser.parse(("endwith",))
  File "C:\Users\T\AppData\Local\Programs\Python\Python310\lib\site-packages\django\template\base.py", line 507, in parse
    self.invalid_block_tag(token, command, parse_until)
  File "C:\Users\T\AppData\Local\Programs\Python\Python310\lib\site-packages\django\template\base.py", line 558, in invalid_block_tag
    raise self.error(
django.template.exceptions.TemplateSyntaxError: Invalid block tag on line 161: 'else', expected 'endwith'. Did you forget to register or load this tag?
ERROR 2025-12-08 00:31:16,290 basehttp "GET /search/?q=%D8%A5%D9%86%D9%85%D8%A7+%D8%A7%D9%84%D8%A3%D8%B9%D9%85%D8%A7%D9%84+%D8%A8%D8%A7%D9%84%D9%86%D9%8A%D8%A7%D8%AA HTTP/1.1" 500 405792
ERROR 2025-12-08 00:33:28,264 log Internal Server Error: /search/
Traceback (most recent call last):
  File "C:\Users\T\AppData\Local\Programs\Python\Python310\lib\site-packages\django\template\base.py", line 505, in parse
    compile_func = self.tags[command]
KeyError: 'else'

During handling of the above exception, another exception occurred:

Traceback (most recent call last):
  File "C:\Users\T\AppData\Local\Programs\Python\Python310\lib\site-packages\django\core\handlers\exception.py", line 55, in inner
    response = get_response(request)
  File "C:\Users\T\AppData\Local\Programs\Python\Python310\lib\site-packages\django\core\handlers\base.py", line 220, in _get_response
    response = response.render()
  File "C:\Users\T\AppData\Local\Programs\Python\Python310\lib\site-packages\django\template\response.py", line 114, in render
    self.content = self.rendered_content
  File "C:\Users\T\AppData\Local\Programs\Python\Python310\lib\site-packages\django\template\response.py", line 90, in rendered_content
    template = self.resolve_template(self.template_name)
  File "C:\Users\T\AppData\Local\Programs\Python\Python310\lib\site-packages\django\template\response.py", line 72, in resolve_template
    return select_template(template, using=self.using)
  File "C:\Users\T\AppData\Local\Programs\Python\Python310\lib\site-packages\django\template\loader.py", line 42, in select_template
    return engine.get_template(template_name)
  File "C:\Users\T\AppData\Local\Programs\Python\Python310\lib\site-packages\django\template\backends\django.py", line 33, in get_template
    return Template(self.engine.get_template(template_name), self)
  File "C:\Users\T\AppData\Local\Programs\Python\Python310\lib\site-packages\django\template\engine.py", line 175, in get_template
    template, origin = self.find_template(template_name)
  File "C:\Users\T\AppData\Local\Programs\Python\Python310\lib\site-packages\django\template\engine.py", line 157, in find_template
    template = loader.get_template(name, skip=skip)
  File "C:\Users\T\AppData\Local\Programs\Python\Python310\lib\site-packages\django\template\loaders\cached.py", line 57, in get_template
    template = super().get_template(template_name, skip)
  File "C:\Users\T\AppData\Local\Programs\Python\Python310\lib\site-packages\django\template\loaders\base.py", line 28, in get_template
    return Template(
  File "C:\Users\T\AppData\Local\Programs\Python\Python310\lib\site-packages\django\template\base.py", line 154, in __init__
    self.nodelist = self.compile_nodelist()
  File "C:\Users\T\AppData\Local\Programs\Python\Python310\lib\site-packages\django\template\base.py", line 200, in compile_nodelist
    return parser.parse()
  File "C:\Users\T\AppData\Local\Programs\Python\Python310\lib\site-packages\django\template\base.py", line 513, in parse
    raise self.error(token, e)
  File "C:\Users\T\AppData\Local\Programs\Python\Python310\lib\site-packages\django\template\base.py", line 511, in parse
    compiled_result = compile_func(self, token)
  File "C:\Users\T\AppData\Local\Programs\Python\Python310\lib\site-packages\django\template\loader_tags.py", line 293, in do_extends
    nodelist = parser.parse()
  File "C:\Users\T\AppData\Local\Programs\Python\Python310\lib\site-packages\django\template\base.py", line 513, in parse
    raise self.error(token, e)
  File "C:\Users\T\AppData\Local\Programs\Python\Python310\lib\site-packages\django\template\base.py", line 511, in parse
    compiled_result = compile_func(self, token)
  File "C:\Users\T\AppData\Local\Programs\Python\Python310\lib\site-packages\django\template\loader_tags.py", line 232, in do_block
    nodelist = parser.parse(("endblock",))
  File "C:\Users\T\AppData\Local\Programs\Python\Python310\lib\site-packages\django\template\base.py", line 513, in parse
    raise self.error(token, e)
  File "C:\Users\T\AppData\Local\Programs\Python\Python310\lib\site-packages\django\template\base.py", line 511, in parse
    compiled_result = compile_func(self, token)
  File "C:\Users\T\AppData\Local\Programs\Python\Python310\lib\site-packages\django\template\defaulttags.py", line 953, in do_if
    nodelist = parser.parse(("elif", "else", "endif"))
  File "C:\Users\T\AppData\Local\Programs\Python\Python310\lib\site-packages\django\template\base.py", line 513, in parse
    raise self.error(token, e)
  File "C:\Users\T\AppData\Local\Programs\Python\Python310\lib\site-packages\django\template\base.py", line 511, in parse
    compiled_result = compile_func(self, token)
  File "C:\Users\T\AppData\Local\Programs\Python\Python310\lib\site-packages\django\template\defaulttags.py", line 953, in do_if
    nodelist = parser.parse(("elif", "else", "endif"))
  File "C:\Users\T\AppData\Local\Programs\Python\Python310\lib\site-packages\django\template\base.py", line 513, in parse
    raise self.error(token, e)
  File "C:\Users\T\AppData\Local\Programs\Python\Python310\lib\site-packages\django\template\base.py", line 511, in parse
    compiled_result = compile_func(self, token)
  File "C:\Users\T\AppData\Local\Programs\Python\Python310\lib\site-packages\django\template\defaulttags.py", line 853, in do_for
    nodelist_loop = parser.parse(
  File "C:\Users\T\AppData\Local\Programs\Python\Python310\lib\site-packages\django\template\base.py", line 513, in parse
    raise self.error(token, e)
  File "C:\Users\T\AppData\Local\Programs\Python\Python310\lib\site-packages\django\template\base.py", line 511, in parse
    compiled_result = compile_func(self, token)
  File "C:\Users\T\AppData\Local\Programs\Python\Python310\lib\site-packages\django\template\defaulttags.py", line 953, in do_if
    nodelist = parser.parse(("elif", "else", "endif"))
  File "C:\Users\T\AppData\Local\Programs\Python\Python310\lib\site-packages\django\template\base.py", line 513, in parse
    raise self.error(token, e)
  File "C:\Users\T\AppData\Local\Programs\Python\Python310\lib\site-packages\django\template\base.py", line 511, in parse
    compiled_result = compile_func(self, token)
  File "C:\Users\T\AppData\Local\Programs\Python\Python310\lib\site-packages\django\template\defaulttags.py", line 1491, in do_with
    nodelist = parser.parse(("endwith",))
  File "C:\Users\T\AppData\Local\Programs\Python\Python310\lib\site-packages\django\template\base.py", line 507, in parse
    self.invalid_block_tag(token, command, parse_until)
  File "C:\Users\T\AppData\Local\Programs\Python\Python310\lib\site-packages\django\template\base.py", line 558, in invalid_block_tag
    raise self.error(
django.template.exceptions.TemplateSyntaxError: Invalid block tag on line 161: 'else', expected 'endwith'. Did you forget to register or load this tag?
ERROR 2025-12-08 00:33:28,280 basehttp "GET /search/?q=%D8%A5%D9%86%D9%85%D8%A7+%D8%A7%D9%84%D8%A3%D8%B9%D9%85%D8%A7%D9%84+%D8%A8%D8%A7%D9%84%D9%86%D9%8A%D8%A7%D8%AA HTTP/1.1" 500 409101
ERROR 2025-12-08 00:33:30,061 log Internal Server Error: /search/
Traceback (most recent call last):
  File "C:\Users\T\AppData\Local\Programs\Python\Python310\lib\site-packages\django\template\base.py", line 505, in parse
    compile_func = self.tags[command]
KeyError: 'else'

During handling of the above exception, another exception occurred:

Traceback (most recent call last):
  File "C:\Users\T\AppData\Local\Programs\Python\Python310\lib\site-packages\django\core\handlers\exception.py", line 55, in inner
    response = get_response(request)
  File "C:\Users\T\AppData\Local\Programs\Python\Python310\lib\site-packages\django\core\handlers\base.py", line 220, in _get_response
    response = response.render()
  File "C:\Users\T\AppData\Local\Programs\Python\Python310\lib\site-packages\django\template\response.py", line 114, in render
    self.content = self.rendered_content
  File "C:\Users\T\AppData\Local\Programs\Python\Python310\lib\site-packages\django\template\response.py", line 90, in rendered_content
    template = self.resolve_template(self.template_name)
  File "C:\Users\T\AppData\Local\Programs\Python\Python310\lib\site-packages\django\template\response.py", line 72, in resolve_template
    return select_template(template, using=self.using)
  File "C:\Users\T\AppData\Local\Programs\Python\Python310\lib\site-packages\django\template\loader.py", line 42, in select_template
    return engine.get_template(template_name)
  File "C:\Users\T\AppData\Local\Programs\Python\Python310\lib\site-packages\django\template\backends\django.py", line 33, in get_template
    return Template(self.engine.get_template(template_name), self)
  File "C:\Users\T\AppData\Local\Programs\Python\Python310\lib\site-packages\django\template\engine.py", line 175, in get_template
    template, origin = self.find_template(template_name)
  File "C:\Users\T\AppData\Local\Programs\Python\Python310\lib\site-packages\django\template\engine.py", line 157, in find_template
    template = loader.get_template(name, skip=skip)
  File "C:\Users\T\AppData\Local\Programs\Python\Python310\lib\site-packages\django\template\loaders\cached.py", line 57, in get_template
    template = super().get_template(template_name, skip)
  File "C:\Users\T\AppData\Local\Programs\Python\Python310\lib\site-packages\django\template\loaders\base.py", line 28, in get_template
    return Template(
  File "C:\Users\T\AppData\Local\Programs\Python\Python310\lib\site-packages\django\template\base.py", line 154, in __init__
    self.nodelist = self.compile_nodelist()
  File "C:\Users\T\AppData\Local\Programs\Python\Python310\lib\site-packages\django\template\base.py", line 200, in compile_nodelist
    return parser.parse()
  File "C:\Users\T\AppData\Local\Programs\Python\Python310\lib\site-packages\django\template\base.py", line 513, in parse
    raise self.error(token, e)
  File "C:\Users\T\AppData\Local\Programs\Python\Python310\lib\site-packages\django\template\base.py", line 511, in parse
    compiled_result = compile_func(self, token)
  File "C:\Users\T\AppData\Local\Programs\Python\Python310\lib\site-packages\django\template\loader_tags.py", line 293, in do_extends
    nodelist = parser.parse()
  File "C:\Users\T\AppData\Local\Programs\Python\Python310\lib\site-packages\django\template\base.py", line 513, in parse
    raise self.error(token, e)
  File "C:\Users\T\AppData\Local\Programs\Python\Python310\lib\site-packages\django\template\base.py", line 511, in parse
    compiled_result = compile_func(self, token)
  File "C:\Users\T\AppData\Local\Programs\Python\Python310\lib\site-packages\django\template\loader_tags.py", line 232, in do_block
    nodelist = parser.parse(("endblock",))
  File "C:\Users\T\AppData\Local\Programs\Python\Python310\lib\site-packages\django\template\base.py", line 513, in parse
    raise self.error(token, e)
  File "C:\Users\T\AppData\Local\Programs\Python\Python310\lib\site-packages\django\template\base.py", line 511, in parse
    compiled_result = compile_func(self, token)
  File "C:\Users\T\AppData\Local\Programs\Python\Python310\lib\site-packages\django\template\defaulttags.py", line 953, in do_if
    nodelist = parser.parse(("elif", "else", "endif"))
  File "C:\Users\T\AppData\Local\Programs\Python\Python310\lib\site-packages\django\template\base.py", line 513, in parse
    raise self.error(token, e)
  File "C:\Users\T\AppData\Local\Programs\Python\Python310\lib\site-packages\django\template\base.py", line 511, in parse
    compiled_result = compile_func(self, token)
  File "C:\Users\T\AppData\Local\Programs\Python\Python310\lib\site-packages\django\template\defaulttags.py", line 953, in do_if
    nodelist = parser.parse(("elif", "else", "endif"))
  File "C:\Users\T\AppData\Local\Programs\Python\Python310\lib\site-packages\django\template\base.py", line 513, in parse
    raise self.error(token, e)
  File "C:\Users\T\AppData\Local\Programs\Python\Python310\lib\site-packages\django\template\base.py", line 511, in parse
    compiled_result = compile_func(self, token)
  File "C:\Users\T\AppData\Local\Programs\Python\Python310\lib\site-packages\django\template\defaulttags.py", line 853, in do_for
    nodelist_loop = parser.parse(
  File "C:\Users\T\AppData\Local\Programs\Python\Python310\lib\site-packages\django\template\base.py", line 513, in parse
    raise self.error(token, e)
  File "C:\Users\T\AppData\Local\Programs\Python\Python310\lib\site-packages\django\template\base.py", line 511, in parse
    compiled_result = compile_func(self, token)
  File "C:\Users\T\AppData\Local\Programs\Python\Python310\lib\site-packages\django\template\defaulttags.py", line 953, in do_if
    nodelist = parser.parse(("elif", "else", "endif"))
  File "C:\Users\T\AppData\Local\Programs\Python\Python310\lib\site-packages\django\template\base.py", line 513, in parse
    raise self.error(token, e)
  File "C:\Users\T\AppData\Local\Programs\Python\Python310\lib\site-packages\django\template\base.py", line 511, in parse
    compiled_result = compile_func(self, token)
  File "C:\Users\T\AppData\Local\Programs\Python\Python310\lib\site-packages\django\template\defaulttags.py", line 1491, in do_with
    nodelist = parser.parse(("endwith",))
  File "C:\Users\T\AppData\Local\Programs\Python\Python310\lib\site-packages\django\template\base.py", line 507, in parse
    self.invalid_block_tag(token, command, parse_until)
  File "C:\Users\T\AppData\Local\Programs\Python\Python310\lib\site-packages\django\template\base.py", line 558, in invalid_block_tag
    raise self.error(
django.template.exceptions.TemplateSyntaxError: Invalid block tag on line 161: 'else', expected 'endwith'. Did you forget to register or load this tag?
ERROR 2025-12-08 00:33:30,085 basehttp "GET /search/?q=%D8%A5%D9%86%D9%85%D8%A7+%D8%A7%D9%84%D8%A3%D8%B9%D9%85%D8%A7%D9%84+%D8%A8%D8%A7%D9%84%D9%86%D9%8A%D8%A7%D8%AA HTTP/1.1" 500 409101
ERROR 2025-12-08 00:33:31,296 log Internal Server Error: /search/
Traceback (most recent call last):
  File "C:\Users\T\AppData\Local\Programs\Python\Python310\lib\site-packages\django\template\base.py", line 505, in parse
    compile_func = self.tags[command]
KeyError: 'else'

During handling of the above exception, another exception occurred:

Traceback (most recent call last):
  File "C:\Users\T\AppData\Local\Programs\Python\Python310\lib\site-packages\django\core\handlers\exception.py", line 55, in inner
    response = get_response(request)
  File "C:\Users\T\AppData\Local\Programs\Python\Python310\lib\site-packages\django\core\handlers\base.py", line 220, in _get_response
    response = response.render()
  File "C:\Users\T\AppData\Local\Programs\Python\Python310\lib\site-packages\django\template\response.py", line 114, in render
    self.content = self.rendered_content
  File "C:\Users\T\AppData\Local\Programs\Python\Python310\lib\site-packages\django\template\response.py", line 90, in rendered_content
    template = self.resolve_template(self.template_name)
  File "C:\Users\T\AppData\Local\Programs\Python\Python310\lib\site-packages\django\template\response.py", line 72, in resolve_template
    return select_template(template, using=self.using)
  File "C:\Users\T\AppData\Local\Programs\Python\Python310\lib\site-packages\django\template\loader.py", line 42, in select_template
    return engine.get_template(template_name)
  File "C:\Users\T\AppData\Local\Programs\Python\Python310\lib\site-packages\django\template\backends\django.py", line 33, in get_template
    return Template(self.engine.get_template(template_name), self)
  File "C:\Users\T\AppData\Local\Programs\Python\Python310\lib\site-packages\django\template\engine.py", line 175, in get_template
    template, origin = self.find_template(template_name)
  File "C:\Users\T\AppData\Local\Programs\Python\Python310\lib\site-packages\django\template\engine.py", line 157, in find_template
    template = loader.get_template(name, skip=skip)
  File "C:\Users\T\AppData\Local\Programs\Python\Python310\lib\site-packages\django\template\loaders\cached.py", line 57, in get_template
    template = super().get_template(template_name, skip)
  File "C:\Users\T\AppData\Local\Programs\Python\Python310\lib\site-packages\django\template\loaders\base.py", line 28, in get_template
    return Template(
  File "C:\Users\T\AppData\Local\Programs\Python\Python310\lib\site-packages\django\template\base.py", line 154, in __init__
    self.nodelist = self.compile_nodelist()
  File "C:\Users\T\AppData\Local\Programs\Python\Python310\lib\site-packages\django\template\base.py", line 200, in compile_nodelist
    return parser.parse()
  File "C:\Users\T\AppData\Local\Programs\Python\Python310\lib\site-packages\django\template\base.py", line 513, in parse
    raise self.error(token, e)
  File "C:\Users\T\AppData\Local\Programs\Python\Python310\lib\site-packages\django\template\base.py", line 511, in parse
    compiled_result = compile_func(self, token)
  File "C:\Users\T\AppData\Local\Programs\Python\Python310\lib\site-packages\django\template\loader_tags.py", line 293, in do_extends
    nodelist = parser.parse()
  File "C:\Users\T\AppData\Local\Programs\Python\Python310\lib\site-packages\django\template\base.py", line 513, in parse
    raise self.error(token, e)
  File "C:\Users\T\AppData\Local\Programs\Python\Python310\lib\site-packages\django\template\base.py", line 511, in parse
    compiled_result = compile_func(self, token)
  File "C:\Users\T\AppData\Local\Programs\Python\Python310\lib\site-packages\django\template\loader_tags.py", line 232, in do_block
    nodelist = parser.parse(("endblock",))
  File "C:\Users\T\AppData\Local\Programs\Python\Python310\lib\site-packages\django\template\base.py", line 513, in parse
    raise self.error(token, e)
  File "C:\Users\T\AppData\Local\Programs\Python\Python310\lib\site-packages\django\template\base.py", line 511, in parse
    compiled_result = compile_func(self, token)
  File "C:\Users\T\AppData\Local\Programs\Python\Python310\lib\site-packages\django\template\defaulttags.py", line 953, in do_if
    nodelist = parser.parse(("elif", "else", "endif"))
  File "C:\Users\T\AppData\Local\Programs\Python\Python310\lib\site-packages\django\template\base.py", line 513, in parse
    raise self.error(token, e)
  File "C:\Users\T\AppData\Local\Programs\Python\Python310\lib\site-packages\django\template\base.py", line 511, in parse
    compiled_result = compile_func(self, token)
  File "C:\Users\T\AppData\Local\Programs\Python\Python310\lib\site-packages\django\template\defaulttags.py", line 953, in do_if
    nodelist = parser.parse(("elif", "else", "endif"))
  File "C:\Users\T\AppData\Local\Programs\Python\Python310\lib\site-packages\django\template\base.py", line 513, in parse
    raise self.error(token, e)
  File "C:\Users\T\AppData\Local\Programs\Python\Python310\lib\site-packages\django\template\base.py", line 511, in parse
    compiled_result = compile_func(self, token)
  File "C:\Users\T\AppData\Local\Programs\Python\Python310\lib\site-packages\django\template\defaulttags.py", line 853, in do_for
    nodelist_loop = parser.parse(
  File "C:\Users\T\AppData\Local\Programs\Python\Python310\lib\site-packages\django\template\base.py", line 513, in parse
    raise self.error(token, e)
  File "C:\Users\T\AppData\Local\Programs\Python\Python310\lib\site-packages\django\template\base.py", line 511, in parse
    compiled_result = compile_func(self, token)
  File "C:\Users\T\AppData\Local\Programs\Python\Python310\lib\site-packages\django\template\defaulttags.py", line 953, in do_if
    nodelist = parser.parse(("elif", "else", "endif"))
  File "C:\Users\T\AppData\Local\Programs\Python\Python310\lib\site-packages\django\template\base.py", line 513, in parse
    raise self.error(token, e)
  File "C:\Users\T\AppData\Local\Programs\Python\Python310\lib\site-packages\django\template\base.py", line 511, in parse
    compiled_result = compile_func(self, token)
  File "C:\Users\T\AppData\Local\Programs\Python\Python310\lib\site-packages\django\template\defaulttags.py", line 1491, in do_with
    nodelist = parser.parse(("endwith",))
  File "C:\Users\T\AppData\Local\Programs\Python\Python310\lib\site-packages\django\template\base.py", line 507, in parse
    self.invalid_block_tag(token, command, parse_until)
  File "C:\Users\T\AppData\Local\Programs\Python\Python310\lib\site-packages\django\template\base.py", line 558, in invalid_block_tag
    raise self.error(
django.template.exceptions.TemplateSyntaxError: Invalid block tag on line 161: 'else', expected 'endwith'. Did you forget to register or load this tag?
ERROR 2025-12-08 00:33:31,320 basehttp "GET /search/?q=%D8%A5%D9%86%D9%85%D8%A7+%D8%A7%D9%84%D8%A3%D8%B9%D9%85%D8%A7%D9%84+%D8%A8%D8%A7%D9%84%D9%86%D9%8A%D8%A7%D8%AA HTTP/1.1" 500 409101
INFO 2025-12-08 00:33:45,933 autoreload Watching for file changes with StatReloader
ERROR 2025-12-08 00:34:11,200 log Internal Server Error: /search/
Traceback (most recent call last):
  File "C:\Users\T\AppData\Local\Programs\Python\Python310\lib\site-packages\django\template\base.py", line 505, in parse
    compile_func = self.tags[command]
KeyError: 'else'

During handling of the above exception, another exception occurred:

Traceback (most recent call last):
  File "C:\Users\T\AppData\Local\Programs\Python\Python310\lib\site-packages\django\core\handlers\exception.py", line 55, in inner
    response = get_response(request)
  File "C:\Users\T\AppData\Local\Programs\Python\Python310\lib\site-packages\django\core\handlers\base.py", line 220, in _get_response
    response = response.render()
  File "C:\Users\T\AppData\Local\Programs\Python\Python310\lib\site-packages\django\template\response.py", line 114, in render
    self.content = self.rendered_content
  File "C:\Users\T\AppData\Local\Programs\Python\Python310\lib\site-packages\django\template\response.py", line 90, in rendered_content
    template = self.resolve_template(self.template_name)
  File "C:\Users\T\AppData\Local\Programs\Python\Python310\lib\site-packages\django\template\response.py", line 72, in resolve_template
    return select_template(template, using=self.using)
  File "C:\Users\T\AppData\Local\Programs\Python\Python310\lib\site-packages\django\template\loader.py", line 42, in select_template
    return engine.get_template(template_name)
  File "C:\Users\T\AppData\Local\Programs\Python\Python310\lib\site-packages\django\template\backends\django.py", line 33, in get_template
    return Template(self.engine.get_template(template_name), self)
  File "C:\Users\T\AppData\Local\Programs\Python\Python310\lib\site-packages\django\template\engine.py", line 175, in get_template
    template, origin = self.find_template(template_name)
  File "C:\Users\T\AppData\Local\Programs\Python\Python310\lib\site-packages\django\template\engine.py", line 157, in find_template
    template = loader.get_template(name, skip=skip)
  File "C:\Users\T\AppData\Local\Programs\Python\Python310\lib\site-packages\django\template\loaders\cached.py", line 57, in get_template
    template = super().get_template(template_name, skip)
  File "C:\Users\T\AppData\Local\Programs\Python\Python310\lib\site-packages\django\template\loaders\base.py", line 28, in get_template
    return Template(
  File "C:\Users\T\AppData\Local\Programs\Python\Python310\lib\site-packages\django\template\base.py", line 154, in __init__
    self.nodelist = self.compile_nodelist()
  File "C:\Users\T\AppData\Local\Programs\Python\Python310\lib\site-packages\django\template\base.py", line 200, in compile_nodelist
    return parser.parse()
  File "C:\Users\T\AppData\Local\Programs\Python\Python310\lib\site-packages\django\template\base.py", line 513, in parse
    raise self.error(token, e)
  File "C:\Users\T\AppData\Local\Programs\Python\Python310\lib\site-packages\django\template\base.py", line 511, in parse
    compiled_result = compile_func(self, token)
  File "C:\Users\T\AppData\Local\Programs\Python\Python310\lib\site-packages\django\template\loader_tags.py", line 293, in do_extends
    nodelist = parser.parse()
  File "C:\Users\T\AppData\Local\Programs\Python\Python310\lib\site-packages\django\template\base.py", line 513, in parse
    raise self.error(token, e)
  File "C:\Users\T\AppData\Local\Programs\Python\Python310\lib\site-packages\django\template\base.py", line 511, in parse
    compiled_result = compile_func(self, token)
  File "C:\Users\T\AppData\Local\Programs\Python\Python310\lib\site-packages\django\template\loader_tags.py", line 232, in do_block
    nodelist = parser.parse(("endblock",))
  File "C:\Users\T\AppData\Local\Programs\Python\Python310\lib\site-packages\django\template\base.py", line 513, in parse
    raise self.error(token, e)
  File "C:\Users\T\AppData\Local\Programs\Python\Python310\lib\site-packages\django\template\base.py", line 511, in parse
    compiled_result = compile_func(self, token)
  File "C:\Users\T\AppData\Local\Programs\Python\Python310\lib\site-packages\django\template\defaulttags.py", line 953, in do_if
    nodelist = parser.parse(("elif", "else", "endif"))
  File "C:\Users\T\AppData\Local\Programs\Python\Python310\lib\site-packages\django\template\base.py", line 513, in parse
    raise self.error(token, e)
  File "C:\Users\T\AppData\Local\Programs\Python\Python310\lib\site-packages\django\template\base.py", line 511, in parse
    compiled_result = compile_func(self, token)
  File "C:\Users\T\AppData\Local\Programs\Python\Python310\lib\site-packages\django\template\defaulttags.py", line 953, in do_if
    nodelist = parser.parse(("elif", "else", "endif"))
  File "C:\Users\T\AppData\Local\Programs\Python\Python310\lib\site-packages\django\template\base.py", line 513, in parse
    raise self.error(token, e)
  File "C:\Users\T\AppData\Local\Programs\Python\Python310\lib\site-packages\django\template\base.py", line 511, in parse
    compiled_result = compile_func(self, token)
  File "C:\Users\T\AppData\Local\Programs\Python\Python310\lib\site-packages\django\template\defaulttags.py", line 853, in do_for
    nodelist_loop = parser.parse(
  File "C:\Users\T\AppData\Local\Programs\Python\Python310\lib\site-packages\django\template\base.py", line 513, in parse
    raise self.error(token, e)
  File "C:\Users\T\AppData\Local\Programs\Python\Python310\lib\site-packages\django\template\base.py", line 511, in parse
    compiled_result = compile_func(self, token)
  File "C:\Users\T\AppData\Local\Programs\Python\Python310\lib\site-packages\django\template\defaulttags.py", line 953, in do_if
    nodelist = parser.parse(("elif", "else", "endif"))
  File "C:\Users\T\AppData\Local\Programs\Python\Python310\lib\site-packages\django\template\base.py", line 513, in parse
    raise self.error(token, e)
  File "C:\Users\T\AppData\Local\Programs\Python\Python310\lib\site-packages\django\template\base.py", line 511, in parse
    compiled_result = compile_func(self, token)
  File "C:\Users\T\AppData\Local\Programs\Python\Python310\lib\site-packages\django\template\defaulttags.py", line 1491, in do_with
    nodelist = parser.parse(("endwith",))
  File "C:\Users\T\AppData\Local\Programs\Python\Python310\lib\site-packages\django\template\base.py", line 507, in parse
    self.invalid_block_tag(token, command, parse_until)
  File "C:\Users\T\AppData\Local\Programs\Python\Python310\lib\site-packages\django\template\base.py", line 558, in invalid_block_tag
    raise self.error(
django.template.exceptions.TemplateSyntaxError: Invalid block tag on line 161: 'else', expected 'endwith'. Did you forget to register or load this tag?
ERROR 2025-12-08 00:34:11,245 basehttp "GET /search/?q=%D8%A5%D9%86%D9%85%D8%A7+%D8%A7%D9%84%D8%A3%D8%B9%D9%85%D8%A7%D9%84+%D8%A8%D8%A7%D9%84%D9%86%D9%8A%D8%A7%D8%AA HTTP/1.1" 500 409101
ERROR 2025-12-08 00:35:17,495 log Internal Server Error: /search/
Traceback (most recent call last):
  File "C:\Users\T\AppData\Local\Programs\Python\Python310\lib\site-packages\django\template\base.py", line 505, in parse
    compile_func = self.tags[command]
KeyError: 'else'

During handling of the above exception, another exception occurred:

Traceback (most recent call last):
  File "C:\Users\T\AppData\Local\Programs\Python\Python310\lib\site-packages\django\core\handlers\exception.py", line 55, in inner
    response = get_response(request)
  File "C:\Users\T\AppData\Local\Programs\Python\Python310\lib\site-packages\django\core\handlers\base.py", line 220, in _get_response
    response = response.render()
  File "C:\Users\T\AppData\Local\Programs\Python\Python310\lib\site-packages\django\template\response.py", line 114, in render
    self.content = self.rendered_content
  File "C:\Users\T\AppData\Local\Programs\Python\Python310\lib\site-packages\django\template\response.py", line 90, in rendered_content
    template = self.resolve_template(self.template_name)
  File "C:\Users\T\AppData\Local\Programs\Python\Python310\lib\site-packages\django\template\response.py", line 72, in resolve_template
    return select_template(template, using=self.using)
  File "C:\Users\T\AppData\Local\Programs\Python\Python310\lib\site-packages\django\template\loader.py", line 42, in select_template
    return engine.get_template(template_name)
  File "C:\Users\T\AppData\Local\Programs\Python\Python310\lib\site-packages\django\template\backends\django.py", line 33, in get_template
    return Template(self.engine.get_template(template_name), self)
  File "C:\Users\T\AppData\Local\Programs\Python\Python310\lib\site-packages\django\template\engine.py", line 175, in get_template
    template, origin = self.find_template(template_name)
  File "C:\Users\T\AppData\Local\Programs\Python\Python310\lib\site-packages\django\template\engine.py", line 157, in find_template
    template = loader.get_template(name, skip=skip)
  File "C:\Users\T\AppData\Local\Programs\Python\Python310\lib\site-packages\django\template\loaders\cached.py", line 57, in get_template
    template = super().get_template(template_name, skip)
  File "C:\Users\T\AppData\Local\Programs\Python\Python310\lib\site-packages\django\template\loaders\base.py", line 28, in get_template
    return Template(
  File "C:\Users\T\AppData\Local\Programs\Python\Python310\lib\site-packages\django\template\base.py", line 154, in __init__
    self.nodelist = self.compile_nodelist()
  File "C:\Users\T\AppData\Local\Programs\Python\Python310\lib\site-packages\django\template\base.py", line 200, in compile_nodelist
    return parser.parse()
  File "C:\Users\T\AppData\Local\Programs\Python\Python310\lib\site-packages\django\template\base.py", line 513, in parse
    raise self.error(token, e)
  File "C:\Users\T\AppData\Local\Programs\Python\Python310\lib\site-packages\django\template\base.py", line 511, in parse
    compiled_result = compile_func(self, token)
  File "C:\Users\T\AppData\Local\Programs\Python\Python310\lib\site-packages\django\template\loader_tags.py", line 293, in do_extends
    nodelist = parser.parse()
  File "C:\Users\T\AppData\Local\Programs\Python\Python310\lib\site-packages\django\template\base.py", line 513, in parse
    raise self.error(token, e)
  File "C:\Users\T\AppData\Local\Programs\Python\Python310\lib\site-packages\django\template\base.py", line 511, in parse
    compiled_result = compile_func(self, token)
  File "C:\Users\T\AppData\Local\Programs\Python\Python310\lib\site-packages\django\template\loader_tags.py", line 232, in do_block
    nodelist = parser.parse(("endblock",))
  File "C:\Users\T\AppData\Local\Programs\Python\Python310\lib\site-packages\django\template\base.py", line 513, in parse
    raise self.error(token, e)
  File "C:\Users\T\AppData\Local\Programs\Python\Python310\lib\site-packages\django\template\base.py", line 511, in parse
    compiled_result = compile_func(self, token)
  File "C:\Users\T\AppData\Local\Programs\Python\Python310\lib\site-packages\django\template\defaulttags.py", line 953, in do_if
    nodelist = parser.parse(("elif", "else", "endif"))
  File "C:\Users\T\AppData\Local\Programs\Python\Python310\lib\site-packages\django\template\base.py", line 513, in parse
    raise self.error(token, e)
  File "C:\Users\T\AppData\Local\Programs\Python\Python310\lib\site-packages\django\template\base.py", line 511, in parse
    compiled_result = compile_func(self, token)
  File "C:\Users\T\AppData\Local\Programs\Python\Python310\lib\site-packages\django\template\defaulttags.py", line 953, in do_if
    nodelist = parser.parse(("elif", "else", "endif"))
  File "C:\Users\T\AppData\Local\Programs\Python\Python310\lib\site-packages\django\template\base.py", line 513, in parse
    raise self.error(token, e)
  File "C:\Users\T\AppData\Local\Programs\Python\Python310\lib\site-packages\django\template\base.py", line 511, in parse
    compiled_result = compile_func(self, token)
  File "C:\Users\T\AppData\Local\Programs\Python\Python310\lib\site-packages\django\template\defaulttags.py", line 853, in do_for
    nodelist_loop = parser.parse(
  File "C:\Users\T\AppData\Local\Programs\Python\Python310\lib\site-packages\django\template\base.py", line 513, in parse
    raise self.error(token, e)
  File "C:\Users\T\AppData\Local\Programs\Python\Python310\lib\site-packages\django\template\base.py", line 511, in parse
    compiled_result = compile_func(self, token)
  File "C:\Users\T\AppData\Local\Programs\Python\Python310\lib\site-packages\django\template\defaulttags.py", line 953, in do_if
    nodelist = parser.parse(("elif", "else", "endif"))
  File "C:\Users\T\AppData\Local\Programs\Python\Python310\lib\site-packages\django\template\base.py", line 513, in parse
    raise self.error(token, e)
  File "C:\Users\T\AppData\Local\Programs\Python\Python310\lib\site-packages\django\template\base.py", line 511, in parse
    compiled_result = compile_func(self, token)
  File "C:\Users\T\AppData\Local\Programs\Python\Python310\lib\site-packages\django\template\defaulttags.py", line 1491, in do_with
    nodelist = parser.parse(("endwith",))
  File "C:\Users\T\AppData\Local\Programs\Python\Python310\lib\site-packages\django\template\base.py", line 507, in parse
    self.invalid_block_tag(token, command, parse_until)
  File "C:\Users\T\AppData\Local\Programs\Python\Python310\lib\site-packages\django\template\base.py", line 558, in invalid_block_tag
    raise self.error(
django.template.exceptions.TemplateSyntaxError: Invalid block tag on line 161: 'else', expected 'endwith'. Did you forget to register or load this tag?
ERROR 2025-12-08 00:35:17,605 basehttp "GET /search/?q=%D8%A5%D9%86%D9%85%D8%A7+%D8%A7%D9%84%D8%A3%D8%B9%D9%85%D8%A7%D9%84+%D8%A8%D8%A7%D9%84%D9%86%D9%8A%D8%A7%D8%AA HTTP/1.1" 500 409101
ERROR 2025-12-08 00:35:18,748 log Internal Server Error: /search/
Traceback (most recent call last):
  File "C:\Users\T\AppData\Local\Programs\Python\Python310\lib\site-packages\django\template\base.py", line 505, in parse
    compile_func = self.tags[command]
KeyError: 'else'

During handling of the above exception, another exception occurred:

Traceback (most recent call last):
  File "C:\Users\T\AppData\Local\Programs\Python\Python310\lib\site-packages\django\core\handlers\exception.py", line 55, in inner
    response = get_response(request)
  File "C:\Users\T\AppData\Local\Programs\Python\Python310\lib\site-packages\django\core\handlers\base.py", line 220, in _get_response
    response = response.render()
  File "C:\Users\T\AppData\Local\Programs\Python\Python310\lib\site-packages\django\template\response.py", line 114, in render
    self.content = self.rendered_content
  File "C:\Users\T\AppData\Local\Programs\Python\Python310\lib\site-packages\django\template\response.py", line 90, in rendered_content
    template = self.resolve_template(self.template_name)
  File "C:\Users\T\AppData\Local\Programs\Python\Python310\lib\site-packages\django\template\response.py", line 72, in resolve_template
    return select_template(template, using=self.using)
  File "C:\Users\T\AppData\Local\Programs\Python\Python310\lib\site-packages\django\template\loader.py", line 42, in select_template
    return engine.get_template(template_name)
  File "C:\Users\T\AppData\Local\Programs\Python\Python310\lib\site-packages\django\template\backends\django.py", line 33, in get_template
    return Template(self.engine.get_template(template_name), self)
  File "C:\Users\T\AppData\Local\Programs\Python\Python310\lib\site-packages\django\template\engine.py", line 175, in get_template
    template, origin = self.find_template(template_name)
  File "C:\Users\T\AppData\Local\Programs\Python\Python310\lib\site-packages\django\template\engine.py", line 157, in find_template
    template = loader.get_template(name, skip=skip)
  File "C:\Users\T\AppData\Local\Programs\Python\Python310\lib\site-packages\django\template\loaders\cached.py", line 57, in get_template
    template = super().get_template(template_name, skip)
  File "C:\Users\T\AppData\Local\Programs\Python\Python310\lib\site-packages\django\template\loaders\base.py", line 28, in get_template
    return Template(
  File "C:\Users\T\AppData\Local\Programs\Python\Python310\lib\site-packages\django\template\base.py", line 154, in __init__
    self.nodelist = self.compile_nodelist()
  File "C:\Users\T\AppData\Local\Programs\Python\Python310\lib\site-packages\django\template\base.py", line 200, in compile_nodelist
    return parser.parse()
  File "C:\Users\T\AppData\Local\Programs\Python\Python310\lib\site-packages\django\template\base.py", line 513, in parse
    raise self.error(token, e)
  File "C:\Users\T\AppData\Local\Programs\Python\Python310\lib\site-packages\django\template\base.py", line 511, in parse
    compiled_result = compile_func(self, token)
  File "C:\Users\T\AppData\Local\Programs\Python\Python310\lib\site-packages\django\template\loader_tags.py", line 293, in do_extends
    nodelist = parser.parse()
  File "C:\Users\T\AppData\Local\Programs\Python\Python310\lib\site-packages\django\template\base.py", line 513, in parse
    raise self.error(token, e)
  File "C:\Users\T\AppData\Local\Programs\Python\Python310\lib\site-packages\django\template\base.py", line 511, in parse
    compiled_result = compile_func(self, token)
  File "C:\Users\T\AppData\Local\Programs\Python\Python310\lib\site-packages\django\template\loader_tags.py", line 232, in do_block
    nodelist = parser.parse(("endblock",))
  File "C:\Users\T\AppData\Local\Programs\Python\Python310\lib\site-packages\django\template\base.py", line 513, in parse
    raise self.error(token, e)
  File "C:\Users\T\AppData\Local\Programs\Python\Python310\lib\site-packages\django\template\base.py", line 511, in parse
    compiled_result = compile_func(self, token)
  File "C:\Users\T\AppData\Local\Programs\Python\Python310\lib\site-packages\django\template\defaulttags.py", line 953, in do_if
    nodelist = parser.parse(("elif", "else", "endif"))
  File "C:\Users\T\AppData\Local\Programs\Python\Python310\lib\site-packages\django\template\base.py", line 513, in parse
    raise self.error(token, e)
  File "C:\Users\T\AppData\Local\Programs\Python\Python310\lib\site-packages\django\template\base.py", line 511, in parse
    compiled_result = compile_func(self, token)
  File "C:\Users\T\AppData\Local\Programs\Python\Python310\lib\site-packages\django\template\defaulttags.py", line 953, in do_if
    nodelist = parser.parse(("elif", "else", "endif"))
  File "C:\Users\T\AppData\Local\Programs\Python\Python310\lib\site-packages\django\template\base.py", line 513, in parse
    raise self.error(token, e)
  File "C:\Users\T\AppData\Local\Programs\Python\Python310\lib\site-packages\django\template\base.py", line 511, in parse
    compiled_result = compile_func(self, token)
  File "C:\Users\T\AppData\Local\Programs\Python\Python310\lib\site-packages\django\template\defaulttags.py", line 853, in do_for
    nodelist_loop = parser.parse(
  File "C:\Users\T\AppData\Local\Programs\Python\Python310\lib\site-packages\django\template\base.py", line 513, in parse
    raise self.error(token, e)
  File "C:\Users\T\AppData\Local\Programs\Python\Python310\lib\site-packages\django\template\base.py", line 511, in parse
    compiled_result = compile_func(self, token)
  File "C:\Users\T\AppData\Local\Programs\Python\Python310\lib\site-packages\django\template\defaulttags.py", line 953, in do_if
    nodelist = parser.parse(("elif", "else", "endif"))
  File "C:\Users\T\AppData\Local\Programs\Python\Python310\lib\site-packages\django\template\base.py", line 513, in parse
    raise self.error(token, e)
  File "C:\Users\T\AppData\Local\Programs\Python\Python310\lib\site-packages\django\template\base.py", line 511, in parse
    compiled_result = compile_func(self, token)
  File "C:\Users\T\AppData\Local\Programs\Python\Python310\lib\site-packages\django\template\defaulttags.py", line 1491, in do_with
    nodelist = parser.parse(("endwith",))
  File "C:\Users\T\AppData\Local\Programs\Python\Python310\lib\site-packages\django\template\base.py", line 507, in parse
    self.invalid_block_tag(token, command, parse_until)
  File "C:\Users\T\AppData\Local\Programs\Python\Python310\lib\site-packages\django\template\base.py", line 558, in invalid_block_tag
    raise self.error(
django.template.exceptions.TemplateSyntaxError: Invalid block tag on line 161: 'else', expected 'endwith'. Did you forget to register or load this tag?
ERROR 2025-12-08 00:35:18,784 basehttp "GET /search/?q=%D8%A5%D9%86%D9%85%D8%A7+%D8%A7%D9%84%D8%A3%D8%B9%D9%85%D8%A7%D9%84+%D8%A8%D8%A7%D9%84%D9%86%D9%8A%D8%A7%D8%AA HTTP/1.1" 500 409101
ERROR 2025-12-08 00:35:20,045 log Internal Server Error: /search/
Traceback (most recent call last):
  File "C:\Users\T\AppData\Local\Programs\Python\Python310\lib\site-packages\django\template\base.py", line 505, in parse
    compile_func = self.tags[command]
KeyError: 'else'

During handling of the above exception, another exception occurred:

Traceback (most recent call last):
  File "C:\Users\T\AppData\Local\Programs\Python\Python310\lib\site-packages\django\core\handlers\exception.py", line 55, in inner
    response = get_response(request)
  File "C:\Users\T\AppData\Local\Programs\Python\Python310\lib\site-packages\django\core\handlers\base.py", line 220, in _get_response
    response = response.render()
  File "C:\Users\T\AppData\Local\Programs\Python\Python310\lib\site-packages\django\template\response.py", line 114, in render
    self.content = self.rendered_content
  File "C:\Users\T\AppData\Local\Programs\Python\Python310\lib\site-packages\django\template\response.py", line 90, in rendered_content
    template = self.resolve_template(self.template_name)
  File "C:\Users\T\AppData\Local\Programs\Python\Python310\lib\site-packages\django\template\response.py", line 72, in resolve_template
    return select_template(template, using=self.using)
  File "C:\Users\T\AppData\Local\Programs\Python\Python310\lib\site-packages\django\template\loader.py", line 42, in select_template
    return engine.get_template(template_name)
  File "C:\Users\T\AppData\Local\Programs\Python\Python310\lib\site-packages\django\template\backends\django.py", line 33, in get_template
    return Template(self.engine.get_template(template_name), self)
  File "C:\Users\T\AppData\Local\Programs\Python\Python310\lib\site-packages\django\template\engine.py", line 175, in get_template
    template, origin = self.find_template(template_name)
  File "C:\Users\T\AppData\Local\Programs\Python\Python310\lib\site-packages\django\template\engine.py", line 157, in find_template
    template = loader.get_template(name, skip=skip)
  File "C:\Users\T\AppData\Local\Programs\Python\Python310\lib\site-packages\django\template\loaders\cached.py", line 57, in get_template
    template = super().get_template(template_name, skip)
  File "C:\Users\T\AppData\Local\Programs\Python\Python310\lib\site-packages\django\template\loaders\base.py", line 28, in get_template
    return Template(
  File "C:\Users\T\AppData\Local\Programs\Python\Python310\lib\site-packages\django\template\base.py", line 154, in __init__
    self.nodelist = self.compile_nodelist()
  File "C:\Users\T\AppData\Local\Programs\Python\Python310\lib\site-packages\django\template\base.py", line 200, in compile_nodelist
    return parser.parse()
  File "C:\Users\T\AppData\Local\Programs\Python\Python310\lib\site-packages\django\template\base.py", line 513, in parse
    raise self.error(token, e)
  File "C:\Users\T\AppData\Local\Programs\Python\Python310\lib\site-packages\django\template\base.py", line 511, in parse
    compiled_result = compile_func(self, token)
  File "C:\Users\T\AppData\Local\Programs\Python\Python310\lib\site-packages\django\template\loader_tags.py", line 293, in do_extends
    nodelist = parser.parse()
  File "C:\Users\T\AppData\Local\Programs\Python\Python310\lib\site-packages\django\template\base.py", line 513, in parse
    raise self.error(token, e)
  File "C:\Users\T\AppData\Local\Programs\Python\Python310\lib\site-packages\django\template\base.py", line 511, in parse
    compiled_result = compile_func(self, token)
  File "C:\Users\T\AppData\Local\Programs\Python\Python310\lib\site-packages\django\template\loader_tags.py", line 232, in do_block
    nodelist = parser.parse(("endblock",))
  File "C:\Users\T\AppData\Local\Programs\Python\Python310\lib\site-packages\django\template\base.py", line 513, in parse
    raise self.error(token, e)
  File "C:\Users\T\AppData\Local\Programs\Python\Python310\lib\site-packages\django\template\base.py", line 511, in parse
    compiled_result = compile_func(self, token)
  File "C:\Users\T\AppData\Local\Programs\Python\Python310\lib\site-packages\django\template\defaulttags.py", line 953, in do_if
    nodelist = parser.parse(("elif", "else", "endif"))
  File "C:\Users\T\AppData\Local\Programs\Python\Python310\lib\site-packages\django\template\base.py", line 513, in parse
    raise self.error(token, e)
  File "C:\Users\T\AppData\Local\Programs\Python\Python310\lib\site-packages\django\template\base.py", line 511, in parse
    compiled_result = compile_func(self, token)
  File "C:\Users\T\AppData\Local\Programs\Python\Python310\lib\site-packages\django\template\defaulttags.py", line 953, in do_if
    nodelist = parser.parse(("elif", "else", "endif"))
  File "C:\Users\T\AppData\Local\Programs\Python\Python310\lib\site-packages\django\template\base.py", line 513, in parse
    raise self.error(token, e)
  File "C:\Users\T\AppData\Local\Programs\Python\Python310\lib\site-packages\django\template\base.py", line 511, in parse
    compiled_result = compile_func(self, token)
  File "C:\Users\T\AppData\Local\Programs\Python\Python310\lib\site-packages\django\template\defaulttags.py", line 853, in do_for
    nodelist_loop = parser.parse(
  File "C:\Users\T\AppData\Local\Programs\Python\Python310\lib\site-packages\django\template\base.py", line 513, in parse
    raise self.error(token, e)
  File "C:\Users\T\AppData\Local\Programs\Python\Python310\lib\site-packages\django\template\base.py", line 511, in parse
    compiled_result = compile_func(self, token)
  File "C:\Users\T\AppData\Local\Programs\Python\Python310\lib\site-packages\django\template\defaulttags.py", line 953, in do_if
    nodelist = parser.parse(("elif", "else", "endif"))
  File "C:\Users\T\AppData\Local\Programs\Python\Python310\lib\site-packages\django\template\base.py", line 513, in parse
    raise self.error(token, e)
  File "C:\Users\T\AppData\Local\Programs\Python\Python310\lib\site-packages\django\template\base.py", line 511, in parse
    compiled_result = compile_func(self, token)
  File "C:\Users\T\AppData\Local\Programs\Python\Python310\lib\site-packages\django\template\defaulttags.py", line 1491, in do_with
    nodelist = parser.parse(("endwith",))
  File "C:\Users\T\AppData\Local\Programs\Python\Python310\lib\site-packages\django\template\base.py", line 507, in parse
    self.invalid_block_tag(token, command, parse_until)
  File "C:\Users\T\AppData\Local\Programs\Python\Python310\lib\site-packages\django\template\base.py", line 558, in invalid_block_tag
    raise self.error(
django.template.exceptions.TemplateSyntaxError: Invalid block tag on line 161: 'else', expected 'endwith'. Did you forget to register or load this tag?
ERROR 2025-12-08 00:35:20,081 basehttp "GET /search/?q=%D8%A5%D9%86%D9%85%D8%A7+%D8%A7%D9%84%D8%A3%D8%B9%D9%85%D8%A7%D9%84+%D8%A8%D8%A7%D9%84%D9%86%D9%8A%D8%A7%D8%AA HTTP/1.1" 500 409101
ERROR 2025-12-08 00:37:25,855 log Internal Server Error: /search/
Traceback (most recent call last):
  File "C:\Users\T\AppData\Local\Programs\Python\Python310\lib\site-packages\django\core\handlers\exception.py", line 55, in inner
    response = get_response(request)
  File "C:\Users\T\AppData\Local\Programs\Python\Python310\lib\site-packages\django\core\handlers\base.py", line 220, in _get_response
    response = response.render()
  File "C:\Users\T\AppData\Local\Programs\Python\Python310\lib\site-packages\django\template\response.py", line 114, in render
    self.content = self.rendered_content
  File "C:\Users\T\AppData\Local\Programs\Python\Python310\lib\site-packages\django\template\response.py", line 90, in rendered_content
    template = self.resolve_template(self.template_name)
  File "C:\Users\T\AppData\Local\Programs\Python\Python310\lib\site-packages\django\template\response.py", line 72, in resolve_template
    return select_template(template, using=self.using)
  File "C:\Users\T\AppData\Local\Programs\Python\Python310\lib\site-packages\django\template\loader.py", line 42, in select_template
    return engine.get_template(template_name)
  File "C:\Users\T\AppData\Local\Programs\Python\Python310\lib\site-packages\django\template\backends\django.py", line 33, in get_template
    return Template(self.engine.get_template(template_name), self)
  File "C:\Users\T\AppData\Local\Programs\Python\Python310\lib\site-packages\django\template\engine.py", line 175, in get_template
    template, origin = self.find_template(template_name)
  File "C:\Users\T\AppData\Local\Programs\Python\Python310\lib\site-packages\django\template\engine.py", line 157, in find_template
    template = loader.get_template(name, skip=skip)
  File "C:\Users\T\AppData\Local\Programs\Python\Python310\lib\site-packages\django\template\loaders\cached.py", line 57, in get_template
    template = super().get_template(template_name, skip)
  File "C:\Users\T\AppData\Local\Programs\Python\Python310\lib\site-packages\django\template\loaders\base.py", line 28, in get_template
    return Template(
  File "C:\Users\T\AppData\Local\Programs\Python\Python310\lib\site-packages\django\template\base.py", line 154, in __init__
    self.nodelist = self.compile_nodelist()
  File "C:\Users\T\AppData\Local\Programs\Python\Python310\lib\site-packages\django\template\base.py", line 200, in compile_nodelist
    return parser.parse()
  File "C:\Users\T\AppData\Local\Programs\Python\Python310\lib\site-packages\django\template\base.py", line 513, in parse
    raise self.error(token, e)
  File "C:\Users\T\AppData\Local\Programs\Python\Python310\lib\site-packages\django\template\base.py", line 511, in parse
    compiled_result = compile_func(self, token)
  File "C:\Users\T\AppData\Local\Programs\Python\Python310\lib\site-packages\django\template\loader_tags.py", line 293, in do_extends
    nodelist = parser.parse()
  File "C:\Users\T\AppData\Local\Programs\Python\Python310\lib\site-packages\django\template\base.py", line 513, in parse
    raise self.error(token, e)
  File "C:\Users\T\AppData\Local\Programs\Python\Python310\lib\site-packages\django\template\base.py", line 511, in parse
    compiled_result = compile_func(self, token)
  File "C:\Users\T\AppData\Local\Programs\Python\Python310\lib\site-packages\django\template\loader_tags.py", line 232, in do_block
    nodelist = parser.parse(("endblock",))
  File "C:\Users\T\AppData\Local\Programs\Python\Python310\lib\site-packages\django\template\base.py", line 484, in parse
    raise self.error(token, e)
  File "C:\Users\T\AppData\Local\Programs\Python\Python310\lib\site-packages\django\template\base.py", line 482, in parse
    filter_expression = self.compile_filter(token.contents)
  File "C:\Users\T\AppData\Local\Programs\Python\Python310\lib\site-packages\django\template\base.py", line 600, in compile_filter
    return FilterExpression(token, self)
  File "C:\Users\T\AppData\Local\Programs\Python\Python310\lib\site-packages\django\template\base.py", line 698, in __init__
    filter_func = parser.find_filter(filter_name)
  File "C:\Users\T\AppData\Local\Programs\Python\Python310\lib\site-packages\django\template\base.py", line 606, in find_filter
    raise TemplateSyntaxError("Invalid filter: '%s'" % filter_name)
django.template.exceptions.TemplateSyntaxError: Invalid filter: 'add_class'
ERROR 2025-12-08 00:37:25,886 basehttp "GET /search/?q=%D8%A5%D9%86%D9%85%D8%A7+%D8%A7%D9%84%D8%A3%D8%B9%D9%85%D8%A7%D9%84+%D8%A8%D8%A7%D9%84%D9%86%D9%8A%D8%A7%D8%AA HTTP/1.1" 500 271058
ERROR 2025-12-08 00:37:27,114 log Internal Server Error: /search/
Traceback (most recent call last):
  File "C:\Users\T\AppData\Local\Programs\Python\Python310\lib\site-packages\django\core\handlers\exception.py", line 55, in inner
    response = get_response(request)
  File "C:\Users\T\AppData\Local\Programs\Python\Python310\lib\site-packages\django\core\handlers\base.py", line 220, in _get_response
    response = response.render()
  File "C:\Users\T\AppData\Local\Programs\Python\Python310\lib\site-packages\django\template\response.py", line 114, in render
    self.content = self.rendered_content
  File "C:\Users\T\AppData\Local\Programs\Python\Python310\lib\site-packages\django\template\response.py", line 90, in rendered_content
    template = self.resolve_template(self.template_name)
  File "C:\Users\T\AppData\Local\Programs\Python\Python310\lib\site-packages\django\template\response.py", line 72, in resolve_template
    return select_template(template, using=self.using)
  File "C:\Users\T\AppData\Local\Programs\Python\Python310\lib\site-packages\django\template\loader.py", line 42, in select_template
    return engine.get_template(template_name)
  File "C:\Users\T\AppData\Local\Programs\Python\Python310\lib\site-packages\django\template\backends\django.py", line 33, in get_template
    return Template(self.engine.get_template(template_name), self)
  File "C:\Users\T\AppData\Local\Programs\Python\Python310\lib\site-packages\django\template\engine.py", line 175, in get_template
    template, origin = self.find_template(template_name)
  File "C:\Users\T\AppData\Local\Programs\Python\Python310\lib\site-packages\django\template\engine.py", line 157, in find_template
    template = loader.get_template(name, skip=skip)
  File "C:\Users\T\AppData\Local\Programs\Python\Python310\lib\site-packages\django\template\loaders\cached.py", line 57, in get_template
    template = super().get_template(template_name, skip)
  File "C:\Users\T\AppData\Local\Programs\Python\Python310\lib\site-packages\django\template\loaders\base.py", line 28, in get_template
    return Template(
  File "C:\Users\T\AppData\Local\Programs\Python\Python310\lib\site-packages\django\template\base.py", line 154, in __init__
    self.nodelist = self.compile_nodelist()
  File "C:\Users\T\AppData\Local\Programs\Python\Python310\lib\site-packages\django\template\base.py", line 200, in compile_nodelist
    return parser.parse()
  File "C:\Users\T\AppData\Local\Programs\Python\Python310\lib\site-packages\django\template\base.py", line 513, in parse
    raise self.error(token, e)
  File "C:\Users\T\AppData\Local\Programs\Python\Python310\lib\site-packages\django\template\base.py", line 511, in parse
    compiled_result = compile_func(self, token)
  File "C:\Users\T\AppData\Local\Programs\Python\Python310\lib\site-packages\django\template\loader_tags.py", line 293, in do_extends
    nodelist = parser.parse()
  File "C:\Users\T\AppData\Local\Programs\Python\Python310\lib\site-packages\django\template\base.py", line 513, in parse
    raise self.error(token, e)
  File "C:\Users\T\AppData\Local\Programs\Python\Python310\lib\site-packages\django\template\base.py", line 511, in parse
    compiled_result = compile_func(self, token)
  File "C:\Users\T\AppData\Local\Programs\Python\Python310\lib\site-packages\django\template\loader_tags.py", line 232, in do_block
    nodelist = parser.parse(("endblock",))
  File "C:\Users\T\AppData\Local\Programs\Python\Python310\lib\site-packages\django\template\base.py", line 484, in parse
    raise self.error(token, e)
  File "C:\Users\T\AppData\Local\Programs\Python\Python310\lib\site-packages\django\template\base.py", line 482, in parse
    filter_expression = self.compile_filter(token.contents)
  File "C:\Users\T\AppData\Local\Programs\Python\Python310\lib\site-packages\django\template\base.py", line 600, in compile_filter
    return FilterExpression(token, self)
  File "C:\Users\T\AppData\Local\Programs\Python\Python310\lib\site-packages\django\template\base.py", line 698, in __init__
    filter_func = parser.find_filter(filter_name)
  File "C:\Users\T\AppData\Local\Programs\Python\Python310\lib\site-packages\django\template\base.py", line 606, in find_filter
    raise TemplateSyntaxError("Invalid filter: '%s'" % filter_name)
django.template.exceptions.TemplateSyntaxError: Invalid filter: 'add_class'
ERROR 2025-12-08 00:37:27,133 basehttp "GET /search/?q=%D8%A5%D9%86%D9%85%D8%A7+%D8%A7%D9%84%D8%A3%D8%B9%D9%85%D8%A7%D9%84+%D8%A8%D8%A7%D9%84%D9%86%D9%8A%D8%A7%D8%AA HTTP/1.1" 500 271058
ERROR 2025-12-08 00:39:03,185 log Internal Server Error: /search/
Traceback (most recent call last):
  File "C:\Users\T\AppData\Local\Programs\Python\Python310\lib\site-packages\django\template\base.py", line 505, in parse
    compile_func = self.tags[command]
KeyError: 'else'

During handling of the above exception, another exception occurred:

Traceback (most recent call last):
  File "C:\Users\T\AppData\Local\Programs\Python\Python310\lib\site-packages\django\core\handlers\exception.py", line 55, in inner
    response = get_response(request)
  File "C:\Users\T\AppData\Local\Programs\Python\Python310\lib\site-packages\django\core\handlers\base.py", line 220, in _get_response
    response = response.render()
  File "C:\Users\T\AppData\Local\Programs\Python\Python310\lib\site-packages\django\template\response.py", line 114, in render
    self.content = self.rendered_content
  File "C:\Users\T\AppData\Local\Programs\Python\Python310\lib\site-packages\django\template\response.py", line 90, in rendered_content
    template = self.resolve_template(self.template_name)
  File "C:\Users\T\AppData\Local\Programs\Python\Python310\lib\site-packages\django\template\response.py", line 72, in resolve_template
    return select_template(template, using=self.using)
  File "C:\Users\T\AppData\Local\Programs\Python\Python310\lib\site-packages\django\template\loader.py", line 42, in select_template
    return engine.get_template(template_name)
  File "C:\Users\T\AppData\Local\Programs\Python\Python310\lib\site-packages\django\template\backends\django.py", line 33, in get_template
    return Template(self.engine.get_template(template_name), self)
  File "C:\Users\T\AppData\Local\Programs\Python\Python310\lib\site-packages\django\template\engine.py", line 175, in get_template
    template, origin = self.find_template(template_name)
  File "C:\Users\T\AppData\Local\Programs\Python\Python310\lib\site-packages\django\template\engine.py", line 157, in find_template
    template = loader.get_template(name, skip=skip)
  File "C:\Users\T\AppData\Local\Programs\Python\Python310\lib\site-packages\django\template\loaders\cached.py", line 57, in get_template
    template = super().get_template(template_name, skip)
  File "C:\Users\T\AppData\Local\Programs\Python\Python310\lib\site-packages\django\template\loaders\base.py", line 28, in get_template
    return Template(
  File "C:\Users\T\AppData\Local\Programs\Python\Python310\lib\site-packages\django\template\base.py", line 154, in __init__
    self.nodelist = self.compile_nodelist()
  File "C:\Users\T\AppData\Local\Programs\Python\Python310\lib\site-packages\django\template\base.py", line 200, in compile_nodelist
    return parser.parse()
  File "C:\Users\T\AppData\Local\Programs\Python\Python310\lib\site-packages\django\template\base.py", line 513, in parse
    raise self.error(token, e)
  File "C:\Users\T\AppData\Local\Programs\Python\Python310\lib\site-packages\django\template\base.py", line 511, in parse
    compiled_result = compile_func(self, token)
  File "C:\Users\T\AppData\Local\Programs\Python\Python310\lib\site-packages\django\template\loader_tags.py", line 293, in do_extends
    nodelist = parser.parse()
  File "C:\Users\T\AppData\Local\Programs\Python\Python310\lib\site-packages\django\template\base.py", line 513, in parse
    raise self.error(token, e)
  File "C:\Users\T\AppData\Local\Programs\Python\Python310\lib\site-packages\django\template\base.py", line 511, in parse
    compiled_result = compile_func(self, token)
  File "C:\Users\T\AppData\Local\Programs\Python\Python310\lib\site-packages\django\template\loader_tags.py", line 232, in do_block
    nodelist = parser.parse(("endblock",))
  File "C:\Users\T\AppData\Local\Programs\Python\Python310\lib\site-packages\django\template\base.py", line 513, in parse
    raise self.error(token, e)
  File "C:\Users\T\AppData\Local\Programs\Python\Python310\lib\site-packages\django\template\base.py", line 511, in parse
    compiled_result = compile_func(self, token)
  File "C:\Users\T\AppData\Local\Programs\Python\Python310\lib\site-packages\django\template\defaulttags.py", line 953, in do_if
    nodelist = parser.parse(("elif", "else", "endif"))
  File "C:\Users\T\AppData\Local\Programs\Python\Python310\lib\site-packages\django\template\base.py", line 513, in parse
    raise self.error(token, e)
  File "C:\Users\T\AppData\Local\Programs\Python\Python310\lib\site-packages\django\template\base.py", line 511, in parse
    compiled_result = compile_func(self, token)
  File "C:\Users\T\AppData\Local\Programs\Python\Python310\lib\site-packages\django\template\defaulttags.py", line 953, in do_if
    nodelist = parser.parse(("elif", "else", "endif"))
  File "C:\Users\T\AppData\Local\Programs\Python\Python310\lib\site-packages\django\template\base.py", line 513, in parse
    raise self.error(token, e)
  File "C:\Users\T\AppData\Local\Programs\Python\Python310\lib\site-packages\django\template\base.py", line 511, in parse
    compiled_result = compile_func(self, token)
  File "C:\Users\T\AppData\Local\Programs\Python\Python310\lib\site-packages\django\template\defaulttags.py", line 853, in do_for
    nodelist_loop = parser.parse(
  File "C:\Users\T\AppData\Local\Programs\Python\Python310\lib\site-packages\django\template\base.py", line 513, in parse
    raise self.error(token, e)
  File "C:\Users\T\AppData\Local\Programs\Python\Python310\lib\site-packages\django\template\base.py", line 511, in parse
    compiled_result = compile_func(self, token)
  File "C:\Users\T\AppData\Local\Programs\Python\Python310\lib\site-packages\django\template\defaulttags.py", line 953, in do_if
    nodelist = parser.parse(("elif", "else", "endif"))
  File "C:\Users\T\AppData\Local\Programs\Python\Python310\lib\site-packages\django\template\base.py", line 513, in parse
    raise self.error(token, e)
  File "C:\Users\T\AppData\Local\Programs\Python\Python310\lib\site-packages\django\template\base.py", line 511, in parse
    compiled_result = compile_func(self, token)
  File "C:\Users\T\AppData\Local\Programs\Python\Python310\lib\site-packages\django\template\defaulttags.py", line 1491, in do_with
    nodelist = parser.parse(("endwith",))
  File "C:\Users\T\AppData\Local\Programs\Python\Python310\lib\site-packages\django\template\base.py", line 507, in parse
    self.invalid_block_tag(token, command, parse_until)
  File "C:\Users\T\AppData\Local\Programs\Python\Python310\lib\site-packages\django\template\base.py", line 558, in invalid_block_tag
    raise self.error(
django.template.exceptions.TemplateSyntaxError: Invalid block tag on line 68: 'else', expected 'endwith'. Did you forget to register or load this tag?
ERROR 2025-12-08 00:39:03,239 basehttp "GET /search/?q=%D8%A5%D9%86%D9%85%D8%A7+%D8%A7%D9%84%D8%A3%D8%B9%D9%85%D8%A7%D9%84+%D8%A8%D8%A7%D9%84%D9%86%D9%8A%D8%A7%D8%AA HTTP/1.1" 500 417825
INFO 2025-12-08 00:40:45,427 basehttp "GET /search/?q=%D8%A5%D9%86%D9%85%D8%A7+%D8%A7%D9%84%D8%A3%D8%B9%D9%85%D8%A7%D9%84+%D8%A8%D8%A7%D9%84%D9%86%D9%8A%D8%A7%D8%AA HTTP/1.1" 200 29141
INFO 2025-12-08 00:40:53,431 basehttp "GET /search/?q=%D8%A5%D9%86%D9%85%D8%A7+%D8%A7%D9%84%D8%A3%D8%B9%D9%85%D8%A7%D9%84+%D8%A8%D8%A7%D9%84%D9%86%D9%8A%D8%A7%D8%AA&search_in=all HTTP/1.1" 200 29150
WARNING 2025-12-08 00:41:14,631 log Not Found: /api/hadith/suggestions/
WARNING 2025-12-08 00:41:14,633 basehttp "GET /api/hadith/suggestions/?q=%D9%85%D9%8E%D8%A7%20%D9%84%D9%90%D8%B9%D9%8E%D8%A8%D9%92%D8%AF%D9%90%D9%8A%20%D8%A7%D9%84%D9%85%D9%8F%D8%A4%D9%92%D9%85%D9%90%D9%86%D9%90%20%D8%B9%D9%90%D9%86%D9%92%D8%AF%D9%90%D9%8A%20%D8%AC%D9%8E%D8%B2%D9%8E%D8%A7%D8%A1%D9%8C%D8%8C%20%D8%A5%D9%90%D8%B0%D8%A7%20%D9%82%D9%8E%D8%A8%D9%8E%D8%B6%D9%92%D8%AA%D9%8F%20%D8%B5%D9%8E%D9%81%D9%90%D9%8A%D9%91%D9%8E%D9%87%D9%8F%D8%8C%20%D9%85%D9%90%D9%86%D9%92%20%D8%A3%D9%8E%D9%87%D9%84%D9%90%20%D8%A7%D9%84%D8%AF%D9%91%D9%8F%D9%86%D9%92%D9%8A%D9%8E%D8%A7%D8%8C%20%D8%AB%D9%8F%D9%85%D9%91%D9%8E%20%D8%A7%D8%AD%D9%92%D8%AA%D9%8E%D8%B3%D8%A8%D9%8E%D9%87%D9%8F%D8%8C%20%D8%A5%D9%90%D9%84%D9%91%D9%8E%D8%A7%20%D8%A7%D9%84%D8%AC%D9%8E%D9%86%D9%91%D9%8E%D8%A9%D9%8E HTTP/1.1" 404 10614
INFO 2025-12-08 00:41:15,534 basehttp "GET /search/?q=+%D9%85%D9%8E%D8%A7+%D9%84%D9%90%D8%B9%D9%8E%D8%A8%D9%92%D8%AF%D9%90%D9%8A+%D8%A7%D9%84%D9%85%D9%8F%D8%A4%D9%92%D9%85%D9%90%D9%86%D9%90+%D8%B9%D9%90%D9%86%D9%92%D8%AF%D9%90%D9%8A+%D8%AC%D9%8E%D8%B2%D9%8E%D8%A7%D8%A1%D9%8C%D8%8C+%D8%A5%D9%90%D8%B0%D8%A7+%D9%82%D9%8E%D8%A8%D9%8E%D8%B6%D9%92%D8%AA%D9%8F+%D8%B5%D9%8E%D9%81%D9%90%D9%8A%D9%91%D9%8E%D9%87%D9%8F%D8%8C+%D9%85%D9%90%D9%86%D9%92+%D8%A3%D9%8E%D9%87%D9%84%D9%90+%D8%A7%D9%84%D8%AF%D9%91%D9%8F%D9%86%D9%92%D9%8A%D9%8E%D8%A7%D8%8C+%D8%AB%D9%8F%D9%85%D9%91%D9%8E+%D8%A7%D8%AD%D9%92%D8%AA%D9%8E%D8%B3%D8%A8%D9%8E%D9%87%D9%8F%D8%8C+%D8%A5%D9%90%D9%84%D9%91%D9%8E%D8%A7+%D8%A7%D9%84%D8%AC%D9%8E%D9%86%D9%91%D9%8E%D8%A9%D9%8E+ HTTP/1.1" 200 29735
INFO 2025-12-08 00:41:25,367 basehttp "GET /search/?q=+%D9%85%D9%8E%D8%A7+%D9%84%D9%90%D8%B9%D9%8E%D8%A8%D9%92%D8%AF%D9%90%D9%8A+%D8%A7%D9%84%D9%85%D9%8F%D8%A4%D9%92%D9%85%D9%90%D9%86%D9%90+%D8%B9%D9%90%D9%86%D9%92%D8%AF%D9%90%D9%8A+%D8%AC%D9%8E%D8%B2%D9%8E%D8%A7%D8%A1%D9%8C%D8%8C+%D8%A5%D9%90%D8%B0%D8%A7+%D9%82%D9%8E%D8%A8%D9%8E%D8%B6%D9%92%D8%AA%D9%8F+%D8%B5%D9%8E%D9%81%D9%90%D9%8A%D9%91%D9%8E%D9%87%D9%8F%D8%8C+%D9%85%D9%90%D9%86%D9%92+%D8%A3%D9%8E%D9%87%D9%84%D9%90+%D8%A7%D9%84%D8%AF%D9%91%D9%8F%D9%86%D9%92%D9%8A%D9%8E%D8%A7%D8%8C+%D8%AB%D9%8F%D9%85%D9%91%D9%8E+%D8%A7%D8%AD%D9%92%D8%AA%D9%8E%D8%B3%D8%A8%D9%8E%D9%87%D9%8F%D8%8C+%D8%A5%D9%90%D9%84%D9%91%D9%8E%D8%A7+%D8%A7%D9%84%D8%AC%D9%8E%D9%86%D9%91%D9%8E%D8%A9%D9%8E+&search_in=all&grade_filter=sahih HTTP/1.1" 200 29752
INFO 2025-12-08 00:43:22,494 basehttp "GET /search/?q=+%D9%85%D9%8E%D8%A7+%D9%84%D9%90%D8%B9%D9%8E%D8%A8%D9%92%D8%AF%D9%90%D9%8A+%D8%A7%D9%84%D9%85%D9%8F%D8%A4%D9%92%D9%85%D9%90%D9%86%D9%90+%D8%B9%D9%90%D9%86%D9%92%D8%AF%D9%90%D9%8A+%D8%AC%D9%8E%D8%B2%D9%8E%D8%A7%D8%A1%D9%8C%D8%8C+%D8%A5%D9%90%D8%B0%D8%A7+%D9%82%D9%8E%D8%A8%D9%8E%D8%B6%D9%92%D8%AA%D9%8F+%D8%B5%D9%8E%D9%81%D9%90%D9%8A%D9%91%D9%8E%D9%87%D9%8F%D8%8C+%D9%85%D9%90%D9%86%D9%92+%D8%A3%D9%8E%D9%87%D9%84%D9%90+%D8%A7%D9%84%D8%AF%D9%91%D9%8F%D9%86%D9%92%D9%8A%D9%8E%D8%A7%D8%8C+%D8%AB%D9%8F%D9%85%D9%91%D9%8E+%D8%A7%D8%AD%D9%92%D8%AA%D9%8E%D8%B3%D8%A8%D9%8E%D9%87%D9%8F%D8%8C+%D8%A5%D9%90%D9%84%D9%91%D9%8E%D8%A7+%D8%A7%D9%84%D8%AC%D9%8E%D9%86%D9%91%D9%8E%D8%A9%D9%8E+&search_in=all&grade_filter=sahih HTTP/1.1" 200 29752
WARNING 2025-12-08 00:43:27,219 log Not Found: /api/hadith/suggestions/
WARNING 2025-12-08 00:43:27,227 basehttp "GET /api/hadith/suggestions/?q=%D9%85%D9%8E%D8%A7%20%D9%84%D9%90%D8%B9%D9%8E%D8%A8%D9%92%D8%AF%D9%90%D9%8A%20%D8%A7%D9%84%D9%85%D9%8F%D8%A4%D9%92%D9%85%D9%90%D9%86%D9%90 HTTP/1.1" 404 10050
WARNING 2025-12-08 00:43:29,996 log Not Found: /api/hadith/suggestions/
WARNING 2025-12-08 00:43:29,998 basehttp "GET /api/hadith/suggestions/?q=%D8%A7%D9%84%D9%85%D9%8F%D8%A4%D9%92%D9%85%D9%90%D9%86%D9%90 HTTP/1.1" 404 9972
INFO 2025-12-08 00:43:30,421 basehttp "GET /search/?q=+%D8%A7%D9%84%D9%85%D9%8F%D8%A4%D9%92%D9%85%D9%90%D9%86%D9%90+ HTTP/1.1" 200 29093
INFO 2025-12-08 00:43:35,851 basehttp "GET /search/?q=+%D8%A7%D9%84%D9%85%D9%8F%D8%A4%D9%92%D9%85%D9%90%D9%86%D9%90+&search_in=all HTTP/1.1" 200 29102
INFO 2025-12-08 00:43:37,071 basehttp "GET /search/?q=+%D8%A7%D9%84%D9%85%D9%8F%D8%A4%D9%92%D9%85%D9%90%D9%86%D9%90+&search_in=all HTTP/1.1" 200 29102
INFO 2025-12-08 00:44:53,895 basehttp "GET /document-analysis/dashboard/ HTTP/1.1" 200 101064
INFO 2025-12-08 00:45:26,750 basehttp "POST /api/document-analysis/analyses/ HTTP/1.1" 201 369
INFO 2025-12-08 00:45:30,593 basehttp - Broken pipe from ('127.0.0.1', 53790)
INFO 2025-12-08 00:45:30,739 basehttp "GET /document-analysis/dashboard/ HTTP/1.1" 200 103117
INFO 2025-12-08 00:45:33,027 basehttp "GET /api/document-analysis/analyses/31/ HTTP/1.1" 200 1422
INFO 2025-12-08 00:48:06,926 basehttp "GET /document-analysis/dashboard/ HTTP/1.1" 200 103117
INFO 2025-12-08 00:48:19,634 basehttp "POST /api/document-analysis/analyses/ HTTP/1.1" 201 369
INFO 2025-12-08 00:48:27,510 basehttp - Broken pipe from ('127.0.0.1', 54742)
INFO 2025-12-08 00:48:27,884 basehttp "GET /document-analysis/dashboard/ HTTP/1.1" 200 105170
INFO 2025-12-08 00:48:34,336 basehttp "GET /api/document-analysis/analyses/32/ HTTP/1.1" 200 1422
INFO 2025-12-08 00:50:20,517 basehttp "GET /document-analysis/dashboard/ HTTP/1.1" 200 105170
INFO 2025-12-08 00:50:24,226 basehttp "GET /document-analysis/dashboard/ HTTP/1.1" 200 105170
INFO 2025-12-08 00:51:58,569 autoreload Watching for file changes with StatReloader
INFO 2025-12-08 00:52:47,451 basehttp "GET /document-analysis/dashboard/ HTTP/1.1" 200 105170
INFO 2025-12-08 00:52:49,448 basehttp "GET /document-analysis/dashboard/ HTTP/1.1" 200 105170
INFO 2025-12-08 00:53:11,787 basehttp "POST /api/document-analysis/analyses/ HTTP/1.1" 201 369
INFO 2025-12-08 00:53:15,806 basehttp - Broken pipe from ('127.0.0.1', 55168)
INFO 2025-12-08 00:53:16,050 basehttp "GET /document-analysis/dashboard/ HTTP/1.1" 200 107223
INFO 2025-12-08 00:53:23,568 basehttp "GET /api/document-analysis/analyses/33/ HTTP/1.1" 200 1422
INFO 2025-12-08 00:57:29,408 basehttp "GET /document-analysis/dashboard/ HTTP/1.1" 200 107223
INFO 2025-12-08 00:57:48,516 basehttp "POST /api/document-analysis/analyses/ HTTP/1.1" 201 345
INFO 2025-12-08 00:57:52,191 basehttp - Broken pipe from ('127.0.0.1', 55573)
INFO 2025-12-08 00:57:52,366 basehttp "GET /document-analysis/dashboard/ HTTP/1.1" 200 109260
INFO 2025-12-08 00:57:58,319 basehttp "GET /api/document-analysis/analyses/34/ HTTP/1.1" 200 1063
INFO 2025-12-08 01:00:55,267 autoreload D:\sanad-system\sanad_system\document_analysis\document_analyzer.py changed, reloading.
INFO 2025-12-08 01:01:03,556 autoreload Watching for file changes with StatReloader
INFO 2025-12-08 01:01:37,042 basehttp "GET /document-analysis/dashboard/ HTTP/1.1" 200 109260
INFO 2025-12-08 01:01:37,126 basehttp "GET /static/css/interactive.css HTTP/1.1" 304 0
INFO 2025-12-08 01:01:53,993 basehttp "POST /api/document-analysis/analyses/ HTTP/1.1" 201 369
INFO 2025-12-08 01:02:01,016 basehttp - Broken pipe from ('127.0.0.1', 55927)
INFO 2025-12-08 01:02:01,172 basehttp "GET /document-analysis/dashboard/ HTTP/1.1" 200 111313
INFO 2025-12-08 01:02:03,501 basehttp "GET /api/document-analysis/analyses/35/ HTTP/1.1" 200 1087
INFO 2025-12-08 01:09:22,199 basehttp "GET /hadith/create/ HTTP/1.1" 200 30490
INFO 2025-12-08 01:09:22,326 basehttp "GET /static/css/style.css HTTP/1.1" 304 0
INFO 2025-12-08 01:09:22,470 basehttp "GET /static/js/main.js HTTP/1.1" 304 0
INFO 2025-12-08 01:10:07,416 basehttp "POST /hadith/create/ HTTP/1.1" 302 0
INFO 2025-12-08 01:10:07,598 basehttp "GET /hadith/ HTTP/1.1" 200 62043
INFO 2025-12-08 01:10:16,611 basehttp "GET /document-analysis/dashboard/ HTTP/1.1" 200 111313
INFO 2025-12-08 01:10:59,291 basehttp "POST /api/document-analysis/analyses/ HTTP/1.1" 201 369
INFO 2025-12-08 01:11:03,096 basehttp - Broken pipe from ('127.0.0.1', 56734)
INFO 2025-12-08 01:11:03,462 basehttp "GET /document-analysis/dashboard/ HTTP/1.1" 200 113366
INFO 2025-12-08 01:11:07,091 basehttp "GET /api/document-analysis/analyses/36/ HTTP/1.1" 200 1250
INFO 2025-12-08 01:13:32,820 basehttp "GET /hadith/ HTTP/1.1" 200 61829
INFO 2025-12-08 01:13:35,542 basehttp "GET /hadith/217/ HTTP/1.1" 200 26959
INFO 2025-12-08 01:13:38,431 basehttp "GET /hadith/217/update/ HTTP/1.1" 200 30854
INFO 2025-12-08 01:13:59,504 basehttp "POST /hadith/217/update/ HTTP/1.1" 302 0
INFO 2025-12-08 01:13:59,638 basehttp "GET /hadith/ HTTP/1.1" 200 62056
INFO 2025-12-08 01:14:07,827 basehttp "GET /document-analysis/dashboard/ HTTP/1.1" 200 113366
INFO 2025-12-08 01:14:31,573 basehttp "POST /api/document-analysis/analyses/ HTTP/1.1" 201 369
INFO 2025-12-08 01:14:35,847 basehttp - Broken pipe from ('127.0.0.1', 57099)
INFO 2025-12-08 01:14:36,213 basehttp "GET /document-analysis/dashboard/ HTTP/1.1" 200 115419
INFO 2025-12-08 01:14:39,452 basehttp "GET /api/document-analysis/analyses/37/ HTTP/1.1" 200 1263
INFO 2025-12-08 01:15:55,670 basehttp "GET /hadith/ HTTP/1.1" 200 61842
INFO 2025-12-08 01:15:59,034 basehttp "GET /hadith/217/ HTTP/1.1" 200 26972
INFO 2025-12-08 01:16:01,554 basehttp "GET /hadith/217/update/ HTTP/1.1" 200 30867
INFO 2025-12-08 01:16:17,493 basehttp "POST /hadith/217/update/ HTTP/1.1" 302 0
INFO 2025-12-08 01:16:17,585 basehttp "GET /hadith/ HTTP/1.1" 200 62056
INFO 2025-12-08 01:17:06,037 basehttp "GET /hadith/217/ HTTP/1.1" 200 26972
INFO 2025-12-08 01:17:08,845 basehttp "GET /hadith/217/update/ HTTP/1.1" 200 30867
INFO 2025-12-08 01:18:40,324 basehttp "GET /hadith/ HTTP/1.1" 200 61842
INFO 2025-12-08 01:20:55,359 basehttp "GET /hadith/217/ HTTP/1.1" 200 26972
INFO 2025-12-08 01:20:57,930 basehttp "GET /hadith/217/update/ HTTP/1.1" 200 30867
INFO 2025-12-08 01:21:08,272 basehttp "POST /hadith/217/update/ HTTP/1.1" 302 0
INFO 2025-12-08 01:21:08,378 basehttp "GET /hadith/ HTTP/1.1" 200 62137
INFO 2025-12-08 01:21:17,139 basehttp "GET /document-analysis/dashboard/ HTTP/1.1" 200 115419
INFO 2025-12-08 01:22:15,484 basehttp "POST /api/document-analysis/analyses/ HTTP/1.1" 201 345
INFO 2025-12-08 01:22:20,096 basehttp - Broken pipe from ('127.0.0.1', 57715)
INFO 2025-12-08 01:22:20,272 basehttp "GET /document-analysis/dashboard/ HTTP/1.1" 200 117456
INFO 2025-12-08 01:22:23,591 basehttp "GET /api/document-analysis/analyses/38/ HTTP/1.1" 200 1979
INFO 2025-12-09 09:34:04,847 autoreload Watching for file changes with StatReloader
INFO 2025-12-09 09:38:36,497 basehttp "GET / HTTP/1.1" 200 24364
INFO 2025-12-09 09:38:36,722 basehttp "GET /static/js/main.js HTTP/1.1" 304 0
INFO 2025-12-09 09:38:37,024 basehttp "GET /static/css/interactive.css HTTP/1.1" 200 5147
INFO 2025-12-09 09:38:37,028 basehttp "GET /static/css/style.css HTTP/1.1" 200 3761
WARNING 2025-12-09 09:38:37,596 log Not Found: /favicon.ico
WARNING 2025-12-09 09:38:37,640 basehttp "GET /favicon.ico HTTP/1.1" 404 13325
INFO 2025-12-09 09:39:48,231 basehttp "GET /accounts/login/ HTTP/1.1" 200 28654
INFO 2025-12-09 09:39:56,284 basehttp "POST /accounts/login/ HTTP/1.1" 302 0
INFO 2025-12-09 09:39:56,475 basehttp "GET /hadith/ HTTP/1.1" 200 61919
INFO 2025-12-09 09:39:59,125 basehttp "GET /hadith/217/ HTTP/1.1" 200 27049
INFO 2025-12-09 09:40:10,946 basehttp "GET /hadith/14 HTTP/1.1" 301 0
WARNING 2025-12-09 09:40:10,992 log Not Found: /hadith/14/
WARNING 2025-12-09 09:40:10,992 basehttp "GET /hadith/14/ HTTP/1.1" 404 5182
INFO 2025-12-09 09:40:16,312 basehttp "GET /hadith/ HTTP/1.1" 200 61919
INFO 2025-12-09 09:40:20,240 basehttp "GET /hadith/?page=3 HTTP/1.1" 200 41499
INFO 2025-12-09 09:40:24,482 basehttp "GET /hadith/?page=5 HTTP/1.1" 200 54995
INFO 2025-12-09 09:40:28,900 basehttp "GET /hadith/?page=7 HTTP/1.1" 200 38231
INFO 2025-12-09 09:40:34,624 basehttp "GET /hadith/1/ HTTP/1.1" 200 34823
INFO 2025-12-09 09:40:40,815 basehttp "GET /sanad/1/tree/ HTTP/1.1" 200 44216
INFO 2025-12-09 09:41:16,724 basehttp "GET /narrators/6/ HTTP/1.1" 200 28162
INFO 2025-12-09 09:41:19,008 basehttp "GET /narrator/6/analysis/ HTTP/1.1" 200 43142
INFO 2025-12-09 09:41:19,143 basehttp "GET /narrator/6/network/ HTTP/1.1" 200 273
INFO 2025-12-09 09:41:25,638 basehttp "GET /narrator/6/timeline/ HTTP/1.1" 200 572
INFO 2025-12-09 09:41:27,631 basehttp "GET /narrator/6/geographical/ HTTP/1.1" 200 206
INFO 2025-12-09 09:41:29,515 basehttp "GET /narrator/6/comparison/ HTTP/1.1" 200 407
INFO 2025-12-09 09:41:35,902 basehttp "GET /narrator/6/geographical/ HTTP/1.1" 200 206
INFO 2025-12-09 09:41:48,263 basehttp "GET /narrators/ HTTP/1.1" 200 34009
INFO 2025-12-09 09:41:53,508 basehttp "GET /narrators/6/ HTTP/1.1" 200 28162
INFO 2025-12-09 09:41:56,824 basehttp "GET /narrators/6/update/ HTTP/1.1" 200 29759
INFO 2025-12-09 09:45:54,208 basehttp "GET /hadith/ HTTP/1.1" 200 61919
INFO 2025-12-09 09:45:57,502 basehttp "GET /hadith/217/ HTTP/1.1" 200 27049
INFO 2025-12-09 09:46:03,058 basehttp "GET /hadith/1/ HTTP/1.1" 200 34823
INFO 2025-12-09 09:47:05,259 basehttp "GET /narrators/3/ HTTP/1.1" 200 27591
INFO 2025-12-09 09:47:09,883 basehttp "GET /narrator/3/analysis/ HTTP/1.1" 200 43040
INFO 2025-12-09 09:47:11,122 basehttp "GET /narrator/3/network/ HTTP/1.1" 200 323
INFO 2025-12-09 09:47:41,629 basehttp "GET /narrator/3/comparison/ HTTP/1.1" 200 457
INFO 2025-12-09 09:50:01,353 autoreload D:\sanad-system\sanad_system\hadith_app\views\narrator_analysis_views.py changed, reloading.
INFO 2025-12-09 09:50:07,468 autoreload Watching for file changes with StatReloader
INFO 2025-12-09 09:52:56,295 autoreload D:\sanad-system\sanad_system\hadith_app\forms\narrator_forms.py changed, reloading.
INFO 2025-12-09 09:53:01,677 autoreload Watching for file changes with StatReloader
INFO 2025-12-09 09:54:29,382 basehttp "GET /narrator/3/analysis/ HTTP/1.1" 200 44064
INFO 2025-12-09 09:54:30,331 basehttp "GET /narrator/3/network/ HTTP/1.1" 200 323
INFO 2025-12-09 09:54:55,554 basehttp "GET /narrator/3/teachers/add/ HTTP/1.1" 200 31917
INFO 2025-12-09 09:55:53,124 basehttp "GET /narrator/3/comparison/ HTTP/1.1" 200 457
INFO 2025-12-09 09:56:08,304 basehttp "GET /narrator/3/teachers/add/ HTTP/1.1" 200 31917
INFO 2025-12-09 09:57:00,929 autoreload D:\sanad-system\sanad_system\hadith_app\forms\narrator_forms.py changed, reloading.
INFO 2025-12-09 09:57:05,277 autoreload Watching for file changes with StatReloader
INFO 2025-12-09 09:57:45,454 autoreload D:\sanad-system\sanad_system\hadith_app\views\narrator_analysis_views.py changed, reloading.
INFO 2025-12-09 09:57:49,713 autoreload Watching for file changes with StatReloader
INFO 2025-12-09 09:58:22,974 basehttp "GET /narrator/3/teachers/add/ HTTP/1.1" 200 33343
INFO 2025-12-09 09:59:17,127 autoreload D:\sanad-system\sanad_system\hadith_app\views\narrator_analysis_views.py changed, reloading.
INFO 2025-12-09 09:59:24,046 autoreload Watching for file changes with StatReloader
INFO 2025-12-09 09:59:51,842 basehttp "GET /narrator/3/teachers/add/ HTTP/1.1" 200 35191
INFO 2025-12-09 10:02:34,016 basehttp "POST /narrator/3/teachers/submit/ HTTP/1.1" 302 0
INFO 2025-12-09 10:02:34,165 basehttp "GET /narrator/3/analysis/ HTTP/1.1" 200 44414
INFO 2025-12-09 10:02:34,398 basehttp "GET /narrator/3/network/ HTTP/1.1" 200 700
INFO 2025-12-09 10:03:05,742 basehttp "GET /narrator/3/teachers/add/ HTTP/1.1" 200 36398
INFO 2025-12-09 10:06:27,638 basehttp "GET /hadith/ HTTP/1.1" 200 61919
INFO 2025-12-09 10:06:34,176 basehttp "GET /hadith/1/ HTTP/1.1" 200 34823
INFO 2025-12-09 10:08:35,376 autoreload D:\sanad-system\sanad_system\hadith_app\models.py changed, reloading.
INFO 2025-12-09 10:08:39,053 autoreload Watching for file changes with StatReloader
INFO 2025-12-09 10:09:05,409 autoreload D:\sanad-system\sanad_system\hadith_app\forms\hadith_forms.py changed, reloading.
INFO 2025-12-09 10:09:08,792 autoreload Watching for file changes with StatReloader
INFO 2025-12-09 10:09:30,575 autoreload D:\sanad-system\sanad_system\hadith_app\urls.py changed, reloading.
INFO 2025-12-09 10:09:33,581 autoreload Watching for file changes with StatReloader
ERROR 2025-12-09 10:13:29,272 log Internal Server Error: /hadith/1/
Traceback (most recent call last):
  File "C:\Users\T\AppData\Local\Programs\Python\Python310\lib\site-packages\django\db\backends\utils.py", line 105, in _execute
    return self.cursor.execute(sql, params)
  File "C:\Users\T\AppData\Local\Programs\Python\Python310\lib\site-packages\django\db\backends\sqlite3\base.py", line 360, in execute
    return super().execute(query, params)
sqlite3.OperationalError: no such table: hadith_app_hadithtext

The above exception was the direct cause of the following exception:

Traceback (most recent call last):
  File "C:\Users\T\AppData\Local\Programs\Python\Python310\lib\site-packages\django\core\handlers\exception.py", line 55, in inner
    response = get_response(request)
  File "C:\Users\T\AppData\Local\Programs\Python\Python310\lib\site-packages\django\core\handlers\base.py", line 220, in _get_response
    response = response.render()
  File "C:\Users\T\AppData\Local\Programs\Python\Python310\lib\site-packages\django\template\response.py", line 114, in render
    self.content = self.rendered_content
  File "C:\Users\T\AppData\Local\Programs\Python\Python310\lib\site-packages\django\template\response.py", line 92, in rendered_content
    return template.render(context, self._request)
  File "C:\Users\T\AppData\Local\Programs\Python\Python310\lib\site-packages\django\template\backends\django.py", line 107, in render
    return self.template.render(context)
  File "C:\Users\T\AppData\Local\Programs\Python\Python310\lib\site-packages\django\template\base.py", line 171, in render
    return self._render(context)
  File "C:\Users\T\AppData\Local\Programs\Python\Python310\lib\site-packages\django\template\base.py", line 163, in _render
    return self.nodelist.render(context)
  File "C:\Users\T\AppData\Local\Programs\Python\Python310\lib\site-packages\django\template\base.py", line 1016, in render
    return SafeString("".join([node.render_annotated(context) for node in self]))
  File "C:\Users\T\AppData\Local\Programs\Python\Python310\lib\site-packages\django\template\base.py", line 1016, in <listcomp>
    return SafeString("".join([node.render_annotated(context) for node in self]))
  File "C:\Users\T\AppData\Local\Programs\Python\Python310\lib\site-packages\django\template\base.py", line 977, in render_annotated
    return self.render(context)
  File "C:\Users\T\AppData\Local\Programs\Python\Python310\lib\site-packages\django\template\loader_tags.py", line 159, in render
    return compiled_parent._render(context)
  File "C:\Users\T\AppData\Local\Programs\Python\Python310\lib\site-packages\django\template\base.py", line 163, in _render
    return self.nodelist.render(context)
  File "C:\Users\T\AppData\Local\Programs\Python\Python310\lib\site-packages\django\template\base.py", line 1016, in render
    return SafeString("".join([node.render_annotated(context) for node in self]))
  File "C:\Users\T\AppData\Local\Programs\Python\Python310\lib\site-packages\django\template\base.py", line 1016, in <listcomp>
    return SafeString("".join([node.render_annotated(context) for node in self]))
  File "C:\Users\T\AppData\Local\Programs\Python\Python310\lib\site-packages\django\template\base.py", line 977, in render_annotated
    return self.render(context)
  File "C:\Users\T\AppData\Local\Programs\Python\Python310\lib\site-packages\django\template\loader_tags.py", line 65, in render
    result = block.nodelist.render(context)
  File "C:\Users\T\AppData\Local\Programs\Python\Python310\lib\site-packages\django\template\base.py", line 1016, in render
    return SafeString("".join([node.render_annotated(context) for node in self]))
  File "C:\Users\T\AppData\Local\Programs\Python\Python310\lib\site-packages\django\template\base.py", line 1016, in <listcomp>
    return SafeString("".join([node.render_annotated(context) for node in self]))
  File "C:\Users\T\AppData\Local\Programs\Python\Python310\lib\site-packages\django\template\base.py", line 977, in render_annotated
    return self.render(context)
  File "C:\Users\T\AppData\Local\Programs\Python\Python310\lib\site-packages\django\template\base.py", line 1075, in render
    output = self.filter_expression.resolve(context)
  File "C:\Users\T\AppData\Local\Programs\Python\Python310\lib\site-packages\django\template\base.py", line 722, in resolve
    obj = self.var.resolve(context)
  File "C:\Users\T\AppData\Local\Programs\Python\Python310\lib\site-packages\django\template\base.py", line 854, in resolve
    value = self._resolve_lookup(context)
  File "C:\Users\T\AppData\Local\Programs\Python\Python310\lib\site-packages\django\template\base.py", line 925, in _resolve_lookup
    current = current()
  File "D:\sanad-system\sanad_system\hadith_app\models.py", line 194, in get_text_count
    return self.texts.count()
  File "C:\Users\T\AppData\Local\Programs\Python\Python310\lib\site-packages\django\db\models\manager.py", line 87, in manager_method
    return getattr(self.get_queryset(), name)(*args, **kwargs)
  File "C:\Users\T\AppData\Local\Programs\Python\Python310\lib\site-packages\django\db\models\query.py", line 604, in count
    return self.query.get_count(using=self.db)
  File "C:\Users\T\AppData\Local\Programs\Python\Python310\lib\site-packages\django\db\models\sql\query.py", line 644, in get_count
    return obj.get_aggregation(using, {"__count": Count("*")})["__count"]
  File "C:\Users\T\AppData\Local\Programs\Python\Python310\lib\site-packages\django\db\models\sql\query.py", line 626, in get_aggregation
    result = compiler.execute_sql(SINGLE)
  File "C:\Users\T\AppData\Local\Programs\Python\Python310\lib\site-packages\django\db\models\sql\compiler.py", line 1622, in execute_sql
    cursor.execute(sql, params)
  File "C:\Users\T\AppData\Local\Programs\Python\Python310\lib\site-packages\django\db\backends\utils.py", line 122, in execute
    return super().execute(sql, params)
  File "C:\Users\T\AppData\Local\Programs\Python\Python310\lib\site-packages\django\db\backends\utils.py", line 79, in execute
    return self._execute_with_wrappers(
  File "C:\Users\T\AppData\Local\Programs\Python\Python310\lib\site-packages\django\db\backends\utils.py", line 92, in _execute_with_wrappers
    return executor(sql, params, many, context)
  File "C:\Users\T\AppData\Local\Programs\Python\Python310\lib\site-packages\django\db\backends\utils.py", line 100, in _execute
    with self.db.wrap_database_errors:
  File "C:\Users\T\AppData\Local\Programs\Python\Python310\lib\site-packages\django\db\utils.py", line 91, in __exit__
    raise dj_exc_value.with_traceback(traceback) from exc_value
  File "C:\Users\T\AppData\Local\Programs\Python\Python310\lib\site-packages\django\db\backends\utils.py", line 105, in _execute
    return self.cursor.execute(sql, params)
  File "C:\Users\T\AppData\Local\Programs\Python\Python310\lib\site-packages\django\db\backends\sqlite3\base.py", line 360, in execute
    return super().execute(query, params)
django.db.utils.OperationalError: no such table: hadith_app_hadithtext
ERROR 2025-12-09 10:13:29,340 basehttp "GET /hadith/1/ HTTP/1.1" 500 239871
INFO 2025-12-09 10:15:17,904 autoreload Watching for file changes with StatReloader
INFO 2025-12-09 10:15:38,958 basehttp "GET /hadith/1/ HTTP/1.1" 200 35474
INFO 2025-12-09 10:15:42,682 basehttp "GET /hadith/1/texts/ HTTP/1.1" 200 28163
INFO 2025-12-09 10:17:50,840 basehttp "GET /hadith/1/texts/add/ HTTP/1.1" 200 34203
WARNING 2025-12-09 10:17:51,090 log Not Found: /favicon.ico
INFO 2025-12-09 10:17:51,096 basehttp - Broken pipe from ('127.0.0.1', 57759)
INFO 2025-12-09 10:17:59,832 basehttp "POST /hadith/1/texts/submit/ HTTP/1.1" 302 0
INFO 2025-12-09 10:18:00,000 basehttp "GET /hadith/1/texts/ HTTP/1.1" 200 30895
INFO 2025-12-09 10:18:08,155 basehttp "GET /hadith/1/ HTTP/1.1" 200 35482
INFO 2025-12-09 10:18:17,858 basehttp "GET /sanad/1/add/ HTTP/1.1" 200 29265
INFO 2025-12-09 10:18:45,330 basehttp "GET /narrators/ HTTP/1.1" 200 34009
INFO 2025-12-09 10:18:47,592 basehttp "GET /narrators/create/ HTTP/1.1" 200 28858
INFO 2025-12-09 10:23:00,024 basehttp "POST /narrators/create/ HTTP/1.1" 302 0
INFO 2025-12-09 10:23:00,126 basehttp "GET /narrators/ HTTP/1.1" 200 34859
INFO 2025-12-09 10:23:10,574 basehttp "GET /narrators/create/ HTTP/1.1" 200 28858
INFO 2025-12-09 10:28:01,408 basehttp "POST /narrators/create/ HTTP/1.1" 302 0
INFO 2025-12-09 10:28:01,498 basehttp "GET /narrators/ HTTP/1.1" 200 35547
INFO 2025-12-09 10:28:13,882 basehttp "GET /narrators/create/ HTTP/1.1" 200 28858
INFO 2025-12-09 10:28:31,058 basehttp "POST /narrators/create/ HTTP/1.1" 302 0
INFO 2025-12-09 10:28:31,158 basehttp "GET /narrators/ HTTP/1.1" 200 36208
INFO 2025-12-09 10:28:43,908 basehttp "GET /narrators/create/ HTTP/1.1" 200 28858
INFO 2025-12-09 10:29:01,115 basehttp "POST /narrators/create/ HTTP/1.1" 302 0
INFO 2025-12-09 10:29:01,227 basehttp "GET /narrators/ HTTP/1.1" 200 36883
INFO 2025-12-09 10:29:12,458 basehttp "GET /narrators/create/ HTTP/1.1" 200 28858
INFO 2025-12-09 10:29:26,658 basehttp "POST /narrators/create/ HTTP/1.1" 302 0
INFO 2025-12-09 10:29:26,774 basehttp "GET /narrators/ HTTP/1.1" 200 37541
INFO 2025-12-09 10:29:40,715 basehttp "GET /narrators/create/ HTTP/1.1" 200 28858
INFO 2025-12-09 10:29:52,922 basehttp "POST /narrators/create/ HTTP/1.1" 302 0
INFO 2025-12-09 10:29:52,981 basehttp "GET /narrators/ HTTP/1.1" 200 38244
INFO 2025-12-09 10:30:06,315 basehttp "GET /narrators/create/ HTTP/1.1" 200 28858
INFO 2025-12-09 10:30:17,159 basehttp "POST /narrators/create/ HTTP/1.1" 302 0
INFO 2025-12-09 10:30:17,874 basehttp "GET /narrators/ HTTP/1.1" 200 38900
INFO 2025-12-09 10:31:38,742 basehttp "GET /hadith/ HTTP/1.1" 200 61919
INFO 2025-12-09 10:31:42,496 basehttp "GET /hadith/1/ HTTP/1.1" 200 35482
INFO 2025-12-09 10:31:44,839 basehttp "GET /hadith/1/texts/ HTTP/1.1" 200 30372
ERROR 2025-12-09 10:31:54,638 log Internal Server Error: /hadith/1/texts/comparison/
Traceback (most recent call last):
  File "C:\Users\T\AppData\Local\Programs\Python\Python310\lib\site-packages\django\core\handlers\exception.py", line 55, in inner
    response = get_response(request)
  File "C:\Users\T\AppData\Local\Programs\Python\Python310\lib\site-packages\django\core\handlers\base.py", line 197, in _get_response
    response = wrapped_callback(request, *callback_args, **callback_kwargs)
  File "C:\Users\T\AppData\Local\Programs\Python\Python310\lib\site-packages\django\views\decorators\http.py", line 64, in inner
    return func(request, *args, **kwargs)
  File "D:\sanad-system\sanad_system\hadith_app\views\hadith_text_views.py", line 161, in hadith_text_comparison_view
    return render(request, 'hadith_app/hadith_text_comparison.html', context)
  File "C:\Users\T\AppData\Local\Programs\Python\Python310\lib\site-packages\django\shortcuts.py", line 25, in render
    content = loader.render_to_string(template_name, context, request, using=using)
  File "C:\Users\T\AppData\Local\Programs\Python\Python310\lib\site-packages\django\template\loader.py", line 61, in render_to_string
    template = get_template(template_name, using=using)
  File "C:\Users\T\AppData\Local\Programs\Python\Python310\lib\site-packages\django\template\loader.py", line 19, in get_template
    raise TemplateDoesNotExist(template_name, chain=chain)
django.template.exceptions.TemplateDoesNotExist: hadith_app/hadith_text_comparison.html
ERROR 2025-12-09 10:31:54,642 basehttp "GET /hadith/1/texts/comparison/ HTTP/1.1" 500 92604
INFO 2025-12-09 10:34:39,953 basehttp "GET /hadith/1/texts/add/ HTTP/1.1" 200 35237
INFO 2025-12-09 10:35:40,006 basehttp "POST /hadith/1/texts/submit/ HTTP/1.1" 302 0
INFO 2025-12-09 10:35:40,104 basehttp "GET /hadith/1/texts/ HTTP/1.1" 200 35451
ERROR 2025-12-09 10:36:18,572 log Internal Server Error: /hadith/1/texts/comparison/
Traceback (most recent call last):
  File "C:\Users\T\AppData\Local\Programs\Python\Python310\lib\site-packages\django\core\handlers\exception.py", line 55, in inner
    response = get_response(request)
  File "C:\Users\T\AppData\Local\Programs\Python\Python310\lib\site-packages\django\core\handlers\base.py", line 197, in _get_response
    response = wrapped_callback(request, *callback_args, **callback_kwargs)
  File "C:\Users\T\AppData\Local\Programs\Python\Python310\lib\site-packages\django\views\decorators\http.py", line 64, in inner
    return func(request, *args, **kwargs)
  File "D:\sanad-system\sanad_system\hadith_app\views\hadith_text_views.py", line 161, in hadith_text_comparison_view
    return render(request, 'hadith_app/hadith_text_comparison.html', context)
  File "C:\Users\T\AppData\Local\Programs\Python\Python310\lib\site-packages\django\shortcuts.py", line 25, in render
    content = loader.render_to_string(template_name, context, request, using=using)
  File "C:\Users\T\AppData\Local\Programs\Python\Python310\lib\site-packages\django\template\loader.py", line 61, in render_to_string
    template = get_template(template_name, using=using)
  File "C:\Users\T\AppData\Local\Programs\Python\Python310\lib\site-packages\django\template\loader.py", line 19, in get_template
    raise TemplateDoesNotExist(template_name, chain=chain)
django.template.exceptions.TemplateDoesNotExist: hadith_app/hadith_text_comparison.html
ERROR 2025-12-09 10:36:18,574 basehttp "GET /hadith/1/texts/comparison/ HTTP/1.1" 500 93184
INFO 2025-12-09 10:37:07,959 basehttp "GET /hadith/1/texts/comparison/ HTTP/1.1" 200 38443
INFO 2025-12-09 10:37:26,210 basehttp "GET /hadith/1/ HTTP/1.1" 200 35482
INFO 2025-12-09 10:37:31,954 basehttp "GET /sanad/1/add/ HTTP/1.1" 200 30321
ERROR 2025-12-09 10:37:40,265 log Internal Server Error: /sanad/1/add/
Traceback (most recent call last):
  File "C:\Users\T\AppData\Local\Programs\Python\Python310\lib\site-packages\django\db\backends\utils.py", line 105, in _execute
    return self.cursor.execute(sql, params)
  File "C:\Users\T\AppData\Local\Programs\Python\Python310\lib\site-packages\django\db\backends\sqlite3\base.py", line 360, in execute
    return super().execute(query, params)
sqlite3.IntegrityError: NOT NULL constraint failed: hadith_app_sanadnarrator.order

The above exception was the direct cause of the following exception:

Traceback (most recent call last):
  File "C:\Users\T\AppData\Local\Programs\Python\Python310\lib\site-packages\django\core\handlers\exception.py", line 55, in inner
    response = get_response(request)
  File "C:\Users\T\AppData\Local\Programs\Python\Python310\lib\site-packages\django\core\handlers\base.py", line 197, in _get_response
    response = wrapped_callback(request, *callback_args, **callback_kwargs)
  File "C:\Users\T\AppData\Local\Programs\Python\Python310\lib\site-packages\django\views\generic\base.py", line 104, in view
    return self.dispatch(request, *args, **kwargs)
  File "C:\Users\T\AppData\Local\Programs\Python\Python310\lib\site-packages\django\contrib\auth\mixins.py", line 73, in dispatch
    return super().dispatch(request, *args, **kwargs)
  File "C:\Users\T\AppData\Local\Programs\Python\Python310\lib\site-packages\django\views\generic\base.py", line 143, in dispatch
    return handler(request, *args, **kwargs)
  File "C:\Users\T\AppData\Local\Programs\Python\Python310\lib\site-packages\django\views\generic\edit.py", line 182, in post
    return super().post(request, *args, **kwargs)
  File "C:\Users\T\AppData\Local\Programs\Python\Python310\lib\site-packages\django\views\generic\edit.py", line 151, in post
    return self.form_valid(form)
  File "D:\sanad-system\sanad_system\hadith_app\views\sanad_views.py", line 28, in form_valid
    return super().form_valid(form)
  File "C:\Users\T\AppData\Local\Programs\Python\Python310\lib\site-packages\django\contrib\messages\views.py", line 12, in form_valid
    response = super().form_valid(form)
  File "C:\Users\T\AppData\Local\Programs\Python\Python310\lib\site-packages\django\views\generic\edit.py", line 133, in form_valid
    self.object = form.save()
  File "D:\sanad-system\sanad_system\hadith_app\forms\sanad_forms.py", line 53, in save
    SanadNarrator.objects.create(sanad=sanad, narrator=narrator)
  File "C:\Users\T\AppData\Local\Programs\Python\Python310\lib\site-packages\django\db\models\manager.py", line 87, in manager_method
    return getattr(self.get_queryset(), name)(*args, **kwargs)
  File "C:\Users\T\AppData\Local\Programs\Python\Python310\lib\site-packages\django\db\models\query.py", line 663, in create
    obj.save(force_insert=True, using=self.db)
  File "C:\Users\T\AppData\Local\Programs\Python\Python310\lib\site-packages\django\db\models\base.py", line 902, in save
    self.save_base(
  File "C:\Users\T\AppData\Local\Programs\Python\Python310\lib\site-packages\django\db\models\base.py", line 1008, in save_base
    updated = self._save_table(
  File "C:\Users\T\AppData\Local\Programs\Python\Python310\lib\site-packages\django\db\models\base.py", line 1169, in _save_table
    results = self._do_insert(
  File "C:\Users\T\AppData\Local\Programs\Python\Python310\lib\site-packages\django\db\models\base.py", line 1210, in _do_insert
    return manager._insert(
  File "C:\Users\T\AppData\Local\Programs\Python\Python310\lib\site-packages\django\db\models\manager.py", line 87, in manager_method
    return getattr(self.get_queryset(), name)(*args, **kwargs)
  File "C:\Users\T\AppData\Local\Programs\Python\Python310\lib\site-packages\django\db\models\query.py", line 1854, in _insert
    return query.get_compiler(using=using).execute_sql(returning_fields)
  File "C:\Users\T\AppData\Local\Programs\Python\Python310\lib\site-packages\django\db\models\sql\compiler.py", line 1881, in execute_sql
    cursor.execute(sql, params)
  File "C:\Users\T\AppData\Local\Programs\Python\Python310\lib\site-packages\django\db\backends\utils.py", line 122, in execute
    return super().execute(sql, params)
  File "C:\Users\T\AppData\Local\Programs\Python\Python310\lib\site-packages\django\db\backends\utils.py", line 79, in execute
    return self._execute_with_wrappers(
  File "C:\Users\T\AppData\Local\Programs\Python\Python310\lib\site-packages\django\db\backends\utils.py", line 92, in _execute_with_wrappers
    return executor(sql, params, many, context)
  File "C:\Users\T\AppData\Local\Programs\Python\Python310\lib\site-packages\django\db\backends\utils.py", line 100, in _execute
    with self.db.wrap_database_errors:
  File "C:\Users\T\AppData\Local\Programs\Python\Python310\lib\site-packages\django\db\utils.py", line 91, in __exit__
    raise dj_exc_value.with_traceback(traceback) from exc_value
  File "C:\Users\T\AppData\Local\Programs\Python\Python310\lib\site-packages\django\db\backends\utils.py", line 105, in _execute
    return self.cursor.execute(sql, params)
  File "C:\Users\T\AppData\Local\Programs\Python\Python310\lib\site-packages\django\db\backends\sqlite3\base.py", line 360, in execute
    return super().execute(query, params)
django.db.utils.IntegrityError: NOT NULL constraint failed: hadith_app_sanadnarrator.order
ERROR 2025-12-09 10:37:40,313 basehttp "POST /sanad/1/add/ HTTP/1.1" 500 195444
INFO 2025-12-09 10:37:58,365 autoreload D:\sanad-system\sanad_system\hadith_app\forms\sanad_forms.py changed, reloading.
INFO 2025-12-09 10:38:08,015 autoreload Watching for file changes with StatReloader
INFO 2025-12-09 10:38:38,282 basehttp "POST /sanad/1/add/ HTTP/1.1" 302 0
INFO 2025-12-09 10:38:38,408 basehttp "GET /hadith/1/ HTTP/1.1" 200 37088
INFO 2025-12-09 10:39:25,584 basehttp - Broken pipe from ('127.0.0.1', 59884)
ERROR 2025-12-09 10:39:25,804 log Internal Server Error: /narrators/8/
Traceback (most recent call last):
  File "C:\Users\T\AppData\Local\Programs\Python\Python310\lib\site-packages\django\db\backends\utils.py", line 105, in _execute
    return self.cursor.execute(sql, params)
  File "C:\Users\T\AppData\Local\Programs\Python\Python310\lib\site-packages\django\db\backends\sqlite3\base.py", line 360, in execute
    return super().execute(query, params)
sqlite3.OperationalError: database is locked

The above exception was the direct cause of the following exception:

Traceback (most recent call last):
  File "C:\Users\T\AppData\Local\Programs\Python\Python310\lib\site-packages\django\core\handlers\exception.py", line 55, in inner
    response = get_response(request)
  File "C:\Users\T\AppData\Local\Programs\Python\Python310\lib\site-packages\django\core\handlers\base.py", line 197, in _get_response
    response = wrapped_callback(request, *callback_args, **callback_kwargs)
  File "C:\Users\T\AppData\Local\Programs\Python\Python310\lib\site-packages\django\views\generic\base.py", line 104, in view
    return self.dispatch(request, *args, **kwargs)
  File "C:\Users\T\AppData\Local\Programs\Python\Python310\lib\site-packages\django\views\generic\base.py", line 143, in dispatch
    return handler(request, *args, **kwargs)
  File "C:\Users\T\AppData\Local\Programs\Python\Python310\lib\site-packages\django\views\generic\detail.py", line 112, in get
    self.object = self.get_object()
  File "C:\Users\T\AppData\Local\Programs\Python\Python310\lib\site-packages\django\views\generic\detail.py", line 53, in get_object
    obj = queryset.get()
  File "C:\Users\T\AppData\Local\Programs\Python\Python310\lib\site-packages\django\db\models\query.py", line 629, in get
    num = len(clone)
  File "C:\Users\T\AppData\Local\Programs\Python\Python310\lib\site-packages\django\db\models\query.py", line 366, in __len__
    self._fetch_all()
  File "C:\Users\T\AppData\Local\Programs\Python\Python310\lib\site-packages\django\db\models\query.py", line 1935, in _fetch_all
    self._result_cache = list(self._iterable_class(self))
  File "C:\Users\T\AppData\Local\Programs\Python\Python310\lib\site-packages\django\db\models\query.py", line 91, in __iter__
    results = compiler.execute_sql(
  File "C:\Users\T\AppData\Local\Programs\Python\Python310\lib\site-packages\django\db\models\sql\compiler.py", line 1622, in execute_sql
    cursor.execute(sql, params)
  File "C:\Users\T\AppData\Local\Programs\Python\Python310\lib\site-packages\django\db\backends\utils.py", line 122, in execute
    return super().execute(sql, params)
  File "C:\Users\T\AppData\Local\Programs\Python\Python310\lib\site-packages\django\db\backends\utils.py", line 79, in execute
    return self._execute_with_wrappers(
  File "C:\Users\T\AppData\Local\Programs\Python\Python310\lib\site-packages\django\db\backends\utils.py", line 92, in _execute_with_wrappers
    return executor(sql, params, many, context)
  File "C:\Users\T\AppData\Local\Programs\Python\Python310\lib\site-packages\django\db\backends\utils.py", line 100, in _execute
    with self.db.wrap_database_errors:
  File "C:\Users\T\AppData\Local\Programs\Python\Python310\lib\site-packages\django\db\utils.py", line 91, in __exit__
    raise dj_exc_value.with_traceback(traceback) from exc_value
  File "C:\Users\T\AppData\Local\Programs\Python\Python310\lib\site-packages\django\db\backends\utils.py", line 105, in _execute
    return self.cursor.execute(sql, params)
  File "C:\Users\T\AppData\Local\Programs\Python\Python310\lib\site-packages\django\db\backends\sqlite3\base.py", line 360, in execute
    return super().execute(query, params)
django.db.utils.OperationalError: database is locked
ERROR 2025-12-09 10:39:25,844 basehttp "GET /narrators/8/ HTTP/1.1" 500 153301
INFO 2025-12-09 10:41:08,502 autoreload Watching for file changes with StatReloader
INFO 2025-12-09 10:41:23,496 basehttp "GET /hadith/1/ HTTP/1.1" 200 36874
INFO 2025-12-09 10:41:25,139 basehttp "GET /hadith/1/ HTTP/1.1" 200 36874
INFO 2025-12-09 10:41:35,531 basehttp "GET /narrators/8/ HTTP/1.1" 200 27172
INFO 2025-12-09 10:41:45,283 basehttp "GET /sanad/1/add/ HTTP/1.1" 200 30321
INFO 2025-12-09 10:42:07,065 basehttp "GET /narrators/6/ HTTP/1.1" 200 28162
INFO 2025-12-09 10:43:19,482 autoreload D:\sanad-system\sanad_system\hadith_app\forms\hadith_forms.py changed, reloading.
INFO 2025-12-09 10:43:24,083 autoreload Watching for file changes with StatReloader
ERROR 2025-12-09 10:48:13,339 log Internal Server Error: /hadith/1/
Traceback (most recent call last):
  File "C:\Users\T\AppData\Local\Programs\Python\Python310\lib\site-packages\django\core\handlers\exception.py", line 55, in inner
    response = get_response(request)
  File "C:\Users\T\AppData\Local\Programs\Python\Python310\lib\site-packages\django\core\handlers\base.py", line 220, in _get_response
    response = response.render()
  File "C:\Users\T\AppData\Local\Programs\Python\Python310\lib\site-packages\django\template\response.py", line 114, in render
    self.content = self.rendered_content
  File "C:\Users\T\AppData\Local\Programs\Python\Python310\lib\site-packages\django\template\response.py", line 92, in rendered_content
    return template.render(context, self._request)
  File "C:\Users\T\AppData\Local\Programs\Python\Python310\lib\site-packages\django\template\backends\django.py", line 107, in render
    return self.template.render(context)
  File "C:\Users\T\AppData\Local\Programs\Python\Python310\lib\site-packages\django\template\base.py", line 171, in render
    return self._render(context)
  File "C:\Users\T\AppData\Local\Programs\Python\Python310\lib\site-packages\django\template\base.py", line 163, in _render
    return self.nodelist.render(context)
  File "C:\Users\T\AppData\Local\Programs\Python\Python310\lib\site-packages\django\template\base.py", line 1016, in render
    return SafeString("".join([node.render_annotated(context) for node in self]))
  File "C:\Users\T\AppData\Local\Programs\Python\Python310\lib\site-packages\django\template\base.py", line 1016, in <listcomp>
    return SafeString("".join([node.render_annotated(context) for node in self]))
  File "C:\Users\T\AppData\Local\Programs\Python\Python310\lib\site-packages\django\template\base.py", line 977, in render_annotated
    return self.render(context)
  File "C:\Users\T\AppData\Local\Programs\Python\Python310\lib\site-packages\django\template\loader_tags.py", line 159, in render
    return compiled_parent._render(context)
  File "C:\Users\T\AppData\Local\Programs\Python\Python310\lib\site-packages\django\template\base.py", line 163, in _render
    return self.nodelist.render(context)
  File "C:\Users\T\AppData\Local\Programs\Python\Python310\lib\site-packages\django\template\base.py", line 1016, in render
    return SafeString("".join([node.render_annotated(context) for node in self]))
  File "C:\Users\T\AppData\Local\Programs\Python\Python310\lib\site-packages\django\template\base.py", line 1016, in <listcomp>
    return SafeString("".join([node.render_annotated(context) for node in self]))
  File "C:\Users\T\AppData\Local\Programs\Python\Python310\lib\site-packages\django\template\base.py", line 977, in render_annotated
    return self.render(context)
  File "C:\Users\T\AppData\Local\Programs\Python\Python310\lib\site-packages\django\template\loader_tags.py", line 65, in render
    result = block.nodelist.render(context)
  File "C:\Users\T\AppData\Local\Programs\Python\Python310\lib\site-packages\django\template\base.py", line 1016, in render
    return SafeString("".join([node.render_annotated(context) for node in self]))
  File "C:\Users\T\AppData\Local\Programs\Python\Python310\lib\site-packages\django\template\base.py", line 1016, in <listcomp>
    return SafeString("".join([node.render_annotated(context) for node in self]))
  File "C:\Users\T\AppData\Local\Programs\Python\Python310\lib\site-packages\django\template\base.py", line 977, in render_annotated
    return self.render(context)
  File "C:\Users\T\AppData\Local\Programs\Python\Python310\lib\site-packages\django\template\defaulttags.py", line 243, in render
    nodelist.append(node.render_annotated(context))
  File "C:\Users\T\AppData\Local\Programs\Python\Python310\lib\site-packages\django\template\base.py", line 977, in render_annotated
    return self.render(context)
  File "C:\Users\T\AppData\Local\Programs\Python\Python310\lib\site-packages\django\template\defaulttags.py", line 480, in render
    url = reverse(view_name, args=args, kwargs=kwargs, current_app=current_app)
  File "C:\Users\T\AppData\Local\Programs\Python\Python310\lib\site-packages\django\urls\base.py", line 98, in reverse
    resolved_url = resolver._reverse_with_prefix(view, prefix, *args, **kwargs)
  File "C:\Users\T\AppData\Local\Programs\Python\Python310\lib\site-packages\django\urls\resolvers.py", line 831, in _reverse_with_prefix
    raise NoReverseMatch(msg)
django.urls.exceptions.NoReverseMatch: Reverse for 'sanad_narrators' not found. 'sanad_narrators' is not a valid view function or pattern name.
ERROR 2025-12-09 10:48:13,346 basehttp "GET /hadith/1/ HTTP/1.1" 500 187188
INFO 2025-12-09 10:49:34,322 autoreload Watching for file changes with StatReloader
INFO 2025-12-09 10:49:52,632 basehttp "GET /hadith/1/ HTTP/1.1" 200 38392
INFO 2025-12-09 10:50:01,024 basehttp "GET /sanad/4/narrators/add/ HTTP/1.1" 200 34311
INFO 2025-12-09 10:50:47,774 basehttp "POST /sanad/4/narrators/submit/ HTTP/1.1" 302 0
INFO 2025-12-09 10:50:47,896 basehttp "GET /sanad/4/narrators/ HTTP/1.1" 200 38228
INFO 2025-12-09 10:50:55,882 basehttp "GET /sanad/4/narrators/add/ HTTP/1.1" 200 34861
INFO 2025-12-09 10:51:14,198 basehttp "POST /sanad/4/narrators/submit/ HTTP/1.1" 302 0
INFO 2025-12-09 10:51:14,274 basehttp "GET /sanad/4/narrators/ HTTP/1.1" 200 40918
INFO 2025-12-09 10:51:23,358 basehttp "GET /sanad/4/narrators/add/ HTTP/1.1" 200 35410
INFO 2025-12-09 10:51:35,758 basehttp "POST /sanad/4/narrators/submit/ HTTP/1.1" 302 0
INFO 2025-12-09 10:51:35,843 basehttp "GET /sanad/4/narrators/ HTTP/1.1" 200 43706
INFO 2025-12-09 10:51:50,765 basehttp "GET /sanad/4/narrators/add/ HTTP/1.1" 200 35959
INFO 2025-12-09 10:52:04,924 basehttp "POST /sanad/4/narrators/submit/ HTTP/1.1" 302 0
INFO 2025-12-09 10:52:05,015 basehttp "GET /sanad/4/narrators/ HTTP/1.1" 200 46415
INFO 2025-12-09 10:52:10,424 basehttp "GET /sanad/4/narrators/add/ HTTP/1.1" 200 36508
INFO 2025-12-09 10:52:24,048 basehttp "POST /sanad/4/narrators/submit/ HTTP/1.1" 302 0
INFO 2025-12-09 10:52:24,147 basehttp "GET /sanad/4/narrators/ HTTP/1.1" 200 49293
INFO 2025-12-09 10:52:30,139 basehttp "GET /sanad/4/narrators/add/ HTTP/1.1" 200 37057
INFO 2025-12-09 10:52:45,132 basehttp "POST /sanad/4/narrators/submit/ HTTP/1.1" 302 0
INFO 2025-12-09 10:52:45,215 basehttp "GET /sanad/4/narrators/ HTTP/1.1" 200 51940
INFO 2025-12-09 10:52:59,783 basehttp "GET /hadith/1/ HTTP/1.1" 200 43021
INFO 2025-12-09 10:53:14,433 basehttp "GET /sanad/1/comparison/ HTTP/1.1" 200 61612
INFO 2025-12-09 10:53:35,447 basehttp "GET /sanad/1/tree/ HTTP/1.1" 200 50552
WARNING 2025-12-09 10:53:57,501 log Not Found: /sanad/1/
WARNING 2025-12-09 10:53:57,502 basehttp "GET /sanad/1/ HTTP/1.1" 404 17978
INFO 2025-12-09 10:54:08,074 basehttp "GET /hadith/1/ HTTP/1.1" 200 43021
INFO 2025-12-09 10:55:17,854 autoreload D:\sanad-system\sanad_system\hadith_app\urls.py changed, reloading.
INFO 2025-12-09 10:55:20,474 autoreload Watching for file changes with StatReloader
ERROR 2025-12-09 10:58:04,192 log Internal Server Error: /hadith/1/
Traceback (most recent call last):
  File "C:\Users\T\AppData\Local\Programs\Python\Python310\lib\site-packages\django\core\handlers\exception.py", line 55, in inner
    response = get_response(request)
  File "C:\Users\T\AppData\Local\Programs\Python\Python310\lib\site-packages\django\core\handlers\base.py", line 220, in _get_response
    response = response.render()
  File "C:\Users\T\AppData\Local\Programs\Python\Python310\lib\site-packages\django\template\response.py", line 114, in render
    self.content = self.rendered_content
  File "C:\Users\T\AppData\Local\Programs\Python\Python310\lib\site-packages\django\template\response.py", line 92, in rendered_content
    return template.render(context, self._request)
  File "C:\Users\T\AppData\Local\Programs\Python\Python310\lib\site-packages\django\template\backends\django.py", line 107, in render
    return self.template.render(context)
  File "C:\Users\T\AppData\Local\Programs\Python\Python310\lib\site-packages\django\template\base.py", line 171, in render
    return self._render(context)
  File "C:\Users\T\AppData\Local\Programs\Python\Python310\lib\site-packages\django\template\base.py", line 163, in _render
    return self.nodelist.render(context)
  File "C:\Users\T\AppData\Local\Programs\Python\Python310\lib\site-packages\django\template\base.py", line 1016, in render
    return SafeString("".join([node.render_annotated(context) for node in self]))
  File "C:\Users\T\AppData\Local\Programs\Python\Python310\lib\site-packages\django\template\base.py", line 1016, in <listcomp>
    return SafeString("".join([node.render_annotated(context) for node in self]))
  File "C:\Users\T\AppData\Local\Programs\Python\Python310\lib\site-packages\django\template\base.py", line 977, in render_annotated
    return self.render(context)
  File "C:\Users\T\AppData\Local\Programs\Python\Python310\lib\site-packages\django\template\loader_tags.py", line 159, in render
    return compiled_parent._render(context)
  File "C:\Users\T\AppData\Local\Programs\Python\Python310\lib\site-packages\django\template\base.py", line 163, in _render
    return self.nodelist.render(context)
  File "C:\Users\T\AppData\Local\Programs\Python\Python310\lib\site-packages\django\template\base.py", line 1016, in render
    return SafeString("".join([node.render_annotated(context) for node in self]))
  File "C:\Users\T\AppData\Local\Programs\Python\Python310\lib\site-packages\django\template\base.py", line 1016, in <listcomp>
    return SafeString("".join([node.render_annotated(context) for node in self]))
  File "C:\Users\T\AppData\Local\Programs\Python\Python310\lib\site-packages\django\template\base.py", line 977, in render_annotated
    return self.render(context)
  File "C:\Users\T\AppData\Local\Programs\Python\Python310\lib\site-packages\django\template\loader_tags.py", line 65, in render
    result = block.nodelist.render(context)
  File "C:\Users\T\AppData\Local\Programs\Python\Python310\lib\site-packages\django\template\base.py", line 1016, in render
    return SafeString("".join([node.render_annotated(context) for node in self]))
  File "C:\Users\T\AppData\Local\Programs\Python\Python310\lib\site-packages\django\template\base.py", line 1016, in <listcomp>
    return SafeString("".join([node.render_annotated(context) for node in self]))
  File "C:\Users\T\AppData\Local\Programs\Python\Python310\lib\site-packages\django\template\base.py", line 977, in render_annotated
    return self.render(context)
  File "C:\Users\T\AppData\Local\Programs\Python\Python310\lib\site-packages\django\template\defaulttags.py", line 243, in render
    nodelist.append(node.render_annotated(context))
  File "C:\Users\T\AppData\Local\Programs\Python\Python310\lib\site-packages\django\template\base.py", line 977, in render_annotated
    return self.render(context)
  File "C:\Users\T\AppData\Local\Programs\Python\Python310\lib\site-packages\django\template\defaulttags.py", line 480, in render
    url = reverse(view_name, args=args, kwargs=kwargs, current_app=current_app)
  File "C:\Users\T\AppData\Local\Programs\Python\Python310\lib\site-packages\django\urls\base.py", line 98, in reverse
    resolved_url = resolver._reverse_with_prefix(view, prefix, *args, **kwargs)
  File "C:\Users\T\AppData\Local\Programs\Python\Python310\lib\site-packages\django\urls\resolvers.py", line 831, in _reverse_with_prefix
    raise NoReverseMatch(msg)
django.urls.exceptions.NoReverseMatch: Reverse for 'sanad_edit' not found. 'sanad_edit' is not a valid view function or pattern name.
ERROR 2025-12-09 10:58:04,207 basehttp "GET /hadith/1/ HTTP/1.1" 500 187601
INFO 2025-12-09 10:59:00,859 autoreload Watching for file changes with StatReloader
INFO 2025-12-09 10:59:23,017 basehttp "GET /hadith/1/ HTTP/1.1" 200 44647
INFO 2025-12-09 10:59:32,538 basehttp "GET /sanad/3/delete/ HTTP/1.1" 200 29094
INFO 2025-12-09 10:59:36,246 basehttp "POST /sanad/3/delete/ HTTP/1.1" 302 0
INFO 2025-12-09 10:59:36,332 basehttp "GET /hadith/1/ HTTP/1.1" 200 43353
INFO 2025-12-09 10:59:50,046 basehttp "GET /narrators/8/ HTTP/1.1" 200 27172
INFO 2025-12-09 10:59:54,546 basehttp "GET /narrator/8/analysis/ HTTP/1.1" 200 43684
INFO 2025-12-09 10:59:54,668 basehttp "GET /narrator/8/network/ HTTP/1.1" 200 237
INFO 2025-12-09 10:59:59,155 basehttp "GET /narrator/8/teachers/add/ HTTP/1.1" 200 35783
INFO 2025-12-09 11:00:33,488 basehttp "GET /narrators/ HTTP/1.1" 200 38684
INFO 2025-12-09 11:00:36,793 basehttp "GET /narrators/9/ HTTP/1.1" 200 27227
INFO 2025-12-09 11:00:38,839 basehttp "GET /narrator/9/analysis/ HTTP/1.1" 200 43847
INFO 2025-12-09 11:00:39,202 basehttp "GET /narrator/9/network/ HTTP/1.1" 200 388
INFO 2025-12-09 11:00:40,574 basehttp "GET /narrator/9/teachers/add/ HTTP/1.1" 200 35891
INFO 2025-12-09 11:00:50,102 basehttp "POST /narrator/9/teachers/submit/ HTTP/1.1" 302 0
INFO 2025-12-09 11:00:50,176 basehttp "GET /narrator/9/analysis/ HTTP/1.1" 200 44183
INFO 2025-12-09 11:00:50,319 basehttp "GET /narrator/9/network/ HTTP/1.1" 200 649
INFO 2025-12-09 11:00:59,139 basehttp "GET /narrator/9/teachers/add/ HTTP/1.1" 200 37058
INFO 2025-12-09 11:01:18,608 basehttp "POST /narrator/9/teachers/submit/ HTTP/1.1" 302 0
INFO 2025-12-09 11:01:18,689 basehttp "GET /narrator/9/analysis/ HTTP/1.1" 200 44225
INFO 2025-12-09 11:01:18,841 basehttp "GET /narrator/9/network/ HTTP/1.1" 200 917
INFO 2025-12-09 11:01:26,815 basehttp "GET /narrator/9/teachers/add/ HTTP/1.1" 200 38390
INFO 2025-12-09 11:01:36,824 basehttp "POST /narrator/9/teachers/submit/ HTTP/1.1" 302 0
INFO 2025-12-09 11:01:36,908 basehttp "GET /narrator/9/analysis/ HTTP/1.1" 200 44242
INFO 2025-12-09 11:01:37,070 basehttp "GET /narrator/9/network/ HTTP/1.1" 200 1147
INFO 2025-12-09 11:01:44,815 basehttp "GET /narrator/9/teachers/add/ HTTP/1.1" 200 39694
INFO 2025-12-09 11:02:00,266 basehttp "POST /narrator/9/teachers/submit/ HTTP/1.1" 302 0
INFO 2025-12-09 11:02:00,354 basehttp "GET /narrator/9/analysis/ HTTP/1.1" 200 44261
INFO 2025-12-09 11:02:00,482 basehttp "GET /narrator/9/network/ HTTP/1.1" 200 1383
INFO 2025-12-09 11:02:12,432 basehttp "GET /narrator/9/teachers/add/ HTTP/1.1" 200 41002
INFO 2025-12-09 11:02:23,059 basehttp "POST /narrator/9/teachers/submit/ HTTP/1.1" 302 0
INFO 2025-12-09 11:02:23,141 basehttp "GET /narrator/9/analysis/ HTTP/1.1" 200 44283
INFO 2025-12-09 11:02:23,267 basehttp "GET /narrator/9/network/ HTTP/1.1" 200 1626
INFO 2025-12-09 11:02:31,274 basehttp "GET /narrator/9/analysis/ HTTP/1.1" 200 43847
INFO 2025-12-09 11:02:31,387 basehttp "GET /narrator/9/network/ HTTP/1.1" 200 1626
INFO 2025-12-09 11:02:38,451 basehttp "GET /narrator/9/timeline/ HTTP/1.1" 200 802
INFO 2025-12-09 11:02:41,119 basehttp "GET /narrator/9/geographical/ HTTP/1.1" 200 320
ERROR 2025-12-09 11:02:42,700 log Internal Server Error: /narrator/9/comparison/
Traceback (most recent call last):
  File "C:\Users\T\AppData\Local\Programs\Python\Python310\lib\site-packages\django\core\handlers\exception.py", line 55, in inner
    response = get_response(request)
  File "C:\Users\T\AppData\Local\Programs\Python\Python310\lib\site-packages\django\core\handlers\base.py", line 197, in _get_response
    response = wrapped_callback(request, *callback_args, **callback_kwargs)
  File "C:\Users\T\AppData\Local\Programs\Python\Python310\lib\site-packages\django\views\decorators\http.py", line 64, in inner
    return func(request, *args, **kwargs)
  File "D:\sanad-system\sanad_system\hadith_app\views\narrator_analysis_views.py", line 429, in narrator_comparison_api
    avg_teacher_age = sum(t['age'] or 0 for t in teachers_stats) / len([t for t in teachers_stats if t['age']])
ZeroDivisionError: division by zero
ERROR 2025-12-09 11:02:42,704 basehttp "GET /narrator/9/comparison/ HTTP/1.1" 500 77078
INFO 2025-12-09 11:04:20,322 basehttp "GET /hadith/ HTTP/1.1" 200 61919
INFO 2025-12-09 11:04:24,108 basehttp "GET /hadith/1/ HTTP/1.1" 200 43353
INFO 2025-12-09 11:04:48,483 basehttp "GET /sanad/1/tree/ HTTP/1.1" 200 49649
INFO 2025-12-09 11:04:55,804 basehttp "GET /sanad/1/comparison/ HTTP/1.1" 200 60711
INFO 2025-12-09 11:05:55,472 basehttp "GET /hadith/ HTTP/1.1" 200 61919
INFO 2025-12-09 11:05:59,863 basehttp "GET /hadith/1/ HTTP/1.1" 200 43353
INFO 2025-12-09 11:06:19,053 basehttp "GET /sanad/4/edit/ HTTP/1.1" 200 36749
INFO 2025-12-09 11:08:07,028 autoreload D:\sanad-system\sanad_system\hadith_app\models.py changed, reloading.
INFO 2025-12-09 11:08:11,991 autoreload Watching for file changes with StatReloader
ERROR 2025-12-09 11:08:55,576 log Internal Server Error: /hadith/1/
Traceback (most recent call last):
  File "C:\Users\T\AppData\Local\Programs\Python\Python310\lib\site-packages\django\core\handlers\exception.py", line 55, in inner
    response = get_response(request)
  File "C:\Users\T\AppData\Local\Programs\Python\Python310\lib\site-packages\django\core\handlers\base.py", line 220, in _get_response
    response = response.render()
  File "C:\Users\T\AppData\Local\Programs\Python\Python310\lib\site-packages\django\template\response.py", line 114, in render
    self.content = self.rendered_content
  File "C:\Users\T\AppData\Local\Programs\Python\Python310\lib\site-packages\django\template\response.py", line 92, in rendered_content
    return template.render(context, self._request)
  File "C:\Users\T\AppData\Local\Programs\Python\Python310\lib\site-packages\django\template\backends\django.py", line 107, in render
    return self.template.render(context)
  File "C:\Users\T\AppData\Local\Programs\Python\Python310\lib\site-packages\django\template\base.py", line 171, in render
    return self._render(context)
  File "C:\Users\T\AppData\Local\Programs\Python\Python310\lib\site-packages\django\template\base.py", line 163, in _render
    return self.nodelist.render(context)
  File "C:\Users\T\AppData\Local\Programs\Python\Python310\lib\site-packages\django\template\base.py", line 1016, in render
    return SafeString("".join([node.render_annotated(context) for node in self]))
  File "C:\Users\T\AppData\Local\Programs\Python\Python310\lib\site-packages\django\template\base.py", line 1016, in <listcomp>
    return SafeString("".join([node.render_annotated(context) for node in self]))
  File "C:\Users\T\AppData\Local\Programs\Python\Python310\lib\site-packages\django\template\base.py", line 977, in render_annotated
    return self.render(context)
  File "C:\Users\T\AppData\Local\Programs\Python\Python310\lib\site-packages\django\template\loader_tags.py", line 159, in render
    return compiled_parent._render(context)
  File "C:\Users\T\AppData\Local\Programs\Python\Python310\lib\site-packages\django\template\base.py", line 163, in _render
    return self.nodelist.render(context)
  File "C:\Users\T\AppData\Local\Programs\Python\Python310\lib\site-packages\django\template\base.py", line 1016, in render
    return SafeString("".join([node.render_annotated(context) for node in self]))
  File "C:\Users\T\AppData\Local\Programs\Python\Python310\lib\site-packages\django\template\base.py", line 1016, in <listcomp>
    return SafeString("".join([node.render_annotated(context) for node in self]))
  File "C:\Users\T\AppData\Local\Programs\Python\Python310\lib\site-packages\django\template\base.py", line 977, in render_annotated
    return self.render(context)
  File "C:\Users\T\AppData\Local\Programs\Python\Python310\lib\site-packages\django\template\loader_tags.py", line 65, in render
    result = block.nodelist.render(context)
  File "C:\Users\T\AppData\Local\Programs\Python\Python310\lib\site-packages\django\template\base.py", line 1016, in render
    return SafeString("".join([node.render_annotated(context) for node in self]))
  File "C:\Users\T\AppData\Local\Programs\Python\Python310\lib\site-packages\django\template\base.py", line 1016, in <listcomp>
    return SafeString("".join([node.render_annotated(context) for node in self]))
  File "C:\Users\T\AppData\Local\Programs\Python\Python310\lib\site-packages\django\template\base.py", line 977, in render_annotated
    return self.render(context)
  File "C:\Users\T\AppData\Local\Programs\Python\Python310\lib\site-packages\django\template\defaulttags.py", line 327, in render
    return nodelist.render(context)
  File "C:\Users\T\AppData\Local\Programs\Python\Python310\lib\site-packages\django\template\base.py", line 1016, in render
    return SafeString("".join([node.render_annotated(context) for node in self]))
  File "C:\Users\T\AppData\Local\Programs\Python\Python310\lib\site-packages\django\template\base.py", line 1016, in <listcomp>
    return SafeString("".join([node.render_annotated(context) for node in self]))
  File "C:\Users\T\AppData\Local\Programs\Python\Python310\lib\site-packages\django\template\base.py", line 977, in render_annotated
    return self.render(context)
  File "C:\Users\T\AppData\Local\Programs\Python\Python310\lib\site-packages\django\template\defaulttags.py", line 480, in render
    url = reverse(view_name, args=args, kwargs=kwargs, current_app=current_app)
  File "C:\Users\T\AppData\Local\Programs\Python\Python310\lib\site-packages\django\urls\base.py", line 98, in reverse
    resolved_url = resolver._reverse_with_prefix(view, prefix, *args, **kwargs)
  File "C:\Users\T\AppData\Local\Programs\Python\Python310\lib\site-packages\django\urls\resolvers.py", line 831, in _reverse_with_prefix
    raise NoReverseMatch(msg)
django.urls.exceptions.NoReverseMatch: Reverse for 'hadith_sanad_texts' not found. 'hadith_sanad_texts' is not a valid view function or pattern name.
ERROR 2025-12-09 11:08:55,609 basehttp "GET /hadith/1/ HTTP/1.1" 500 194381
INFO 2025-12-09 11:09:17,775 autoreload D:\sanad-system\sanad_system\hadith_app\urls.py changed, reloading.
INFO 2025-12-09 11:09:20,904 autoreload Watching for file changes with StatReloader
ERROR 2025-12-09 11:09:37,383 log Internal Server Error: /hadith/1/
Traceback (most recent call last):
  File "C:\Users\T\AppData\Local\Programs\Python\Python310\lib\site-packages\django\core\handlers\exception.py", line 55, in inner
    response = get_response(request)
  File "C:\Users\T\AppData\Local\Programs\Python\Python310\lib\site-packages\django\core\handlers\base.py", line 220, in _get_response
    response = response.render()
  File "C:\Users\T\AppData\Local\Programs\Python\Python310\lib\site-packages\django\template\response.py", line 114, in render
    self.content = self.rendered_content
  File "C:\Users\T\AppData\Local\Programs\Python\Python310\lib\site-packages\django\template\response.py", line 92, in rendered_content
    return template.render(context, self._request)
  File "C:\Users\T\AppData\Local\Programs\Python\Python310\lib\site-packages\django\template\backends\django.py", line 107, in render
    return self.template.render(context)
  File "C:\Users\T\AppData\Local\Programs\Python\Python310\lib\site-packages\django\template\base.py", line 171, in render
    return self._render(context)
  File "C:\Users\T\AppData\Local\Programs\Python\Python310\lib\site-packages\django\template\base.py", line 163, in _render
    return self.nodelist.render(context)
  File "C:\Users\T\AppData\Local\Programs\Python\Python310\lib\site-packages\django\template\base.py", line 1016, in render
    return SafeString("".join([node.render_annotated(context) for node in self]))
  File "C:\Users\T\AppData\Local\Programs\Python\Python310\lib\site-packages\django\template\base.py", line 1016, in <listcomp>
    return SafeString("".join([node.render_annotated(context) for node in self]))
  File "C:\Users\T\AppData\Local\Programs\Python\Python310\lib\site-packages\django\template\base.py", line 977, in render_annotated
    return self.render(context)
  File "C:\Users\T\AppData\Local\Programs\Python\Python310\lib\site-packages\django\template\loader_tags.py", line 159, in render
    return compiled_parent._render(context)
  File "C:\Users\T\AppData\Local\Programs\Python\Python310\lib\site-packages\django\template\base.py", line 163, in _render
    return self.nodelist.render(context)
  File "C:\Users\T\AppData\Local\Programs\Python\Python310\lib\site-packages\django\template\base.py", line 1016, in render
    return SafeString("".join([node.render_annotated(context) for node in self]))
  File "C:\Users\T\AppData\Local\Programs\Python\Python310\lib\site-packages\django\template\base.py", line 1016, in <listcomp>
    return SafeString("".join([node.render_annotated(context) for node in self]))
  File "C:\Users\T\AppData\Local\Programs\Python\Python310\lib\site-packages\django\template\base.py", line 977, in render_annotated
    return self.render(context)
  File "C:\Users\T\AppData\Local\Programs\Python\Python310\lib\site-packages\django\template\loader_tags.py", line 65, in render
    result = block.nodelist.render(context)
  File "C:\Users\T\AppData\Local\Programs\Python\Python310\lib\site-packages\django\template\base.py", line 1016, in render
    return SafeString("".join([node.render_annotated(context) for node in self]))
  File "C:\Users\T\AppData\Local\Programs\Python\Python310\lib\site-packages\django\template\base.py", line 1016, in <listcomp>
    return SafeString("".join([node.render_annotated(context) for node in self]))
  File "C:\Users\T\AppData\Local\Programs\Python\Python310\lib\site-packages\django\template\base.py", line 977, in render_annotated
    return self.render(context)
  File "C:\Users\T\AppData\Local\Programs\Python\Python310\lib\site-packages\django\template\defaulttags.py", line 327, in render
    return nodelist.render(context)
  File "C:\Users\T\AppData\Local\Programs\Python\Python310\lib\site-packages\django\template\base.py", line 1016, in render
    return SafeString("".join([node.render_annotated(context) for node in self]))
  File "C:\Users\T\AppData\Local\Programs\Python\Python310\lib\site-packages\django\template\base.py", line 1016, in <listcomp>
    return SafeString("".join([node.render_annotated(context) for node in self]))
  File "C:\Users\T\AppData\Local\Programs\Python\Python310\lib\site-packages\django\template\base.py", line 977, in render_annotated
    return self.render(context)
  File "C:\Users\T\AppData\Local\Programs\Python\Python310\lib\site-packages\django\template\defaulttags.py", line 480, in render
    url = reverse(view_name, args=args, kwargs=kwargs, current_app=current_app)
  File "C:\Users\T\AppData\Local\Programs\Python\Python310\lib\site-packages\django\urls\base.py", line 98, in reverse
    resolved_url = resolver._reverse_with_prefix(view, prefix, *args, **kwargs)
  File "C:\Users\T\AppData\Local\Programs\Python\Python310\lib\site-packages\django\urls\resolvers.py", line 831, in _reverse_with_prefix
    raise NoReverseMatch(msg)
django.urls.exceptions.NoReverseMatch: Reverse for 'hadith_sanad_texts' not found. 'hadith_sanad_texts' is not a valid view function or pattern name.
ERROR 2025-12-09 11:09:37,406 basehttp "GET /hadith/1/ HTTP/1.1" 500 194381
INFO 2025-12-09 11:10:36,746 autoreload Watching for file changes with StatReloader
ERROR 2025-12-09 11:10:53,657 log Internal Server Error: /hadith/1/
Traceback (most recent call last):
  File "C:\Users\T\AppData\Local\Programs\Python\Python310\lib\site-packages\django\template\base.py", line 890, in _resolve_lookup
    raise TypeError
TypeError

During handling of the above exception, another exception occurred:

Traceback (most recent call last):
  File "C:\Users\T\AppData\Local\Programs\Python\Python310\lib\site-packages\django\db\models\fields\related_descriptors.py", line 513, in __get__
    rel_obj = self.related.get_cached_value(instance)
  File "C:\Users\T\AppData\Local\Programs\Python\Python310\lib\site-packages\django\db\models\fields\mixins.py", line 37, in get_cached_value
    return instance._state.fields_cache[self.cache_name]
KeyError: 'sanad_text'

During handling of the above exception, another exception occurred:

Traceback (most recent call last):
  File "C:\Users\T\AppData\Local\Programs\Python\Python310\lib\site-packages\django\db\backends\utils.py", line 105, in _execute
    return self.cursor.execute(sql, params)
  File "C:\Users\T\AppData\Local\Programs\Python\Python310\lib\site-packages\django\db\backends\sqlite3\base.py", line 360, in execute
    return super().execute(query, params)
sqlite3.OperationalError: no such table: hadith_app_sanadtext

The above exception was the direct cause of the following exception:

Traceback (most recent call last):
  File "C:\Users\T\AppData\Local\Programs\Python\Python310\lib\site-packages\django\core\handlers\exception.py", line 55, in inner
    response = get_response(request)
  File "C:\Users\T\AppData\Local\Programs\Python\Python310\lib\site-packages\django\core\handlers\base.py", line 220, in _get_response
    response = response.render()
  File "C:\Users\T\AppData\Local\Programs\Python\Python310\lib\site-packages\django\template\response.py", line 114, in render
    self.content = self.rendered_content
  File "C:\Users\T\AppData\Local\Programs\Python\Python310\lib\site-packages\django\template\response.py", line 92, in rendered_content
    return template.render(context, self._request)
  File "C:\Users\T\AppData\Local\Programs\Python\Python310\lib\site-packages\django\template\backends\django.py", line 107, in render
    return self.template.render(context)
  File "C:\Users\T\AppData\Local\Programs\Python\Python310\lib\site-packages\django\template\base.py", line 171, in render
    return self._render(context)
  File "C:\Users\T\AppData\Local\Programs\Python\Python310\lib\site-packages\django\template\base.py", line 163, in _render
    return self.nodelist.render(context)
  File "C:\Users\T\AppData\Local\Programs\Python\Python310\lib\site-packages\django\template\base.py", line 1016, in render
    return SafeString("".join([node.render_annotated(context) for node in self]))
  File "C:\Users\T\AppData\Local\Programs\Python\Python310\lib\site-packages\django\template\base.py", line 1016, in <listcomp>
    return SafeString("".join([node.render_annotated(context) for node in self]))
  File "C:\Users\T\AppData\Local\Programs\Python\Python310\lib\site-packages\django\template\base.py", line 977, in render_annotated
    return self.render(context)
  File "C:\Users\T\AppData\Local\Programs\Python\Python310\lib\site-packages\django\template\loader_tags.py", line 159, in render
    return compiled_parent._render(context)
  File "C:\Users\T\AppData\Local\Programs\Python\Python310\lib\site-packages\django\template\base.py", line 163, in _render
    return self.nodelist.render(context)
  File "C:\Users\T\AppData\Local\Programs\Python\Python310\lib\site-packages\django\template\base.py", line 1016, in render
    return SafeString("".join([node.render_annotated(context) for node in self]))
  File "C:\Users\T\AppData\Local\Programs\Python\Python310\lib\site-packages\django\template\base.py", line 1016, in <listcomp>
    return SafeString("".join([node.render_annotated(context) for node in self]))
  File "C:\Users\T\AppData\Local\Programs\Python\Python310\lib\site-packages\django\template\base.py", line 977, in render_annotated
    return self.render(context)
  File "C:\Users\T\AppData\Local\Programs\Python\Python310\lib\site-packages\django\template\loader_tags.py", line 65, in render
    result = block.nodelist.render(context)
  File "C:\Users\T\AppData\Local\Programs\Python\Python310\lib\site-packages\django\template\base.py", line 1016, in render
    return SafeString("".join([node.render_annotated(context) for node in self]))
  File "C:\Users\T\AppData\Local\Programs\Python\Python310\lib\site-packages\django\template\base.py", line 1016, in <listcomp>
    return SafeString("".join([node.render_annotated(context) for node in self]))
  File "C:\Users\T\AppData\Local\Programs\Python\Python310\lib\site-packages\django\template\base.py", line 977, in render_annotated
    return self.render(context)
  File "C:\Users\T\AppData\Local\Programs\Python\Python310\lib\site-packages\django\template\defaulttags.py", line 327, in render
    return nodelist.render(context)
  File "C:\Users\T\AppData\Local\Programs\Python\Python310\lib\site-packages\django\template\base.py", line 1016, in render
    return SafeString("".join([node.render_annotated(context) for node in self]))
  File "C:\Users\T\AppData\Local\Programs\Python\Python310\lib\site-packages\django\template\base.py", line 1016, in <listcomp>
    return SafeString("".join([node.render_annotated(context) for node in self]))
  File "C:\Users\T\AppData\Local\Programs\Python\Python310\lib\site-packages\django\template\base.py", line 977, in render_annotated
    return self.render(context)
  File "C:\Users\T\AppData\Local\Programs\Python\Python310\lib\site-packages\django\template\defaulttags.py", line 243, in render
    nodelist.append(node.render_annotated(context))
  File "C:\Users\T\AppData\Local\Programs\Python\Python310\lib\site-packages\django\template\base.py", line 977, in render_annotated
    return self.render(context)
  File "C:\Users\T\AppData\Local\Programs\Python\Python310\lib\site-packages\django\template\defaulttags.py", line 320, in render
    match = condition.eval(context)
  File "C:\Users\T\AppData\Local\Programs\Python\Python310\lib\site-packages\django\template\defaulttags.py", line 886, in eval
    return self.value.resolve(context, ignore_failures=True)
  File "C:\Users\T\AppData\Local\Programs\Python\Python310\lib\site-packages\django\template\base.py", line 722, in resolve
    obj = self.var.resolve(context)
  File "C:\Users\T\AppData\Local\Programs\Python\Python310\lib\site-packages\django\template\base.py", line 854, in resolve
    value = self._resolve_lookup(context)
  File "C:\Users\T\AppData\Local\Programs\Python\Python310\lib\site-packages\django\template\base.py", line 901, in _resolve_lookup
    current = getattr(current, bit)
  File "C:\Users\T\AppData\Local\Programs\Python\Python310\lib\site-packages\django\db\models\fields\related_descriptors.py", line 520, in __get__
    rel_obj = self.get_queryset(instance=instance).get(**filter_args)
  File "C:\Users\T\AppData\Local\Programs\Python\Python310\lib\site-packages\django\db\models\query.py", line 629, in get
    num = len(clone)
  File "C:\Users\T\AppData\Local\Programs\Python\Python310\lib\site-packages\django\db\models\query.py", line 366, in __len__
    self._fetch_all()
  File "C:\Users\T\AppData\Local\Programs\Python\Python310\lib\site-packages\django\db\models\query.py", line 1935, in _fetch_all
    self._result_cache = list(self._iterable_class(self))
  File "C:\Users\T\AppData\Local\Programs\Python\Python310\lib\site-packages\django\db\models\query.py", line 91, in __iter__
    results = compiler.execute_sql(
  File "C:\Users\T\AppData\Local\Programs\Python\Python310\lib\site-packages\django\db\models\sql\compiler.py", line 1622, in execute_sql
    cursor.execute(sql, params)
  File "C:\Users\T\AppData\Local\Programs\Python\Python310\lib\site-packages\django\db\backends\utils.py", line 122, in execute
    return super().execute(sql, params)
  File "C:\Users\T\AppData\Local\Programs\Python\Python310\lib\site-packages\django\db\backends\utils.py", line 79, in execute
    return self._execute_with_wrappers(
  File "C:\Users\T\AppData\Local\Programs\Python\Python310\lib\site-packages\django\db\backends\utils.py", line 92, in _execute_with_wrappers
    return executor(sql, params, many, context)
  File "C:\Users\T\AppData\Local\Programs\Python\Python310\lib\site-packages\django\db\backends\utils.py", line 100, in _execute
    with self.db.wrap_database_errors:
  File "C:\Users\T\AppData\Local\Programs\Python\Python310\lib\site-packages\django\db\utils.py", line 91, in __exit__
    raise dj_exc_value.with_traceback(traceback) from exc_value
  File "C:\Users\T\AppData\Local\Programs\Python\Python310\lib\site-packages\django\db\backends\utils.py", line 105, in _execute
    return self.cursor.execute(sql, params)
  File "C:\Users\T\AppData\Local\Programs\Python\Python310\lib\site-packages\django\db\backends\sqlite3\base.py", line 360, in execute
    return super().execute(query, params)
django.db.utils.OperationalError: no such table: hadith_app_sanadtext
ERROR 2025-12-09 11:10:53,729 basehttp "GET /hadith/1/ HTTP/1.1" 500 297973
ERROR 2025-12-09 11:10:55,363 log Internal Server Error: /hadith/1/
Traceback (most recent call last):
  File "C:\Users\T\AppData\Local\Programs\Python\Python310\lib\site-packages\django\template\base.py", line 890, in _resolve_lookup
    raise TypeError
TypeError

During handling of the above exception, another exception occurred:

Traceback (most recent call last):
  File "C:\Users\T\AppData\Local\Programs\Python\Python310\lib\site-packages\django\db\models\fields\related_descriptors.py", line 513, in __get__
    rel_obj = self.related.get_cached_value(instance)
  File "C:\Users\T\AppData\Local\Programs\Python\Python310\lib\site-packages\django\db\models\fields\mixins.py", line 37, in get_cached_value
    return instance._state.fields_cache[self.cache_name]
KeyError: 'sanad_text'

During handling of the above exception, another exception occurred:

Traceback (most recent call last):
  File "C:\Users\T\AppData\Local\Programs\Python\Python310\lib\site-packages\django\db\backends\utils.py", line 105, in _execute
    return self.cursor.execute(sql, params)
  File "C:\Users\T\AppData\Local\Programs\Python\Python310\lib\site-packages\django\db\backends\sqlite3\base.py", line 360, in execute
    return super().execute(query, params)
sqlite3.OperationalError: no such table: hadith_app_sanadtext

The above exception was the direct cause of the following exception:

Traceback (most recent call last):
  File "C:\Users\T\AppData\Local\Programs\Python\Python310\lib\site-packages\django\core\handlers\exception.py", line 55, in inner
    response = get_response(request)
  File "C:\Users\T\AppData\Local\Programs\Python\Python310\lib\site-packages\django\core\handlers\base.py", line 220, in _get_response
    response = response.render()
  File "C:\Users\T\AppData\Local\Programs\Python\Python310\lib\site-packages\django\template\response.py", line 114, in render
    self.content = self.rendered_content
  File "C:\Users\T\AppData\Local\Programs\Python\Python310\lib\site-packages\django\template\response.py", line 92, in rendered_content
    return template.render(context, self._request)
  File "C:\Users\T\AppData\Local\Programs\Python\Python310\lib\site-packages\django\template\backends\django.py", line 107, in render
    return self.template.render(context)
  File "C:\Users\T\AppData\Local\Programs\Python\Python310\lib\site-packages\django\template\base.py", line 171, in render
    return self._render(context)
  File "C:\Users\T\AppData\Local\Programs\Python\Python310\lib\site-packages\django\template\base.py", line 163, in _render
    return self.nodelist.render(context)
  File "C:\Users\T\AppData\Local\Programs\Python\Python310\lib\site-packages\django\template\base.py", line 1016, in render
    return SafeString("".join([node.render_annotated(context) for node in self]))
  File "C:\Users\T\AppData\Local\Programs\Python\Python310\lib\site-packages\django\template\base.py", line 1016, in <listcomp>
    return SafeString("".join([node.render_annotated(context) for node in self]))
  File "C:\Users\T\AppData\Local\Programs\Python\Python310\lib\site-packages\django\template\base.py", line 977, in render_annotated
    return self.render(context)
  File "C:\Users\T\AppData\Local\Programs\Python\Python310\lib\site-packages\django\template\loader_tags.py", line 159, in render
    return compiled_parent._render(context)
  File "C:\Users\T\AppData\Local\Programs\Python\Python310\lib\site-packages\django\template\base.py", line 163, in _render
    return self.nodelist.render(context)
  File "C:\Users\T\AppData\Local\Programs\Python\Python310\lib\site-packages\django\template\base.py", line 1016, in render
    return SafeString("".join([node.render_annotated(context) for node in self]))
  File "C:\Users\T\AppData\Local\Programs\Python\Python310\lib\site-packages\django\template\base.py", line 1016, in <listcomp>
    return SafeString("".join([node.render_annotated(context) for node in self]))
  File "C:\Users\T\AppData\Local\Programs\Python\Python310\lib\site-packages\django\template\base.py", line 977, in render_annotated
    return self.render(context)
  File "C:\Users\T\AppData\Local\Programs\Python\Python310\lib\site-packages\django\template\loader_tags.py", line 65, in render
    result = block.nodelist.render(context)
  File "C:\Users\T\AppData\Local\Programs\Python\Python310\lib\site-packages\django\template\base.py", line 1016, in render
    return SafeString("".join([node.render_annotated(context) for node in self]))
  File "C:\Users\T\AppData\Local\Programs\Python\Python310\lib\site-packages\django\template\base.py", line 1016, in <listcomp>
    return SafeString("".join([node.render_annotated(context) for node in self]))
  File "C:\Users\T\AppData\Local\Programs\Python\Python310\lib\site-packages\django\template\base.py", line 977, in render_annotated
    return self.render(context)
  File "C:\Users\T\AppData\Local\Programs\Python\Python310\lib\site-packages\django\template\defaulttags.py", line 327, in render
    return nodelist.render(context)
  File "C:\Users\T\AppData\Local\Programs\Python\Python310\lib\site-packages\django\template\base.py", line 1016, in render
    return SafeString("".join([node.render_annotated(context) for node in self]))
  File "C:\Users\T\AppData\Local\Programs\Python\Python310\lib\site-packages\django\template\base.py", line 1016, in <listcomp>
    return SafeString("".join([node.render_annotated(context) for node in self]))
  File "C:\Users\T\AppData\Local\Programs\Python\Python310\lib\site-packages\django\template\base.py", line 977, in render_annotated
    return self.render(context)
  File "C:\Users\T\AppData\Local\Programs\Python\Python310\lib\site-packages\django\template\defaulttags.py", line 243, in render
    nodelist.append(node.render_annotated(context))
  File "C:\Users\T\AppData\Local\Programs\Python\Python310\lib\site-packages\django\template\base.py", line 977, in render_annotated
    return self.render(context)
  File "C:\Users\T\AppData\Local\Programs\Python\Python310\lib\site-packages\django\template\defaulttags.py", line 320, in render
    match = condition.eval(context)
  File "C:\Users\T\AppData\Local\Programs\Python\Python310\lib\site-packages\django\template\defaulttags.py", line 886, in eval
    return self.value.resolve(context, ignore_failures=True)
  File "C:\Users\T\AppData\Local\Programs\Python\Python310\lib\site-packages\django\template\base.py", line 722, in resolve
    obj = self.var.resolve(context)
  File "C:\Users\T\AppData\Local\Programs\Python\Python310\lib\site-packages\django\template\base.py", line 854, in resolve
    value = self._resolve_lookup(context)
  File "C:\Users\T\AppData\Local\Programs\Python\Python310\lib\site-packages\django\template\base.py", line 901, in _resolve_lookup
    current = getattr(current, bit)
  File "C:\Users\T\AppData\Local\Programs\Python\Python310\lib\site-packages\django\db\models\fields\related_descriptors.py", line 520, in __get__
    rel_obj = self.get_queryset(instance=instance).get(**filter_args)
  File "C:\Users\T\AppData\Local\Programs\Python\Python310\lib\site-packages\django\db\models\query.py", line 629, in get
    num = len(clone)
  File "C:\Users\T\AppData\Local\Programs\Python\Python310\lib\site-packages\django\db\models\query.py", line 366, in __len__
    self._fetch_all()
  File "C:\Users\T\AppData\Local\Programs\Python\Python310\lib\site-packages\django\db\models\query.py", line 1935, in _fetch_all
    self._result_cache = list(self._iterable_class(self))
  File "C:\Users\T\AppData\Local\Programs\Python\Python310\lib\site-packages\django\db\models\query.py", line 91, in __iter__
    results = compiler.execute_sql(
  File "C:\Users\T\AppData\Local\Programs\Python\Python310\lib\site-packages\django\db\models\sql\compiler.py", line 1622, in execute_sql
    cursor.execute(sql, params)
  File "C:\Users\T\AppData\Local\Programs\Python\Python310\lib\site-packages\django\db\backends\utils.py", line 122, in execute
    return super().execute(sql, params)
  File "C:\Users\T\AppData\Local\Programs\Python\Python310\lib\site-packages\django\db\backends\utils.py", line 79, in execute
    return self._execute_with_wrappers(
  File "C:\Users\T\AppData\Local\Programs\Python\Python310\lib\site-packages\django\db\backends\utils.py", line 92, in _execute_with_wrappers
    return executor(sql, params, many, context)
  File "C:\Users\T\AppData\Local\Programs\Python\Python310\lib\site-packages\django\db\backends\utils.py", line 100, in _execute
    with self.db.wrap_database_errors:
  File "C:\Users\T\AppData\Local\Programs\Python\Python310\lib\site-packages\django\db\utils.py", line 91, in __exit__
    raise dj_exc_value.with_traceback(traceback) from exc_value
  File "C:\Users\T\AppData\Local\Programs\Python\Python310\lib\site-packages\django\db\backends\utils.py", line 105, in _execute
    return self.cursor.execute(sql, params)
  File "C:\Users\T\AppData\Local\Programs\Python\Python310\lib\site-packages\django\db\backends\sqlite3\base.py", line 360, in execute
    return super().execute(query, params)
django.db.utils.OperationalError: no such table: hadith_app_sanadtext
ERROR 2025-12-09 11:10:55,400 basehttp "GET /hadith/1/ HTTP/1.1" 500 297973
INFO 2025-12-09 11:12:02,897 autoreload Watching for file changes with StatReloader
INFO 2025-12-09 11:12:17,545 basehttp "GET /hadith/1/ HTTP/1.1" 200 45889
INFO 2025-12-09 11:12:28,005 basehttp "GET /hadith/1/texts/ HTTP/1.1" 200 34928
ERROR 2025-12-09 11:12:53,920 log Internal Server Error: /sanad/2/text/
Traceback (most recent call last):
  File "C:\Users\T\AppData\Local\Programs\Python\Python310\lib\site-packages\django\core\handlers\exception.py", line 55, in inner
    response = get_response(request)
  File "C:\Users\T\AppData\Local\Programs\Python\Python310\lib\site-packages\django\core\handlers\base.py", line 197, in _get_response
    response = wrapped_callback(request, *callback_args, **callback_kwargs)
  File "C:\Users\T\AppData\Local\Programs\Python\Python310\lib\site-packages\django\views\decorators\http.py", line 64, in inner
    return func(request, *args, **kwargs)
  File "D:\sanad-system\sanad_system\hadith_app\views\sanad_text_views.py", line 45, in sanad_text_detail_view
    return render(request, 'hadith_app/sanad_text_detail.html', context)
  File "C:\Users\T\AppData\Local\Programs\Python\Python310\lib\site-packages\django\shortcuts.py", line 25, in render
    content = loader.render_to_string(template_name, context, request, using=using)
  File "C:\Users\T\AppData\Local\Programs\Python\Python310\lib\site-packages\django\template\loader.py", line 61, in render_to_string
    template = get_template(template_name, using=using)
  File "C:\Users\T\AppData\Local\Programs\Python\Python310\lib\site-packages\django\template\loader.py", line 19, in get_template
    raise TemplateDoesNotExist(template_name, chain=chain)
django.template.exceptions.TemplateDoesNotExist: hadith_app/sanad_text_detail.html
ERROR 2025-12-09 11:12:53,930 basehttp "GET /sanad/2/text/ HTTP/1.1" 500 93829
INFO 2025-12-09 11:13:39,659 basehttp "GET /hadith/1/texts/ HTTP/1.1" 200 34928
INFO 2025-12-09 11:13:48,482 basehttp "GET /hadith/1/texts/comparison/ HTTP/1.1" 200 38443
INFO 2025-12-09 11:14:19,189 basehttp "GET /hadith/1/ HTTP/1.1" 200 46238
INFO 2025-12-09 11:14:42,033 basehttp "GET /hadith/1/ HTTP/1.1" 200 46238
INFO 2025-12-09 11:14:46,110 basehttp "GET /sanad/4/text/ HTTP/1.1" 200 37935
ERROR 2025-12-09 11:14:56,324 log Internal Server Error: /sanad/4/text/edit/2/
Traceback (most recent call last):
  File "C:\Users\T\AppData\Local\Programs\Python\Python310\lib\site-packages\django\core\handlers\exception.py", line 55, in inner
    response = get_response(request)
  File "C:\Users\T\AppData\Local\Programs\Python\Python310\lib\site-packages\django\core\handlers\base.py", line 220, in _get_response
    response = response.render()
  File "C:\Users\T\AppData\Local\Programs\Python\Python310\lib\site-packages\django\template\response.py", line 114, in render
    self.content = self.rendered_content
  File "C:\Users\T\AppData\Local\Programs\Python\Python310\lib\site-packages\django\template\response.py", line 90, in rendered_content
    template = self.resolve_template(self.template_name)
  File "C:\Users\T\AppData\Local\Programs\Python\Python310\lib\site-packages\django\template\response.py", line 72, in resolve_template
    return select_template(template, using=self.using)
  File "C:\Users\T\AppData\Local\Programs\Python\Python310\lib\site-packages\django\template\loader.py", line 47, in select_template
    raise TemplateDoesNotExist(", ".join(template_name_list), chain=chain)
django.template.exceptions.TemplateDoesNotExist: hadith_app/sanad_text_edit.html
ERROR 2025-12-09 11:14:56,336 basehttp "GET /sanad/4/text/edit/2/ HTTP/1.1" 500 86287
INFO 2025-12-09 11:15:41,132 basehttp "GET /sanad/4/text/edit/2/ HTTP/1.1" 200 37645
INFO 2025-12-09 11:16:10,999 basehttp "POST /sanad/4/text/edit/2/ HTTP/1.1" 302 0
INFO 2025-12-09 11:16:11,646 basehttp "GET /sanad/4/text/ HTTP/1.1" 200 38662
INFO 2025-12-09 11:16:26,738 basehttp "GET /hadith/1/ HTTP/1.1" 200 46454
INFO 2025-12-09 11:16:45,622 basehttp "GET /narrators/9/ HTTP/1.1" 200 27227
INFO 2025-12-09 11:16:49,054 basehttp "GET /narrator/9/analysis/ HTTP/1.1" 200 43847
INFO 2025-12-09 11:16:49,367 basehttp "GET /narrator/9/network/ HTTP/1.1" 200 1626
INFO 2025-12-09 11:16:56,889 basehttp "GET /narrator/9/timeline/ HTTP/1.1" 200 802
INFO 2025-12-09 11:16:58,808 basehttp "GET /narrator/9/geographical/ HTTP/1.1" 200 320
ERROR 2025-12-09 11:17:01,065 log Internal Server Error: /narrator/9/comparison/
Traceback (most recent call last):
  File "C:\Users\T\AppData\Local\Programs\Python\Python310\lib\site-packages\django\core\handlers\exception.py", line 55, in inner
    response = get_response(request)
  File "C:\Users\T\AppData\Local\Programs\Python\Python310\lib\site-packages\django\core\handlers\base.py", line 197, in _get_response
    response = wrapped_callback(request, *callback_args, **callback_kwargs)
  File "C:\Users\T\AppData\Local\Programs\Python\Python310\lib\site-packages\django\views\decorators\http.py", line 64, in inner
    return func(request, *args, **kwargs)
  File "D:\sanad-system\sanad_system\hadith_app\views\narrator_analysis_views.py", line 429, in narrator_comparison_api
    avg_teacher_age = sum(t['age'] or 0 for t in teachers_stats) / len([t for t in teachers_stats if t['age']])
ZeroDivisionError: division by zero
ERROR 2025-12-09 11:17:01,072 basehttp "GET /narrator/9/comparison/ HTTP/1.1" 500 77078
INFO 2025-12-09 11:17:13,545 basehttp "GET /narrator/9/analysis/ HTTP/1.1" 200 43847
INFO 2025-12-09 11:17:13,717 basehttp "GET /narrator/9/network/ HTTP/1.1" 200 1626
INFO 2025-12-09 11:18:16,531 autoreload D:\sanad-system\sanad_system\hadith_app\urls.py changed, reloading.
INFO 2025-12-09 11:18:20,704 autoreload Watching for file changes with StatReloader
INFO 2025-12-09 11:21:07,453 autoreload D:\sanad-system\sanad_system\hadith_app\models.py changed, reloading.
INFO 2025-12-09 11:21:10,158 autoreload Watching for file changes with StatReloader
INFO 2025-12-09 11:23:49,208 autoreload Watching for file changes with StatReloader
INFO 2025-12-09 11:24:10,109 basehttp "GET /narrator/9/teachers/add/ HTTP/1.1" 200 42316
INFO 2025-12-09 11:24:24,048 basehttp "GET /narrators/9/ HTTP/1.1" 200 27227
INFO 2025-12-09 11:24:28,239 basehttp "GET /narrator/9/analysis/ HTTP/1.1" 200 44805
INFO 2025-12-09 11:24:29,204 basehttp "GET /narrator/9/network/ HTTP/1.1" 200 1626
INFO 2025-12-09 11:24:40,493 basehttp "GET /narrator/9/students/add/ HTTP/1.1" 200 68219
INFO 2025-12-09 11:25:44,424 basehttp "POST /narrator/9/students/submit/ HTTP/1.1" 302 0
INFO 2025-12-09 11:25:44,602 basehttp "GET /narrator/9/analysis/ HTTP/1.1" 200 45240
INFO 2025-12-09 11:25:44,733 basehttp "GET /narrator/9/network/ HTTP/1.1" 200 1626
INFO 2025-12-09 11:25:53,346 basehttp "GET /narrator/9/comparison/ HTTP/1.1" 200 1578
INFO 2025-12-09 11:25:56,865 basehttp "GET /narrator/9/network/ HTTP/1.1" 200 1626
INFO 2025-12-09 11:26:04,790 basehttp "GET /narrator/9/students/add/ HTTP/1.1" 200 67754
INFO 2025-12-09 11:26:25,913 basehttp "GET /narrator/9/analysis/ HTTP/1.1" 200 45026
INFO 2025-12-09 11:26:26,082 basehttp "GET /narrator/9/network/ HTTP/1.1" 200 1626
INFO 2025-12-09 11:27:32,393 basehttp "GET /narrator/9/timeline/ HTTP/1.1" 200 802
INFO 2025-12-09 11:27:37,090 basehttp "GET /narrator/9/geographical/ HTTP/1.1" 200 320
INFO 2025-12-09 11:27:38,921 basehttp "GET /narrator/9/comparison/ HTTP/1.1" 200 1578
INFO 2025-12-09 11:27:43,602 autoreload D:\sanad-system\sanad_system\hadith_app\views\narrator_analysis_views.py changed, reloading.
INFO 2025-12-09 11:27:46,665 autoreload Watching for file changes with StatReloader
INFO 2025-12-09 11:28:07,104 autoreload D:\sanad-system\sanad_system\hadith_app\views\narrator_analysis_views.py changed, reloading.
INFO 2025-12-09 11:28:09,724 autoreload Watching for file changes with StatReloader
INFO 2025-12-09 11:28:26,338 basehttp "GET /narrator/9/analysis/ HTTP/1.1" 200 45026
INFO 2025-12-09 11:28:26,535 basehttp "GET /narrator/9/network/ HTTP/1.1" 200 1992
INFO 2025-12-09 11:28:40,952 basehttp "GET /narrator/9/timeline/ HTTP/1.1" 200 802
INFO 2025-12-09 11:28:45,487 basehttp "GET /narrator/9/geographical/ HTTP/1.1" 200 320
ERROR 2025-12-09 11:28:50,892 log Internal Server Error: /narrator/9/comparison/
Traceback (most recent call last):
  File "C:\Users\T\AppData\Local\Programs\Python\Python310\lib\site-packages\django\core\handlers\exception.py", line 55, in inner
    response = get_response(request)
  File "C:\Users\T\AppData\Local\Programs\Python\Python310\lib\site-packages\django\core\handlers\base.py", line 197, in _get_response
    response = wrapped_callback(request, *callback_args, **callback_kwargs)
  File "C:\Users\T\AppData\Local\Programs\Python\Python310\lib\site-packages\django\views\decorators\http.py", line 64, in inner
    return func(request, *args, **kwargs)
  File "D:\sanad-system\sanad_system\hadith_app\views\narrator_analysis_views.py", line 464, in narrator_comparison_api
    'name': narrator.name,
NameError: name 'TeacherStudentRelationship' is not defined
ERROR 2025-12-09 11:28:50,898 basehttp "GET /narrator/9/comparison/ HTTP/1.1" 500 76671
INFO 2025-12-09 11:29:49,647 autoreload D:\sanad-system\sanad_system\hadith_app\views\narrator_analysis_views.py changed, reloading.
INFO 2025-12-09 11:29:53,041 autoreload Watching for file changes with StatReloader
INFO 2025-12-09 11:30:09,832 basehttp "GET /narrator/9/analysis/ HTTP/1.1" 200 45026
INFO 2025-12-09 11:30:10,004 basehttp "GET /narrator/9/network/ HTTP/1.1" 200 1992
INFO 2025-12-09 11:30:19,609 basehttp "GET /narrator/9/analysis/ HTTP/1.1" 200 45026
INFO 2025-12-09 11:30:19,708 basehttp "GET /narrator/9/network/ HTTP/1.1" 200 1992
INFO 2025-12-09 11:30:24,665 basehttp "GET /narrator/9/timeline/ HTTP/1.1" 200 802
INFO 2025-12-09 11:30:25,804 basehttp "GET /narrator/9/geographical/ HTTP/1.1" 200 320
INFO 2025-12-09 11:30:26,939 basehttp "GET /narrator/9/comparison/ HTTP/1.1" 200 1894
INFO 2025-12-09 11:30:36,192 basehttp "GET /narrator/9/analysis/ HTTP/1.1" 200 45026
INFO 2025-12-09 11:30:36,372 basehttp "GET /narrator/9/network/ HTTP/1.1" 200 1992
INFO 2025-12-09 11:31:30,274 autoreload D:\sanad-system\sanad_system\hadith_app\views\narrator_analysis_views.py changed, reloading.
INFO 2025-12-09 11:31:33,109 autoreload Watching for file changes with StatReloader
INFO 2025-12-09 11:31:47,874 basehttp "GET /narrator/9/analysis/ HTTP/1.1" 200 45026
INFO 2025-12-09 11:31:48,039 basehttp "GET /narrator/9/network/ HTTP/1.1" 200 1992
INFO 2025-12-09 11:31:58,974 basehttp "GET /narrator/9/teachers/add/ HTTP/1.1" 200 42316
INFO 2025-12-09 11:32:06,208 basehttp "POST /narrator/9/teachers/17/remove/ HTTP/1.1" 302 0
INFO 2025-12-09 11:32:06,312 basehttp "GET /narrator/9/teachers/add/ HTTP/1.1" 200 41804
INFO 2025-12-09 11:32:10,320 basehttp "POST /narrator/9/teachers/18/remove/ HTTP/1.1" 302 0
INFO 2025-12-09 11:32:10,489 basehttp "GET /narrator/9/teachers/add/ HTTP/1.1" 200 40548
INFO 2025-12-09 11:32:14,022 basehttp "POST /narrator/9/teachers/16/remove/ HTTP/1.1" 302 0
INFO 2025-12-09 11:32:14,102 basehttp "GET /narrator/9/teachers/add/ HTTP/1.1" 200 39281
INFO 2025-12-09 11:32:21,224 basehttp "POST /narrator/9/teachers/15/remove/ HTTP/1.1" 302 0
INFO 2025-12-09 11:32:21,282 basehttp "GET /narrator/9/teachers/add/ HTTP/1.1" 200 38038
INFO 2025-12-09 11:32:24,940 basehttp "GET /narrator/9/analysis/ HTTP/1.1" 200 45026
INFO 2025-12-09 11:32:25,111 basehttp "GET /narrator/9/network/ HTTP/1.1" 200 1015
INFO 2025-12-09 11:33:34,406 autoreload D:\sanad-system\sanad_system\hadith_app\views\narrator_analysis_views.py changed, reloading.
INFO 2025-12-09 11:33:37,214 autoreload Watching for file changes with StatReloader
